"Statistic Label","Year","Gross Vehicle Weight","Fuel Type","Type of Carriage","Licensing Authority","UNIT","VALUE"
"Goods vehicles","2023","All vehicle weights","Diesel","Main use (own account and hire or reward)","Co. Clare","Number","9771"
"Goods vehicles","2023","All vehicle weights","Diesel","Main use (own account and hire or reward)","Co. Cork","Number","45939"
"Goods vehicles","2023","All vehicle weights","Diesel","Main use (own account and hire or reward)","Co. Cavan","Number","9357"
"Goods vehicles","2023","All vehicle weights","Diesel","Main use (own account and hire or reward)","Co. Carlow","Number","6493"
"Goods vehicles","2023","All vehicle weights","Diesel","Main use (own account and hire or reward)","Co. Donegal","Number","16832"
"Goods vehicles","2023","All vehicle weights","Diesel","Main use (own account and hire or reward)","Co. Dublin","Number","84528"
"Goods vehicles","2023","All vehicle weights","Diesel","Main use (own account and hire or reward)","Co. Galway","Number","21847"
"Goods vehicles","2023","All vehicle weights","Diesel","Main use (own account and hire or reward)","Co. Kildare","Number","19335"
"Goods vehicles","2023","All vehicle weights","Diesel","Main use (own account and hire or reward)","Co. Kilkenny","Number","9279"
"Goods vehicles","2023","All vehicle weights","Diesel","Main use (own account and hire or reward)","Co. Kerry","Number","13285"
"Goods vehicles","2023","All vehicle weights","Diesel","Main use (own account and hire or reward)","Co. Longford","Number","4445"
"Goods vehicles","2023","All vehicle weights","Diesel","Main use (own account and hire or reward)","Co. Louth","Number","8728"
"Goods vehicles","2023","All vehicle weights","Diesel","Main use (own account and hire or reward)","Co. Limerick","Number","14987"
"Goods vehicles","2023","All vehicle weights","Diesel","Main use (own account and hire or reward)","Co. Leitrim","Number","3830"
"Goods vehicles","2023","All vehicle weights","Diesel","Main use (own account and hire or reward)","Co. Laois","Number","6904"
"Goods vehicles","2023","All vehicle weights","Diesel","Main use (own account and hire or reward)","Co. Meath","Number","17503"
"Goods vehicles","2023","All vehicle weights","Diesel","Main use (own account and hire or reward)","Co. Monaghan","Number","8901"
"Goods vehicles","2023","All vehicle weights","Diesel","Main use (own account and hire or reward)","Co. Mayo","Number","13972"
"Goods vehicles","2023","All vehicle weights","Diesel","Main use (own account and hire or reward)","Co. Offaly","Number","7147"
"Goods vehicles","2023","All vehicle weights","Diesel","Main use (own account and hire or reward)","Co. Roscommon","Number","6726"
"Goods vehicles","2023","All vehicle weights","Diesel","Main use (own account and hire or reward)","Co. Sligo","Number","6604"
"Goods vehicles","2023","All vehicle weights","Diesel","Main use (own account and hire or reward)","Co. Tipperary","Number","15575"
"Goods vehicles","2023","All vehicle weights","Diesel","Main use (own account and hire or reward)","Co. Waterford","Number","8328"
"Goods vehicles","2023","All vehicle weights","Diesel","Main use (own account and hire or reward)","Co. Wicklow","Number","10621"
"Goods vehicles","2023","All vehicle weights","Diesel","Main use (own account and hire or reward)","Co. Westmeath","Number","8776"
"Goods vehicles","2023","All vehicle weights","Diesel","Main use (own account and hire or reward)","Co. Wexford","Number","15388"
"Goods vehicles","2023","All vehicle weights","Diesel","Main use (own account and hire or reward)","Ireland","Number","395101"
"Goods vehicles","2023","All vehicle weights","Diesel","Hire or reward","Co. Clare","Number","698"
"Goods vehicles","2023","All vehicle weights","Diesel","Hire or reward","Co. Cork","Number","2501"
"Goods vehicles","2023","All vehicle weights","Diesel","Hire or reward","Co. Cavan","Number","503"
"Goods vehicles","2023","All vehicle weights","Diesel","Hire or reward","Co. Carlow","Number","243"
"Goods vehicles","2023","All vehicle weights","Diesel","Hire or reward","Co. Donegal","Number","672"
"Goods vehicles","2023","All vehicle weights","Diesel","Hire or reward","Co. Dublin","Number","5828"
"Goods vehicles","2023","All vehicle weights","Diesel","Hire or reward","Co. Galway","Number","749"
"Goods vehicles","2023","All vehicle weights","Diesel","Hire or reward","Co. Kildare","Number","829"
"Goods vehicles","2023","All vehicle weights","Diesel","Hire or reward","Co. Kilkenny","Number","353"
"Goods vehicles","2023","All vehicle weights","Diesel","Hire or reward","Co. Kerry","Number","427"
"Goods vehicles","2023","All vehicle weights","Diesel","Hire or reward","Co. Longford","Number","148"
"Goods vehicles","2023","All vehicle weights","Diesel","Hire or reward","Co. Louth","Number","416"
"Goods vehicles","2023","All vehicle weights","Diesel","Hire or reward","Co. Limerick","Number","641"
"Goods vehicles","2023","All vehicle weights","Diesel","Hire or reward","Co. Leitrim","Number","151"
"Goods vehicles","2023","All vehicle weights","Diesel","Hire or reward","Co. Laois","Number","325"
"Goods vehicles","2023","All vehicle weights","Diesel","Hire or reward","Co. Meath","Number","834"
"Goods vehicles","2023","All vehicle weights","Diesel","Hire or reward","Co. Monaghan","Number","214"
"Goods vehicles","2023","All vehicle weights","Diesel","Hire or reward","Co. Mayo","Number","391"
"Goods vehicles","2023","All vehicle weights","Diesel","Hire or reward","Co. Offaly","Number","360"
"Goods vehicles","2023","All vehicle weights","Diesel","Hire or reward","Co. Roscommon","Number","294"
"Goods vehicles","2023","All vehicle weights","Diesel","Hire or reward","Co. Sligo","Number","219"
"Goods vehicles","2023","All vehicle weights","Diesel","Hire or reward","Co. Tipperary","Number","695"
"Goods vehicles","2023","All vehicle weights","Diesel","Hire or reward","Co. Waterford","Number","201"
"Goods vehicles","2023","All vehicle weights","Diesel","Hire or reward","Co. Wicklow","Number","490"
"Goods vehicles","2023","All vehicle weights","Diesel","Hire or reward","Co. Westmeath","Number","468"
"Goods vehicles","2023","All vehicle weights","Diesel","Hire or reward","Co. Wexford","Number","1246"
"Goods vehicles","2023","All vehicle weights","Diesel","Hire or reward","Ireland","Number","19896"
"Goods vehicles","2023","All vehicle weights","Diesel","Own account","Co. Clare","Number","9073"
"Goods vehicles","2023","All vehicle weights","Diesel","Own account","Co. Cork","Number","43438"
"Goods vehicles","2023","All vehicle weights","Diesel","Own account","Co. Cavan","Number","8854"
"Goods vehicles","2023","All vehicle weights","Diesel","Own account","Co. Carlow","Number","6250"
"Goods vehicles","2023","All vehicle weights","Diesel","Own account","Co. Donegal","Number","16160"
"Goods vehicles","2023","All vehicle weights","Diesel","Own account","Co. Dublin","Number","78700"
"Goods vehicles","2023","All vehicle weights","Diesel","Own account","Co. Galway","Number","21098"
"Goods vehicles","2023","All vehicle weights","Diesel","Own account","Co. Kildare","Number","18506"
"Goods vehicles","2023","All vehicle weights","Diesel","Own account","Co. Kilkenny","Number","8926"
"Goods vehicles","2023","All vehicle weights","Diesel","Own account","Co. Kerry","Number","12858"
"Goods vehicles","2023","All vehicle weights","Diesel","Own account","Co. Longford","Number","4297"
"Goods vehicles","2023","All vehicle weights","Diesel","Own account","Co. Louth","Number","8312"
"Goods vehicles","2023","All vehicle weights","Diesel","Own account","Co. Limerick","Number","14346"
"Goods vehicles","2023","All vehicle weights","Diesel","Own account","Co. Leitrim","Number","3679"
"Goods vehicles","2023","All vehicle weights","Diesel","Own account","Co. Laois","Number","6579"
"Goods vehicles","2023","All vehicle weights","Diesel","Own account","Co. Meath","Number","16669"
"Goods vehicles","2023","All vehicle weights","Diesel","Own account","Co. Monaghan","Number","8687"
"Goods vehicles","2023","All vehicle weights","Diesel","Own account","Co. Mayo","Number","13581"
"Goods vehicles","2023","All vehicle weights","Diesel","Own account","Co. Offaly","Number","6787"
"Goods vehicles","2023","All vehicle weights","Diesel","Own account","Co. Roscommon","Number","6432"
"Goods vehicles","2023","All vehicle weights","Diesel","Own account","Co. Sligo","Number","6385"
"Goods vehicles","2023","All vehicle weights","Diesel","Own account","Co. Tipperary","Number","14880"
"Goods vehicles","2023","All vehicle weights","Diesel","Own account","Co. Waterford","Number","8127"
"Goods vehicles","2023","All vehicle weights","Diesel","Own account","Co. Wicklow","Number","10131"
"Goods vehicles","2023","All vehicle weights","Diesel","Own account","Co. Westmeath","Number","8308"
"Goods vehicles","2023","All vehicle weights","Diesel","Own account","Co. Wexford","Number","14142"
"Goods vehicles","2023","All vehicle weights","Diesel","Own account","Ireland","Number","375205"
"Goods vehicles","2023","All vehicle weights","Battery Electric Vehicles (BEV)","Main use (own account and hire or reward)","Co. Clare","Number","10"
"Goods vehicles","2023","All vehicle weights","Battery Electric Vehicles (BEV)","Main use (own account and hire or reward)","Co. Cork","Number","209"
"Goods vehicles","2023","All vehicle weights","Battery Electric Vehicles (BEV)","Main use (own account and hire or reward)","Co. Cavan","Number","18"
"Goods vehicles","2023","All vehicle weights","Battery Electric Vehicles (BEV)","Main use (own account and hire or reward)","Co. Carlow","Number","7"
"Goods vehicles","2023","All vehicle weights","Battery Electric Vehicles (BEV)","Main use (own account and hire or reward)","Co. Donegal","Number","13"
"Goods vehicles","2023","All vehicle weights","Battery Electric Vehicles (BEV)","Main use (own account and hire or reward)","Co. Dublin","Number","2245"
"Goods vehicles","2023","All vehicle weights","Battery Electric Vehicles (BEV)","Main use (own account and hire or reward)","Co. Galway","Number","39"
"Goods vehicles","2023","All vehicle weights","Battery Electric Vehicles (BEV)","Main use (own account and hire or reward)","Co. Kildare","Number","36"
"Goods vehicles","2023","All vehicle weights","Battery Electric Vehicles (BEV)","Main use (own account and hire or reward)","Co. Kilkenny","Number","15"
"Goods vehicles","2023","All vehicle weights","Battery Electric Vehicles (BEV)","Main use (own account and hire or reward)","Co. Kerry","Number","12"
"Goods vehicles","2023","All vehicle weights","Battery Electric Vehicles (BEV)","Main use (own account and hire or reward)","Co. Longford","Number","0"
"Goods vehicles","2023","All vehicle weights","Battery Electric Vehicles (BEV)","Main use (own account and hire or reward)","Co. Louth","Number","20"
"Goods vehicles","2023","All vehicle weights","Battery Electric Vehicles (BEV)","Main use (own account and hire or reward)","Co. Limerick","Number","33"
"Goods vehicles","2023","All vehicle weights","Battery Electric Vehicles (BEV)","Main use (own account and hire or reward)","Co. Leitrim","Number","4"
"Goods vehicles","2023","All vehicle weights","Battery Electric Vehicles (BEV)","Main use (own account and hire or reward)","Co. Laois","Number","8"
"Goods vehicles","2023","All vehicle weights","Battery Electric Vehicles (BEV)","Main use (own account and hire or reward)","Co. Meath","Number","10"
"Goods vehicles","2023","All vehicle weights","Battery Electric Vehicles (BEV)","Main use (own account and hire or reward)","Co. Monaghan","Number","3"
"Goods vehicles","2023","All vehicle weights","Battery Electric Vehicles (BEV)","Main use (own account and hire or reward)","Co. Mayo","Number","10"
"Goods vehicles","2023","All vehicle weights","Battery Electric Vehicles (BEV)","Main use (own account and hire or reward)","Co. Offaly","Number","10"
"Goods vehicles","2023","All vehicle weights","Battery Electric Vehicles (BEV)","Main use (own account and hire or reward)","Co. Roscommon","Number","5"
"Goods vehicles","2023","All vehicle weights","Battery Electric Vehicles (BEV)","Main use (own account and hire or reward)","Co. Sligo","Number","7"
"Goods vehicles","2023","All vehicle weights","Battery Electric Vehicles (BEV)","Main use (own account and hire or reward)","Co. Tipperary","Number","12"
"Goods vehicles","2023","All vehicle weights","Battery Electric Vehicles (BEV)","Main use (own account and hire or reward)","Co. Waterford","Number","30"
"Goods vehicles","2023","All vehicle weights","Battery Electric Vehicles (BEV)","Main use (own account and hire or reward)","Co. Wicklow","Number","16"
"Goods vehicles","2023","All vehicle weights","Battery Electric Vehicles (BEV)","Main use (own account and hire or reward)","Co. Westmeath","Number","24"
"Goods vehicles","2023","All vehicle weights","Battery Electric Vehicles (BEV)","Main use (own account and hire or reward)","Co. Wexford","Number","25"
"Goods vehicles","2023","All vehicle weights","Battery Electric Vehicles (BEV)","Main use (own account and hire or reward)","Ireland","Number","2821"
"Goods vehicles","2023","All vehicle weights","Battery Electric Vehicles (BEV)","Hire or reward","Co. Clare","Number","1"
"Goods vehicles","2023","All vehicle weights","Battery Electric Vehicles (BEV)","Hire or reward","Co. Cork","Number","8"
"Goods vehicles","2023","All vehicle weights","Battery Electric Vehicles (BEV)","Hire or reward","Co. Cavan","Number","0"
"Goods vehicles","2023","All vehicle weights","Battery Electric Vehicles (BEV)","Hire or reward","Co. Carlow","Number","0"
"Goods vehicles","2023","All vehicle weights","Battery Electric Vehicles (BEV)","Hire or reward","Co. Donegal","Number","0"
"Goods vehicles","2023","All vehicle weights","Battery Electric Vehicles (BEV)","Hire or reward","Co. Dublin","Number","204"
"Goods vehicles","2023","All vehicle weights","Battery Electric Vehicles (BEV)","Hire or reward","Co. Galway","Number","1"
"Goods vehicles","2023","All vehicle weights","Battery Electric Vehicles (BEV)","Hire or reward","Co. Kildare","Number","0"
"Goods vehicles","2023","All vehicle weights","Battery Electric Vehicles (BEV)","Hire or reward","Co. Kilkenny","Number","0"
"Goods vehicles","2023","All vehicle weights","Battery Electric Vehicles (BEV)","Hire or reward","Co. Kerry","Number","0"
"Goods vehicles","2023","All vehicle weights","Battery Electric Vehicles (BEV)","Hire or reward","Co. Longford","Number","0"
"Goods vehicles","2023","All vehicle weights","Battery Electric Vehicles (BEV)","Hire or reward","Co. Louth","Number","3"
"Goods vehicles","2023","All vehicle weights","Battery Electric Vehicles (BEV)","Hire or reward","Co. Limerick","Number","0"
"Goods vehicles","2023","All vehicle weights","Battery Electric Vehicles (BEV)","Hire or reward","Co. Leitrim","Number","0"
"Goods vehicles","2023","All vehicle weights","Battery Electric Vehicles (BEV)","Hire or reward","Co. Laois","Number","0"
"Goods vehicles","2023","All vehicle weights","Battery Electric Vehicles (BEV)","Hire or reward","Co. Meath","Number","0"
"Goods vehicles","2023","All vehicle weights","Battery Electric Vehicles (BEV)","Hire or reward","Co. Monaghan","Number","0"
"Goods vehicles","2023","All vehicle weights","Battery Electric Vehicles (BEV)","Hire or reward","Co. Mayo","Number","0"
"Goods vehicles","2023","All vehicle weights","Battery Electric Vehicles (BEV)","Hire or reward","Co. Offaly","Number","0"
"Goods vehicles","2023","All vehicle weights","Battery Electric Vehicles (BEV)","Hire or reward","Co. Roscommon","Number","0"
"Goods vehicles","2023","All vehicle weights","Battery Electric Vehicles (BEV)","Hire or reward","Co. Sligo","Number","1"
"Goods vehicles","2023","All vehicle weights","Battery Electric Vehicles (BEV)","Hire or reward","Co. Tipperary","Number","0"
"Goods vehicles","2023","All vehicle weights","Battery Electric Vehicles (BEV)","Hire or reward","Co. Waterford","Number","0"
"Goods vehicles","2023","All vehicle weights","Battery Electric Vehicles (BEV)","Hire or reward","Co. Wicklow","Number","0"
"Goods vehicles","2023","All vehicle weights","Battery Electric Vehicles (BEV)","Hire or reward","Co. Westmeath","Number","0"
"Goods vehicles","2023","All vehicle weights","Battery Electric Vehicles (BEV)","Hire or reward","Co. Wexford","Number","2"
"Goods vehicles","2023","All vehicle weights","Battery Electric Vehicles (BEV)","Hire or reward","Ireland","Number","220"
"Goods vehicles","2023","All vehicle weights","Battery Electric Vehicles (BEV)","Own account","Co. Clare","Number","9"
"Goods vehicles","2023","All vehicle weights","Battery Electric Vehicles (BEV)","Own account","Co. Cork","Number","201"
"Goods vehicles","2023","All vehicle weights","Battery Electric Vehicles (BEV)","Own account","Co. Cavan","Number","18"
"Goods vehicles","2023","All vehicle weights","Battery Electric Vehicles (BEV)","Own account","Co. Carlow","Number","7"
"Goods vehicles","2023","All vehicle weights","Battery Electric Vehicles (BEV)","Own account","Co. Donegal","Number","13"
"Goods vehicles","2023","All vehicle weights","Battery Electric Vehicles (BEV)","Own account","Co. Dublin","Number","2041"
"Goods vehicles","2023","All vehicle weights","Battery Electric Vehicles (BEV)","Own account","Co. Galway","Number","38"
"Goods vehicles","2023","All vehicle weights","Battery Electric Vehicles (BEV)","Own account","Co. Kildare","Number","36"
"Goods vehicles","2023","All vehicle weights","Battery Electric Vehicles (BEV)","Own account","Co. Kilkenny","Number","15"
"Goods vehicles","2023","All vehicle weights","Battery Electric Vehicles (BEV)","Own account","Co. Kerry","Number","12"
"Goods vehicles","2023","All vehicle weights","Battery Electric Vehicles (BEV)","Own account","Co. Longford","Number","0"
"Goods vehicles","2023","All vehicle weights","Battery Electric Vehicles (BEV)","Own account","Co. Louth","Number","17"
"Goods vehicles","2023","All vehicle weights","Battery Electric Vehicles (BEV)","Own account","Co. Limerick","Number","33"
"Goods vehicles","2023","All vehicle weights","Battery Electric Vehicles (BEV)","Own account","Co. Leitrim","Number","4"
"Goods vehicles","2023","All vehicle weights","Battery Electric Vehicles (BEV)","Own account","Co. Laois","Number","8"
"Goods vehicles","2023","All vehicle weights","Battery Electric Vehicles (BEV)","Own account","Co. Meath","Number","10"
"Goods vehicles","2023","All vehicle weights","Battery Electric Vehicles (BEV)","Own account","Co. Monaghan","Number","3"
"Goods vehicles","2023","All vehicle weights","Battery Electric Vehicles (BEV)","Own account","Co. Mayo","Number","10"
"Goods vehicles","2023","All vehicle weights","Battery Electric Vehicles (BEV)","Own account","Co. Offaly","Number","10"
"Goods vehicles","2023","All vehicle weights","Battery Electric Vehicles (BEV)","Own account","Co. Roscommon","Number","5"
"Goods vehicles","2023","All vehicle weights","Battery Electric Vehicles (BEV)","Own account","Co. Sligo","Number","6"
"Goods vehicles","2023","All vehicle weights","Battery Electric Vehicles (BEV)","Own account","Co. Tipperary","Number","12"
"Goods vehicles","2023","All vehicle weights","Battery Electric Vehicles (BEV)","Own account","Co. Waterford","Number","30"
"Goods vehicles","2023","All vehicle weights","Battery Electric Vehicles (BEV)","Own account","Co. Wicklow","Number","16"
"Goods vehicles","2023","All vehicle weights","Battery Electric Vehicles (BEV)","Own account","Co. Westmeath","Number","24"
"Goods vehicles","2023","All vehicle weights","Battery Electric Vehicles (BEV)","Own account","Co. Wexford","Number","23"
"Goods vehicles","2023","All vehicle weights","Battery Electric Vehicles (BEV)","Own account","Ireland","Number","2601"
"Goods vehicles","2023","All vehicle weights","Plug-in hybrid electric vehicles (PHEV)","Main use (own account and hire or reward)","Co. Clare","Number","6"
"Goods vehicles","2023","All vehicle weights","Plug-in hybrid electric vehicles (PHEV)","Main use (own account and hire or reward)","Co. Cork","Number","47"
"Goods vehicles","2023","All vehicle weights","Plug-in hybrid electric vehicles (PHEV)","Main use (own account and hire or reward)","Co. Cavan","Number","10"
"Goods vehicles","2023","All vehicle weights","Plug-in hybrid electric vehicles (PHEV)","Main use (own account and hire or reward)","Co. Carlow","Number","6"
"Goods vehicles","2023","All vehicle weights","Plug-in hybrid electric vehicles (PHEV)","Main use (own account and hire or reward)","Co. Donegal","Number","5"
"Goods vehicles","2023","All vehicle weights","Plug-in hybrid electric vehicles (PHEV)","Main use (own account and hire or reward)","Co. Dublin","Number","176"
"Goods vehicles","2023","All vehicle weights","Plug-in hybrid electric vehicles (PHEV)","Main use (own account and hire or reward)","Co. Galway","Number","59"
"Goods vehicles","2023","All vehicle weights","Plug-in hybrid electric vehicles (PHEV)","Main use (own account and hire or reward)","Co. Kildare","Number","110"
"Goods vehicles","2023","All vehicle weights","Plug-in hybrid electric vehicles (PHEV)","Main use (own account and hire or reward)","Co. Kilkenny","Number","7"
"Goods vehicles","2023","All vehicle weights","Plug-in hybrid electric vehicles (PHEV)","Main use (own account and hire or reward)","Co. Kerry","Number","4"
"Goods vehicles","2023","All vehicle weights","Plug-in hybrid electric vehicles (PHEV)","Main use (own account and hire or reward)","Co. Longford","Number","5"
"Goods vehicles","2023","All vehicle weights","Plug-in hybrid electric vehicles (PHEV)","Main use (own account and hire or reward)","Co. Louth","Number","15"
"Goods vehicles","2023","All vehicle weights","Plug-in hybrid electric vehicles (PHEV)","Main use (own account and hire or reward)","Co. Limerick","Number","10"
"Goods vehicles","2023","All vehicle weights","Plug-in hybrid electric vehicles (PHEV)","Main use (own account and hire or reward)","Co. Leitrim","Number","1"
"Goods vehicles","2023","All vehicle weights","Plug-in hybrid electric vehicles (PHEV)","Main use (own account and hire or reward)","Co. Laois","Number","7"
"Goods vehicles","2023","All vehicle weights","Plug-in hybrid electric vehicles (PHEV)","Main use (own account and hire or reward)","Co. Meath","Number","22"
"Goods vehicles","2023","All vehicle weights","Plug-in hybrid electric vehicles (PHEV)","Main use (own account and hire or reward)","Co. Monaghan","Number","6"
"Goods vehicles","2023","All vehicle weights","Plug-in hybrid electric vehicles (PHEV)","Main use (own account and hire or reward)","Co. Mayo","Number","7"
"Goods vehicles","2023","All vehicle weights","Plug-in hybrid electric vehicles (PHEV)","Main use (own account and hire or reward)","Co. Offaly","Number","1"
"Goods vehicles","2023","All vehicle weights","Plug-in hybrid electric vehicles (PHEV)","Main use (own account and hire or reward)","Co. Roscommon","Number","3"
"Goods vehicles","2023","All vehicle weights","Plug-in hybrid electric vehicles (PHEV)","Main use (own account and hire or reward)","Co. Sligo","Number","2"
"Goods vehicles","2023","All vehicle weights","Plug-in hybrid electric vehicles (PHEV)","Main use (own account and hire or reward)","Co. Tipperary","Number","15"
"Goods vehicles","2023","All vehicle weights","Plug-in hybrid electric vehicles (PHEV)","Main use (own account and hire or reward)","Co. Waterford","Number","3"
"Goods vehicles","2023","All vehicle weights","Plug-in hybrid electric vehicles (PHEV)","Main use (own account and hire or reward)","Co. Wicklow","Number","110"
"Goods vehicles","2023","All vehicle weights","Plug-in hybrid electric vehicles (PHEV)","Main use (own account and hire or reward)","Co. Westmeath","Number","17"
"Goods vehicles","2023","All vehicle weights","Plug-in hybrid electric vehicles (PHEV)","Main use (own account and hire or reward)","Co. Wexford","Number","21"
"Goods vehicles","2023","All vehicle weights","Plug-in hybrid electric vehicles (PHEV)","Main use (own account and hire or reward)","Ireland","Number","675"
"Goods vehicles","2023","All vehicle weights","Plug-in hybrid electric vehicles (PHEV)","Hire or reward","Co. Clare","Number","0"
"Goods vehicles","2023","All vehicle weights","Plug-in hybrid electric vehicles (PHEV)","Hire or reward","Co. Cork","Number","3"
"Goods vehicles","2023","All vehicle weights","Plug-in hybrid electric vehicles (PHEV)","Hire or reward","Co. Cavan","Number","1"
"Goods vehicles","2023","All vehicle weights","Plug-in hybrid electric vehicles (PHEV)","Hire or reward","Co. Carlow","Number","0"
"Goods vehicles","2023","All vehicle weights","Plug-in hybrid electric vehicles (PHEV)","Hire or reward","Co. Donegal","Number","0"
"Goods vehicles","2023","All vehicle weights","Plug-in hybrid electric vehicles (PHEV)","Hire or reward","Co. Dublin","Number","6"
"Goods vehicles","2023","All vehicle weights","Plug-in hybrid electric vehicles (PHEV)","Hire or reward","Co. Galway","Number","2"
"Goods vehicles","2023","All vehicle weights","Plug-in hybrid electric vehicles (PHEV)","Hire or reward","Co. Kildare","Number","3"
"Goods vehicles","2023","All vehicle weights","Plug-in hybrid electric vehicles (PHEV)","Hire or reward","Co. Kilkenny","Number","0"
"Goods vehicles","2023","All vehicle weights","Plug-in hybrid electric vehicles (PHEV)","Hire or reward","Co. Kerry","Number","0"
"Goods vehicles","2023","All vehicle weights","Plug-in hybrid electric vehicles (PHEV)","Hire or reward","Co. Longford","Number","0"
"Goods vehicles","2023","All vehicle weights","Plug-in hybrid electric vehicles (PHEV)","Hire or reward","Co. Louth","Number","1"
"Goods vehicles","2023","All vehicle weights","Plug-in hybrid electric vehicles (PHEV)","Hire or reward","Co. Limerick","Number","0"
"Goods vehicles","2023","All vehicle weights","Plug-in hybrid electric vehicles (PHEV)","Hire or reward","Co. Leitrim","Number","0"
"Goods vehicles","2023","All vehicle weights","Plug-in hybrid electric vehicles (PHEV)","Hire or reward","Co. Laois","Number","0"
"Goods vehicles","2023","All vehicle weights","Plug-in hybrid electric vehicles (PHEV)","Hire or reward","Co. Meath","Number","1"
"Goods vehicles","2023","All vehicle weights","Plug-in hybrid electric vehicles (PHEV)","Hire or reward","Co. Monaghan","Number","0"
"Goods vehicles","2023","All vehicle weights","Plug-in hybrid electric vehicles (PHEV)","Hire or reward","Co. Mayo","Number","1"
"Goods vehicles","2023","All vehicle weights","Plug-in hybrid electric vehicles (PHEV)","Hire or reward","Co. Offaly","Number","0"
"Goods vehicles","2023","All vehicle weights","Plug-in hybrid electric vehicles (PHEV)","Hire or reward","Co. Roscommon","Number","0"
"Goods vehicles","2023","All vehicle weights","Plug-in hybrid electric vehicles (PHEV)","Hire or reward","Co. Sligo","Number","0"
"Goods vehicles","2023","All vehicle weights","Plug-in hybrid electric vehicles (PHEV)","Hire or reward","Co. Tipperary","Number","0"
"Goods vehicles","2023","All vehicle weights","Plug-in hybrid electric vehicles (PHEV)","Hire or reward","Co. Waterford","Number","0"
"Goods vehicles","2023","All vehicle weights","Plug-in hybrid electric vehicles (PHEV)","Hire or reward","Co. Wicklow","Number","0"
"Goods vehicles","2023","All vehicle weights","Plug-in hybrid electric vehicles (PHEV)","Hire or reward","Co. Westmeath","Number","1"
"Goods vehicles","2023","All vehicle weights","Plug-in hybrid electric vehicles (PHEV)","Hire or reward","Co. Wexford","Number","1"
"Goods vehicles","2023","All vehicle weights","Plug-in hybrid electric vehicles (PHEV)","Hire or reward","Ireland","Number","20"
"Goods vehicles","2023","All vehicle weights","Plug-in hybrid electric vehicles (PHEV)","Own account","Co. Clare","Number","6"
"Goods vehicles","2023","All vehicle weights","Plug-in hybrid electric vehicles (PHEV)","Own account","Co. Cork","Number","44"
"Goods vehicles","2023","All vehicle weights","Plug-in hybrid electric vehicles (PHEV)","Own account","Co. Cavan","Number","9"
"Goods vehicles","2023","All vehicle weights","Plug-in hybrid electric vehicles (PHEV)","Own account","Co. Carlow","Number","6"
"Goods vehicles","2023","All vehicle weights","Plug-in hybrid electric vehicles (PHEV)","Own account","Co. Donegal","Number","5"
"Goods vehicles","2023","All vehicle weights","Plug-in hybrid electric vehicles (PHEV)","Own account","Co. Dublin","Number","170"
"Goods vehicles","2023","All vehicle weights","Plug-in hybrid electric vehicles (PHEV)","Own account","Co. Galway","Number","57"
"Goods vehicles","2023","All vehicle weights","Plug-in hybrid electric vehicles (PHEV)","Own account","Co. Kildare","Number","107"
"Goods vehicles","2023","All vehicle weights","Plug-in hybrid electric vehicles (PHEV)","Own account","Co. Kilkenny","Number","7"
"Goods vehicles","2023","All vehicle weights","Plug-in hybrid electric vehicles (PHEV)","Own account","Co. Kerry","Number","4"
"Goods vehicles","2023","All vehicle weights","Plug-in hybrid electric vehicles (PHEV)","Own account","Co. Longford","Number","5"
"Goods vehicles","2023","All vehicle weights","Plug-in hybrid electric vehicles (PHEV)","Own account","Co. Louth","Number","14"
"Goods vehicles","2023","All vehicle weights","Plug-in hybrid electric vehicles (PHEV)","Own account","Co. Limerick","Number","10"
"Goods vehicles","2023","All vehicle weights","Plug-in hybrid electric vehicles (PHEV)","Own account","Co. Leitrim","Number","1"
"Goods vehicles","2023","All vehicle weights","Plug-in hybrid electric vehicles (PHEV)","Own account","Co. Laois","Number","7"
"Goods vehicles","2023","All vehicle weights","Plug-in hybrid electric vehicles (PHEV)","Own account","Co. Meath","Number","21"
"Goods vehicles","2023","All vehicle weights","Plug-in hybrid electric vehicles (PHEV)","Own account","Co. Monaghan","Number","6"
"Goods vehicles","2023","All vehicle weights","Plug-in hybrid electric vehicles (PHEV)","Own account","Co. Mayo","Number","6"
"Goods vehicles","2023","All vehicle weights","Plug-in hybrid electric vehicles (PHEV)","Own account","Co. Offaly","Number","1"
"Goods vehicles","2023","All vehicle weights","Plug-in hybrid electric vehicles (PHEV)","Own account","Co. Roscommon","Number","3"
"Goods vehicles","2023","All vehicle weights","Plug-in hybrid electric vehicles (PHEV)","Own account","Co. Sligo","Number","2"
"Goods vehicles","2023","All vehicle weights","Plug-in hybrid electric vehicles (PHEV)","Own account","Co. Tipperary","Number","15"
"Goods vehicles","2023","All vehicle weights","Plug-in hybrid electric vehicles (PHEV)","Own account","Co. Waterford","Number","3"
"Goods vehicles","2023","All vehicle weights","Plug-in hybrid electric vehicles (PHEV)","Own account","Co. Wicklow","Number","110"
"Goods vehicles","2023","All vehicle weights","Plug-in hybrid electric vehicles (PHEV)","Own account","Co. Westmeath","Number","16"
"Goods vehicles","2023","All vehicle weights","Plug-in hybrid electric vehicles (PHEV)","Own account","Co. Wexford","Number","20"
"Goods vehicles","2023","All vehicle weights","Plug-in hybrid electric vehicles (PHEV)","Own account","Ireland","Number","655"
"Goods vehicles","2023","All vehicle weights","Other fuel types","Main use (own account and hire or reward)","Co. Clare","Number","26"
"Goods vehicles","2023","All vehicle weights","Other fuel types","Main use (own account and hire or reward)","Co. Cork","Number","225"
"Goods vehicles","2023","All vehicle weights","Other fuel types","Main use (own account and hire or reward)","Co. Cavan","Number","36"
"Goods vehicles","2023","All vehicle weights","Other fuel types","Main use (own account and hire or reward)","Co. Carlow","Number","22"
"Goods vehicles","2023","All vehicle weights","Other fuel types","Main use (own account and hire or reward)","Co. Donegal","Number","44"
"Goods vehicles","2023","All vehicle weights","Other fuel types","Main use (own account and hire or reward)","Co. Dublin","Number","556"
"Goods vehicles","2023","All vehicle weights","Other fuel types","Main use (own account and hire or reward)","Co. Galway","Number","76"
"Goods vehicles","2023","All vehicle weights","Other fuel types","Main use (own account and hire or reward)","Co. Kildare","Number","118"
"Goods vehicles","2023","All vehicle weights","Other fuel types","Main use (own account and hire or reward)","Co. Kilkenny","Number","23"
"Goods vehicles","2023","All vehicle weights","Other fuel types","Main use (own account and hire or reward)","Co. Kerry","Number","39"
"Goods vehicles","2023","All vehicle weights","Other fuel types","Main use (own account and hire or reward)","Co. Longford","Number","10"
"Goods vehicles","2023","All vehicle weights","Other fuel types","Main use (own account and hire or reward)","Co. Louth","Number","25"
"Goods vehicles","2023","All vehicle weights","Other fuel types","Main use (own account and hire or reward)","Co. Limerick","Number","49"
"Goods vehicles","2023","All vehicle weights","Other fuel types","Main use (own account and hire or reward)","Co. Leitrim","Number","6"
"Goods vehicles","2023","All vehicle weights","Other fuel types","Main use (own account and hire or reward)","Co. Laois","Number","25"
"Goods vehicles","2023","All vehicle weights","Other fuel types","Main use (own account and hire or reward)","Co. Meath","Number","54"
"Goods vehicles","2023","All vehicle weights","Other fuel types","Main use (own account and hire or reward)","Co. Monaghan","Number","32"
"Goods vehicles","2023","All vehicle weights","Other fuel types","Main use (own account and hire or reward)","Co. Mayo","Number","28"
"Goods vehicles","2023","All vehicle weights","Other fuel types","Main use (own account and hire or reward)","Co. Offaly","Number","9"
"Goods vehicles","2023","All vehicle weights","Other fuel types","Main use (own account and hire or reward)","Co. Roscommon","Number","14"
"Goods vehicles","2023","All vehicle weights","Other fuel types","Main use (own account and hire or reward)","Co. Sligo","Number","15"
"Goods vehicles","2023","All vehicle weights","Other fuel types","Main use (own account and hire or reward)","Co. Tipperary","Number","31"
"Goods vehicles","2023","All vehicle weights","Other fuel types","Main use (own account and hire or reward)","Co. Waterford","Number","32"
"Goods vehicles","2023","All vehicle weights","Other fuel types","Main use (own account and hire or reward)","Co. Wicklow","Number","71"
"Goods vehicles","2023","All vehicle weights","Other fuel types","Main use (own account and hire or reward)","Co. Westmeath","Number","26"
"Goods vehicles","2023","All vehicle weights","Other fuel types","Main use (own account and hire or reward)","Co. Wexford","Number","40"
"Goods vehicles","2023","All vehicle weights","Other fuel types","Main use (own account and hire or reward)","Ireland","Number","1632"
"Goods vehicles","2023","All vehicle weights","Other fuel types","Hire or reward","Co. Clare","Number","5"
"Goods vehicles","2023","All vehicle weights","Other fuel types","Hire or reward","Co. Cork","Number","13"
"Goods vehicles","2023","All vehicle weights","Other fuel types","Hire or reward","Co. Cavan","Number","9"
"Goods vehicles","2023","All vehicle weights","Other fuel types","Hire or reward","Co. Carlow","Number","2"
"Goods vehicles","2023","All vehicle weights","Other fuel types","Hire or reward","Co. Donegal","Number","0"
"Goods vehicles","2023","All vehicle weights","Other fuel types","Hire or reward","Co. Dublin","Number","34"
"Goods vehicles","2023","All vehicle weights","Other fuel types","Hire or reward","Co. Galway","Number","0"
"Goods vehicles","2023","All vehicle weights","Other fuel types","Hire or reward","Co. Kildare","Number","3"
"Goods vehicles","2023","All vehicle weights","Other fuel types","Hire or reward","Co. Kilkenny","Number","0"
"Goods vehicles","2023","All vehicle weights","Other fuel types","Hire or reward","Co. Kerry","Number","0"
"Goods vehicles","2023","All vehicle weights","Other fuel types","Hire or reward","Co. Longford","Number","0"
"Goods vehicles","2023","All vehicle weights","Other fuel types","Hire or reward","Co. Louth","Number","0"
"Goods vehicles","2023","All vehicle weights","Other fuel types","Hire or reward","Co. Limerick","Number","0"
"Goods vehicles","2023","All vehicle weights","Other fuel types","Hire or reward","Co. Leitrim","Number","0"
"Goods vehicles","2023","All vehicle weights","Other fuel types","Hire or reward","Co. Laois","Number","0"
"Goods vehicles","2023","All vehicle weights","Other fuel types","Hire or reward","Co. Meath","Number","2"
"Goods vehicles","2023","All vehicle weights","Other fuel types","Hire or reward","Co. Monaghan","Number","0"
"Goods vehicles","2023","All vehicle weights","Other fuel types","Hire or reward","Co. Mayo","Number","0"
"Goods vehicles","2023","All vehicle weights","Other fuel types","Hire or reward","Co. Offaly","Number","1"
"Goods vehicles","2023","All vehicle weights","Other fuel types","Hire or reward","Co. Roscommon","Number","0"
"Goods vehicles","2023","All vehicle weights","Other fuel types","Hire or reward","Co. Sligo","Number","0"
"Goods vehicles","2023","All vehicle weights","Other fuel types","Hire or reward","Co. Tipperary","Number","0"
"Goods vehicles","2023","All vehicle weights","Other fuel types","Hire or reward","Co. Waterford","Number","2"
"Goods vehicles","2023","All vehicle weights","Other fuel types","Hire or reward","Co. Wicklow","Number","0"
"Goods vehicles","2023","All vehicle weights","Other fuel types","Hire or reward","Co. Westmeath","Number","0"
"Goods vehicles","2023","All vehicle weights","Other fuel types","Hire or reward","Co. Wexford","Number","0"
"Goods vehicles","2023","All vehicle weights","Other fuel types","Hire or reward","Ireland","Number","71"
"Goods vehicles","2023","All vehicle weights","Other fuel types","Own account","Co. Clare","Number","21"
"Goods vehicles","2023","All vehicle weights","Other fuel types","Own account","Co. Cork","Number","212"
"Goods vehicles","2023","All vehicle weights","Other fuel types","Own account","Co. Cavan","Number","27"
"Goods vehicles","2023","All vehicle weights","Other fuel types","Own account","Co. Carlow","Number","20"
"Goods vehicles","2023","All vehicle weights","Other fuel types","Own account","Co. Donegal","Number","44"
"Goods vehicles","2023","All vehicle weights","Other fuel types","Own account","Co. Dublin","Number","522"
"Goods vehicles","2023","All vehicle weights","Other fuel types","Own account","Co. Galway","Number","76"
"Goods vehicles","2023","All vehicle weights","Other fuel types","Own account","Co. Kildare","Number","115"
"Goods vehicles","2023","All vehicle weights","Other fuel types","Own account","Co. Kilkenny","Number","23"
"Goods vehicles","2023","All vehicle weights","Other fuel types","Own account","Co. Kerry","Number","39"
"Goods vehicles","2023","All vehicle weights","Other fuel types","Own account","Co. Longford","Number","10"
"Goods vehicles","2023","All vehicle weights","Other fuel types","Own account","Co. Louth","Number","25"
"Goods vehicles","2023","All vehicle weights","Other fuel types","Own account","Co. Limerick","Number","49"
"Goods vehicles","2023","All vehicle weights","Other fuel types","Own account","Co. Leitrim","Number","6"
"Goods vehicles","2023","All vehicle weights","Other fuel types","Own account","Co. Laois","Number","25"
"Goods vehicles","2023","All vehicle weights","Other fuel types","Own account","Co. Meath","Number","52"
"Goods vehicles","2023","All vehicle weights","Other fuel types","Own account","Co. Monaghan","Number","32"
"Goods vehicles","2023","All vehicle weights","Other fuel types","Own account","Co. Mayo","Number","28"
"Goods vehicles","2023","All vehicle weights","Other fuel types","Own account","Co. Offaly","Number","8"
"Goods vehicles","2023","All vehicle weights","Other fuel types","Own account","Co. Roscommon","Number","14"
"Goods vehicles","2023","All vehicle weights","Other fuel types","Own account","Co. Sligo","Number","15"
"Goods vehicles","2023","All vehicle weights","Other fuel types","Own account","Co. Tipperary","Number","31"
"Goods vehicles","2023","All vehicle weights","Other fuel types","Own account","Co. Waterford","Number","30"
"Goods vehicles","2023","All vehicle weights","Other fuel types","Own account","Co. Wicklow","Number","71"
"Goods vehicles","2023","All vehicle weights","Other fuel types","Own account","Co. Westmeath","Number","26"
"Goods vehicles","2023","All vehicle weights","Other fuel types","Own account","Co. Wexford","Number","40"
"Goods vehicles","2023","All vehicle weights","Other fuel types","Own account","Ireland","Number","1561"
"Goods vehicles","2023","All vehicle weights","All fuel types","Main use (own account and hire or reward)","Co. Clare","Number","9813"
"Goods vehicles","2023","All vehicle weights","All fuel types","Main use (own account and hire or reward)","Co. Cork","Number","46420"
"Goods vehicles","2023","All vehicle weights","All fuel types","Main use (own account and hire or reward)","Co. Cavan","Number","9421"
"Goods vehicles","2023","All vehicle weights","All fuel types","Main use (own account and hire or reward)","Co. Carlow","Number","6528"
"Goods vehicles","2023","All vehicle weights","All fuel types","Main use (own account and hire or reward)","Co. Donegal","Number","16894"
"Goods vehicles","2023","All vehicle weights","All fuel types","Main use (own account and hire or reward)","Co. Dublin","Number","87505"
"Goods vehicles","2023","All vehicle weights","All fuel types","Main use (own account and hire or reward)","Co. Galway","Number","22021"
"Goods vehicles","2023","All vehicle weights","All fuel types","Main use (own account and hire or reward)","Co. Kildare","Number","19599"
"Goods vehicles","2023","All vehicle weights","All fuel types","Main use (own account and hire or reward)","Co. Kilkenny","Number","9324"
"Goods vehicles","2023","All vehicle weights","All fuel types","Main use (own account and hire or reward)","Co. Kerry","Number","13340"
"Goods vehicles","2023","All vehicle weights","All fuel types","Main use (own account and hire or reward)","Co. Longford","Number","4460"
"Goods vehicles","2023","All vehicle weights","All fuel types","Main use (own account and hire or reward)","Co. Louth","Number","8788"
"Goods vehicles","2023","All vehicle weights","All fuel types","Main use (own account and hire or reward)","Co. Limerick","Number","15079"
"Goods vehicles","2023","All vehicle weights","All fuel types","Main use (own account and hire or reward)","Co. Leitrim","Number","3841"
"Goods vehicles","2023","All vehicle weights","All fuel types","Main use (own account and hire or reward)","Co. Laois","Number","6944"
"Goods vehicles","2023","All vehicle weights","All fuel types","Main use (own account and hire or reward)","Co. Meath","Number","17589"
"Goods vehicles","2023","All vehicle weights","All fuel types","Main use (own account and hire or reward)","Co. Monaghan","Number","8942"
"Goods vehicles","2023","All vehicle weights","All fuel types","Main use (own account and hire or reward)","Co. Mayo","Number","14017"
"Goods vehicles","2023","All vehicle weights","All fuel types","Main use (own account and hire or reward)","Co. Offaly","Number","7167"
"Goods vehicles","2023","All vehicle weights","All fuel types","Main use (own account and hire or reward)","Co. Roscommon","Number","6748"
"Goods vehicles","2023","All vehicle weights","All fuel types","Main use (own account and hire or reward)","Co. Sligo","Number","6628"
"Goods vehicles","2023","All vehicle weights","All fuel types","Main use (own account and hire or reward)","Co. Tipperary","Number","15633"
"Goods vehicles","2023","All vehicle weights","All fuel types","Main use (own account and hire or reward)","Co. Waterford","Number","8393"
"Goods vehicles","2023","All vehicle weights","All fuel types","Main use (own account and hire or reward)","Co. Wicklow","Number","10818"
"Goods vehicles","2023","All vehicle weights","All fuel types","Main use (own account and hire or reward)","Co. Westmeath","Number","8843"
"Goods vehicles","2023","All vehicle weights","All fuel types","Main use (own account and hire or reward)","Co. Wexford","Number","15474"
"Goods vehicles","2023","All vehicle weights","All fuel types","Main use (own account and hire or reward)","Ireland","Number","400229"
"Goods vehicles","2023","All vehicle weights","All fuel types","Hire or reward","Co. Clare","Number","704"
"Goods vehicles","2023","All vehicle weights","All fuel types","Hire or reward","Co. Cork","Number","2525"
"Goods vehicles","2023","All vehicle weights","All fuel types","Hire or reward","Co. Cavan","Number","513"
"Goods vehicles","2023","All vehicle weights","All fuel types","Hire or reward","Co. Carlow","Number","245"
"Goods vehicles","2023","All vehicle weights","All fuel types","Hire or reward","Co. Donegal","Number","672"
"Goods vehicles","2023","All vehicle weights","All fuel types","Hire or reward","Co. Dublin","Number","6072"
"Goods vehicles","2023","All vehicle weights","All fuel types","Hire or reward","Co. Galway","Number","752"
"Goods vehicles","2023","All vehicle weights","All fuel types","Hire or reward","Co. Kildare","Number","835"
"Goods vehicles","2023","All vehicle weights","All fuel types","Hire or reward","Co. Kilkenny","Number","353"
"Goods vehicles","2023","All vehicle weights","All fuel types","Hire or reward","Co. Kerry","Number","427"
"Goods vehicles","2023","All vehicle weights","All fuel types","Hire or reward","Co. Longford","Number","148"
"Goods vehicles","2023","All vehicle weights","All fuel types","Hire or reward","Co. Louth","Number","420"
"Goods vehicles","2023","All vehicle weights","All fuel types","Hire or reward","Co. Limerick","Number","641"
"Goods vehicles","2023","All vehicle weights","All fuel types","Hire or reward","Co. Leitrim","Number","151"
"Goods vehicles","2023","All vehicle weights","All fuel types","Hire or reward","Co. Laois","Number","325"
"Goods vehicles","2023","All vehicle weights","All fuel types","Hire or reward","Co. Meath","Number","837"
"Goods vehicles","2023","All vehicle weights","All fuel types","Hire or reward","Co. Monaghan","Number","214"
"Goods vehicles","2023","All vehicle weights","All fuel types","Hire or reward","Co. Mayo","Number","392"
"Goods vehicles","2023","All vehicle weights","All fuel types","Hire or reward","Co. Offaly","Number","361"
"Goods vehicles","2023","All vehicle weights","All fuel types","Hire or reward","Co. Roscommon","Number","294"
"Goods vehicles","2023","All vehicle weights","All fuel types","Hire or reward","Co. Sligo","Number","220"
"Goods vehicles","2023","All vehicle weights","All fuel types","Hire or reward","Co. Tipperary","Number","695"
"Goods vehicles","2023","All vehicle weights","All fuel types","Hire or reward","Co. Waterford","Number","203"
"Goods vehicles","2023","All vehicle weights","All fuel types","Hire or reward","Co. Wicklow","Number","490"
"Goods vehicles","2023","All vehicle weights","All fuel types","Hire or reward","Co. Westmeath","Number","469"
"Goods vehicles","2023","All vehicle weights","All fuel types","Hire or reward","Co. Wexford","Number","1249"
"Goods vehicles","2023","All vehicle weights","All fuel types","Hire or reward","Ireland","Number","20207"
"Goods vehicles","2023","All vehicle weights","All fuel types","Own account","Co. Clare","Number","9109"
"Goods vehicles","2023","All vehicle weights","All fuel types","Own account","Co. Cork","Number","43895"
"Goods vehicles","2023","All vehicle weights","All fuel types","Own account","Co. Cavan","Number","8908"
"Goods vehicles","2023","All vehicle weights","All fuel types","Own account","Co. Carlow","Number","6283"
"Goods vehicles","2023","All vehicle weights","All fuel types","Own account","Co. Donegal","Number","16222"
"Goods vehicles","2023","All vehicle weights","All fuel types","Own account","Co. Dublin","Number","81433"
"Goods vehicles","2023","All vehicle weights","All fuel types","Own account","Co. Galway","Number","21269"
"Goods vehicles","2023","All vehicle weights","All fuel types","Own account","Co. Kildare","Number","18764"
"Goods vehicles","2023","All vehicle weights","All fuel types","Own account","Co. Kilkenny","Number","8971"
"Goods vehicles","2023","All vehicle weights","All fuel types","Own account","Co. Kerry","Number","12913"
"Goods vehicles","2023","All vehicle weights","All fuel types","Own account","Co. Longford","Number","4312"
"Goods vehicles","2023","All vehicle weights","All fuel types","Own account","Co. Louth","Number","8368"
"Goods vehicles","2023","All vehicle weights","All fuel types","Own account","Co. Limerick","Number","14438"
"Goods vehicles","2023","All vehicle weights","All fuel types","Own account","Co. Leitrim","Number","3690"
"Goods vehicles","2023","All vehicle weights","All fuel types","Own account","Co. Laois","Number","6619"
"Goods vehicles","2023","All vehicle weights","All fuel types","Own account","Co. Meath","Number","16752"
"Goods vehicles","2023","All vehicle weights","All fuel types","Own account","Co. Monaghan","Number","8728"
"Goods vehicles","2023","All vehicle weights","All fuel types","Own account","Co. Mayo","Number","13625"
"Goods vehicles","2023","All vehicle weights","All fuel types","Own account","Co. Offaly","Number","6806"
"Goods vehicles","2023","All vehicle weights","All fuel types","Own account","Co. Roscommon","Number","6454"
"Goods vehicles","2023","All vehicle weights","All fuel types","Own account","Co. Sligo","Number","6408"
"Goods vehicles","2023","All vehicle weights","All fuel types","Own account","Co. Tipperary","Number","14938"
"Goods vehicles","2023","All vehicle weights","All fuel types","Own account","Co. Waterford","Number","8190"
"Goods vehicles","2023","All vehicle weights","All fuel types","Own account","Co. Wicklow","Number","10328"
"Goods vehicles","2023","All vehicle weights","All fuel types","Own account","Co. Westmeath","Number","8374"
"Goods vehicles","2023","All vehicle weights","All fuel types","Own account","Co. Wexford","Number","14225"
"Goods vehicles","2023","All vehicle weights","All fuel types","Own account","Ireland","Number","380022"
"Goods vehicles","2023","N1 - Vehicles used for the carriage of goods and having a maximum mass not exceeding 3.5 tonnes","Diesel","Main use (own account and hire or reward)","Co. Clare","Number","8913"
"Goods vehicles","2023","N1 - Vehicles used for the carriage of goods and having a maximum mass not exceeding 3.5 tonnes","Diesel","Main use (own account and hire or reward)","Co. Cork","Number","40779"
"Goods vehicles","2023","N1 - Vehicles used for the carriage of goods and having a maximum mass not exceeding 3.5 tonnes","Diesel","Main use (own account and hire or reward)","Co. Cavan","Number","8434"
"Goods vehicles","2023","N1 - Vehicles used for the carriage of goods and having a maximum mass not exceeding 3.5 tonnes","Diesel","Main use (own account and hire or reward)","Co. Carlow","Number","5679"
"Goods vehicles","2023","N1 - Vehicles used for the carriage of goods and having a maximum mass not exceeding 3.5 tonnes","Diesel","Main use (own account and hire or reward)","Co. Donegal","Number","15497"
"Goods vehicles","2023","N1 - Vehicles used for the carriage of goods and having a maximum mass not exceeding 3.5 tonnes","Diesel","Main use (own account and hire or reward)","Co. Dublin","Number","74966"
"Goods vehicles","2023","N1 - Vehicles used for the carriage of goods and having a maximum mass not exceeding 3.5 tonnes","Diesel","Main use (own account and hire or reward)","Co. Galway","Number","19637"
"Goods vehicles","2023","N1 - Vehicles used for the carriage of goods and having a maximum mass not exceeding 3.5 tonnes","Diesel","Main use (own account and hire or reward)","Co. Kildare","Number","16972"
"Goods vehicles","2023","N1 - Vehicles used for the carriage of goods and having a maximum mass not exceeding 3.5 tonnes","Diesel","Main use (own account and hire or reward)","Co. Kilkenny","Number","7937"
"Goods vehicles","2023","N1 - Vehicles used for the carriage of goods and having a maximum mass not exceeding 3.5 tonnes","Diesel","Main use (own account and hire or reward)","Co. Kerry","Number","12069"
"Goods vehicles","2023","N1 - Vehicles used for the carriage of goods and having a maximum mass not exceeding 3.5 tonnes","Diesel","Main use (own account and hire or reward)","Co. Longford","Number","3872"
"Goods vehicles","2023","N1 - Vehicles used for the carriage of goods and having a maximum mass not exceeding 3.5 tonnes","Diesel","Main use (own account and hire or reward)","Co. Louth","Number","7683"
"Goods vehicles","2023","N1 - Vehicles used for the carriage of goods and having a maximum mass not exceeding 3.5 tonnes","Diesel","Main use (own account and hire or reward)","Co. Limerick","Number","12861"
"Goods vehicles","2023","N1 - Vehicles used for the carriage of goods and having a maximum mass not exceeding 3.5 tonnes","Diesel","Main use (own account and hire or reward)","Co. Leitrim","Number","3573"
"Goods vehicles","2023","N1 - Vehicles used for the carriage of goods and having a maximum mass not exceeding 3.5 tonnes","Diesel","Main use (own account and hire or reward)","Co. Laois","Number","5949"
"Goods vehicles","2023","N1 - Vehicles used for the carriage of goods and having a maximum mass not exceeding 3.5 tonnes","Diesel","Main use (own account and hire or reward)","Co. Meath","Number","15139"
"Goods vehicles","2023","N1 - Vehicles used for the carriage of goods and having a maximum mass not exceeding 3.5 tonnes","Diesel","Main use (own account and hire or reward)","Co. Monaghan","Number","7382"
"Goods vehicles","2023","N1 - Vehicles used for the carriage of goods and having a maximum mass not exceeding 3.5 tonnes","Diesel","Main use (own account and hire or reward)","Co. Mayo","Number","12688"
"Goods vehicles","2023","N1 - Vehicles used for the carriage of goods and having a maximum mass not exceeding 3.5 tonnes","Diesel","Main use (own account and hire or reward)","Co. Offaly","Number","6408"
"Goods vehicles","2023","N1 - Vehicles used for the carriage of goods and having a maximum mass not exceeding 3.5 tonnes","Diesel","Main use (own account and hire or reward)","Co. Roscommon","Number","6083"
"Goods vehicles","2023","N1 - Vehicles used for the carriage of goods and having a maximum mass not exceeding 3.5 tonnes","Diesel","Main use (own account and hire or reward)","Co. Sligo","Number","6018"
"Goods vehicles","2023","N1 - Vehicles used for the carriage of goods and having a maximum mass not exceeding 3.5 tonnes","Diesel","Main use (own account and hire or reward)","Co. Tipperary","Number","13704"
"Goods vehicles","2023","N1 - Vehicles used for the carriage of goods and having a maximum mass not exceeding 3.5 tonnes","Diesel","Main use (own account and hire or reward)","Co. Waterford","Number","7635"
"Goods vehicles","2023","N1 - Vehicles used for the carriage of goods and having a maximum mass not exceeding 3.5 tonnes","Diesel","Main use (own account and hire or reward)","Co. Wicklow","Number","9578"
"Goods vehicles","2023","N1 - Vehicles used for the carriage of goods and having a maximum mass not exceeding 3.5 tonnes","Diesel","Main use (own account and hire or reward)","Co. Westmeath","Number","7964"
"Goods vehicles","2023","N1 - Vehicles used for the carriage of goods and having a maximum mass not exceeding 3.5 tonnes","Diesel","Main use (own account and hire or reward)","Co. Wexford","Number","13054"
"Goods vehicles","2023","N1 - Vehicles used for the carriage of goods and having a maximum mass not exceeding 3.5 tonnes","Diesel","Main use (own account and hire or reward)","Ireland","Number","350474"
"Goods vehicles","2023","N1 - Vehicles used for the carriage of goods and having a maximum mass not exceeding 3.5 tonnes","Diesel","Hire or reward","Co. Clare","Number","160"
"Goods vehicles","2023","N1 - Vehicles used for the carriage of goods and having a maximum mass not exceeding 3.5 tonnes","Diesel","Hire or reward","Co. Cork","Number","1539"
"Goods vehicles","2023","N1 - Vehicles used for the carriage of goods and having a maximum mass not exceeding 3.5 tonnes","Diesel","Hire or reward","Co. Cavan","Number","239"
"Goods vehicles","2023","N1 - Vehicles used for the carriage of goods and having a maximum mass not exceeding 3.5 tonnes","Diesel","Hire or reward","Co. Carlow","Number","156"
"Goods vehicles","2023","N1 - Vehicles used for the carriage of goods and having a maximum mass not exceeding 3.5 tonnes","Diesel","Hire or reward","Co. Donegal","Number","242"
"Goods vehicles","2023","N1 - Vehicles used for the carriage of goods and having a maximum mass not exceeding 3.5 tonnes","Diesel","Hire or reward","Co. Dublin","Number","4655"
"Goods vehicles","2023","N1 - Vehicles used for the carriage of goods and having a maximum mass not exceeding 3.5 tonnes","Diesel","Hire or reward","Co. Galway","Number","396"
"Goods vehicles","2023","N1 - Vehicles used for the carriage of goods and having a maximum mass not exceeding 3.5 tonnes","Diesel","Hire or reward","Co. Kildare","Number","474"
"Goods vehicles","2023","N1 - Vehicles used for the carriage of goods and having a maximum mass not exceeding 3.5 tonnes","Diesel","Hire or reward","Co. Kilkenny","Number","162"
"Goods vehicles","2023","N1 - Vehicles used for the carriage of goods and having a maximum mass not exceeding 3.5 tonnes","Diesel","Hire or reward","Co. Kerry","Number","261"
"Goods vehicles","2023","N1 - Vehicles used for the carriage of goods and having a maximum mass not exceeding 3.5 tonnes","Diesel","Hire or reward","Co. Longford","Number","92"
"Goods vehicles","2023","N1 - Vehicles used for the carriage of goods and having a maximum mass not exceeding 3.5 tonnes","Diesel","Hire or reward","Co. Louth","Number","216"
"Goods vehicles","2023","N1 - Vehicles used for the carriage of goods and having a maximum mass not exceeding 3.5 tonnes","Diesel","Hire or reward","Co. Limerick","Number","331"
"Goods vehicles","2023","N1 - Vehicles used for the carriage of goods and having a maximum mass not exceeding 3.5 tonnes","Diesel","Hire or reward","Co. Leitrim","Number","75"
"Goods vehicles","2023","N1 - Vehicles used for the carriage of goods and having a maximum mass not exceeding 3.5 tonnes","Diesel","Hire or reward","Co. Laois","Number","140"
"Goods vehicles","2023","N1 - Vehicles used for the carriage of goods and having a maximum mass not exceeding 3.5 tonnes","Diesel","Hire or reward","Co. Meath","Number","375"
"Goods vehicles","2023","N1 - Vehicles used for the carriage of goods and having a maximum mass not exceeding 3.5 tonnes","Diesel","Hire or reward","Co. Monaghan","Number","102"
"Goods vehicles","2023","N1 - Vehicles used for the carriage of goods and having a maximum mass not exceeding 3.5 tonnes","Diesel","Hire or reward","Co. Mayo","Number","259"
"Goods vehicles","2023","N1 - Vehicles used for the carriage of goods and having a maximum mass not exceeding 3.5 tonnes","Diesel","Hire or reward","Co. Offaly","Number","122"
"Goods vehicles","2023","N1 - Vehicles used for the carriage of goods and having a maximum mass not exceeding 3.5 tonnes","Diesel","Hire or reward","Co. Roscommon","Number","184"
"Goods vehicles","2023","N1 - Vehicles used for the carriage of goods and having a maximum mass not exceeding 3.5 tonnes","Diesel","Hire or reward","Co. Sligo","Number","140"
"Goods vehicles","2023","N1 - Vehicles used for the carriage of goods and having a maximum mass not exceeding 3.5 tonnes","Diesel","Hire or reward","Co. Tipperary","Number","279"
"Goods vehicles","2023","N1 - Vehicles used for the carriage of goods and having a maximum mass not exceeding 3.5 tonnes","Diesel","Hire or reward","Co. Waterford","Number","155"
"Goods vehicles","2023","N1 - Vehicles used for the carriage of goods and having a maximum mass not exceeding 3.5 tonnes","Diesel","Hire or reward","Co. Wicklow","Number","316"
"Goods vehicles","2023","N1 - Vehicles used for the carriage of goods and having a maximum mass not exceeding 3.5 tonnes","Diesel","Hire or reward","Co. Westmeath","Number","186"
"Goods vehicles","2023","N1 - Vehicles used for the carriage of goods and having a maximum mass not exceeding 3.5 tonnes","Diesel","Hire or reward","Co. Wexford","Number","583"
"Goods vehicles","2023","N1 - Vehicles used for the carriage of goods and having a maximum mass not exceeding 3.5 tonnes","Diesel","Hire or reward","Ireland","Number","11839"
"Goods vehicles","2023","N1 - Vehicles used for the carriage of goods and having a maximum mass not exceeding 3.5 tonnes","Diesel","Own account","Co. Clare","Number","8753"
"Goods vehicles","2023","N1 - Vehicles used for the carriage of goods and having a maximum mass not exceeding 3.5 tonnes","Diesel","Own account","Co. Cork","Number","39240"
"Goods vehicles","2023","N1 - Vehicles used for the carriage of goods and having a maximum mass not exceeding 3.5 tonnes","Diesel","Own account","Co. Cavan","Number","8195"
"Goods vehicles","2023","N1 - Vehicles used for the carriage of goods and having a maximum mass not exceeding 3.5 tonnes","Diesel","Own account","Co. Carlow","Number","5523"
"Goods vehicles","2023","N1 - Vehicles used for the carriage of goods and having a maximum mass not exceeding 3.5 tonnes","Diesel","Own account","Co. Donegal","Number","15255"
"Goods vehicles","2023","N1 - Vehicles used for the carriage of goods and having a maximum mass not exceeding 3.5 tonnes","Diesel","Own account","Co. Dublin","Number","70311"
"Goods vehicles","2023","N1 - Vehicles used for the carriage of goods and having a maximum mass not exceeding 3.5 tonnes","Diesel","Own account","Co. Galway","Number","19241"
"Goods vehicles","2023","N1 - Vehicles used for the carriage of goods and having a maximum mass not exceeding 3.5 tonnes","Diesel","Own account","Co. Kildare","Number","16498"
"Goods vehicles","2023","N1 - Vehicles used for the carriage of goods and having a maximum mass not exceeding 3.5 tonnes","Diesel","Own account","Co. Kilkenny","Number","7775"
"Goods vehicles","2023","N1 - Vehicles used for the carriage of goods and having a maximum mass not exceeding 3.5 tonnes","Diesel","Own account","Co. Kerry","Number","11808"
"Goods vehicles","2023","N1 - Vehicles used for the carriage of goods and having a maximum mass not exceeding 3.5 tonnes","Diesel","Own account","Co. Longford","Number","3780"
"Goods vehicles","2023","N1 - Vehicles used for the carriage of goods and having a maximum mass not exceeding 3.5 tonnes","Diesel","Own account","Co. Louth","Number","7467"
"Goods vehicles","2023","N1 - Vehicles used for the carriage of goods and having a maximum mass not exceeding 3.5 tonnes","Diesel","Own account","Co. Limerick","Number","12530"
"Goods vehicles","2023","N1 - Vehicles used for the carriage of goods and having a maximum mass not exceeding 3.5 tonnes","Diesel","Own account","Co. Leitrim","Number","3498"
"Goods vehicles","2023","N1 - Vehicles used for the carriage of goods and having a maximum mass not exceeding 3.5 tonnes","Diesel","Own account","Co. Laois","Number","5809"
"Goods vehicles","2023","N1 - Vehicles used for the carriage of goods and having a maximum mass not exceeding 3.5 tonnes","Diesel","Own account","Co. Meath","Number","14764"
"Goods vehicles","2023","N1 - Vehicles used for the carriage of goods and having a maximum mass not exceeding 3.5 tonnes","Diesel","Own account","Co. Monaghan","Number","7280"
"Goods vehicles","2023","N1 - Vehicles used for the carriage of goods and having a maximum mass not exceeding 3.5 tonnes","Diesel","Own account","Co. Mayo","Number","12429"
"Goods vehicles","2023","N1 - Vehicles used for the carriage of goods and having a maximum mass not exceeding 3.5 tonnes","Diesel","Own account","Co. Offaly","Number","6286"
"Goods vehicles","2023","N1 - Vehicles used for the carriage of goods and having a maximum mass not exceeding 3.5 tonnes","Diesel","Own account","Co. Roscommon","Number","5899"
"Goods vehicles","2023","N1 - Vehicles used for the carriage of goods and having a maximum mass not exceeding 3.5 tonnes","Diesel","Own account","Co. Sligo","Number","5878"
"Goods vehicles","2023","N1 - Vehicles used for the carriage of goods and having a maximum mass not exceeding 3.5 tonnes","Diesel","Own account","Co. Tipperary","Number","13425"
"Goods vehicles","2023","N1 - Vehicles used for the carriage of goods and having a maximum mass not exceeding 3.5 tonnes","Diesel","Own account","Co. Waterford","Number","7480"
"Goods vehicles","2023","N1 - Vehicles used for the carriage of goods and having a maximum mass not exceeding 3.5 tonnes","Diesel","Own account","Co. Wicklow","Number","9262"
"Goods vehicles","2023","N1 - Vehicles used for the carriage of goods and having a maximum mass not exceeding 3.5 tonnes","Diesel","Own account","Co. Westmeath","Number","7778"
"Goods vehicles","2023","N1 - Vehicles used for the carriage of goods and having a maximum mass not exceeding 3.5 tonnes","Diesel","Own account","Co. Wexford","Number","12471"
"Goods vehicles","2023","N1 - Vehicles used for the carriage of goods and having a maximum mass not exceeding 3.5 tonnes","Diesel","Own account","Ireland","Number","338635"
"Goods vehicles","2023","N1 - Vehicles used for the carriage of goods and having a maximum mass not exceeding 3.5 tonnes","Battery Electric Vehicles (BEV)","Main use (own account and hire or reward)","Co. Clare","Number","8"
"Goods vehicles","2023","N1 - Vehicles used for the carriage of goods and having a maximum mass not exceeding 3.5 tonnes","Battery Electric Vehicles (BEV)","Main use (own account and hire or reward)","Co. Cork","Number","204"
"Goods vehicles","2023","N1 - Vehicles used for the carriage of goods and having a maximum mass not exceeding 3.5 tonnes","Battery Electric Vehicles (BEV)","Main use (own account and hire or reward)","Co. Cavan","Number","18"
"Goods vehicles","2023","N1 - Vehicles used for the carriage of goods and having a maximum mass not exceeding 3.5 tonnes","Battery Electric Vehicles (BEV)","Main use (own account and hire or reward)","Co. Carlow","Number","7"
"Goods vehicles","2023","N1 - Vehicles used for the carriage of goods and having a maximum mass not exceeding 3.5 tonnes","Battery Electric Vehicles (BEV)","Main use (own account and hire or reward)","Co. Donegal","Number","13"
"Goods vehicles","2023","N1 - Vehicles used for the carriage of goods and having a maximum mass not exceeding 3.5 tonnes","Battery Electric Vehicles (BEV)","Main use (own account and hire or reward)","Co. Dublin","Number","2219"
"Goods vehicles","2023","N1 - Vehicles used for the carriage of goods and having a maximum mass not exceeding 3.5 tonnes","Battery Electric Vehicles (BEV)","Main use (own account and hire or reward)","Co. Galway","Number","38"
"Goods vehicles","2023","N1 - Vehicles used for the carriage of goods and having a maximum mass not exceeding 3.5 tonnes","Battery Electric Vehicles (BEV)","Main use (own account and hire or reward)","Co. Kildare","Number","36"
"Goods vehicles","2023","N1 - Vehicles used for the carriage of goods and having a maximum mass not exceeding 3.5 tonnes","Battery Electric Vehicles (BEV)","Main use (own account and hire or reward)","Co. Kilkenny","Number","15"
"Goods vehicles","2023","N1 - Vehicles used for the carriage of goods and having a maximum mass not exceeding 3.5 tonnes","Battery Electric Vehicles (BEV)","Main use (own account and hire or reward)","Co. Kerry","Number","12"
"Goods vehicles","2023","N1 - Vehicles used for the carriage of goods and having a maximum mass not exceeding 3.5 tonnes","Battery Electric Vehicles (BEV)","Main use (own account and hire or reward)","Co. Longford","Number","0"
"Goods vehicles","2023","N1 - Vehicles used for the carriage of goods and having a maximum mass not exceeding 3.5 tonnes","Battery Electric Vehicles (BEV)","Main use (own account and hire or reward)","Co. Louth","Number","18"
"Goods vehicles","2023","N1 - Vehicles used for the carriage of goods and having a maximum mass not exceeding 3.5 tonnes","Battery Electric Vehicles (BEV)","Main use (own account and hire or reward)","Co. Limerick","Number","32"
"Goods vehicles","2023","N1 - Vehicles used for the carriage of goods and having a maximum mass not exceeding 3.5 tonnes","Battery Electric Vehicles (BEV)","Main use (own account and hire or reward)","Co. Leitrim","Number","4"
"Goods vehicles","2023","N1 - Vehicles used for the carriage of goods and having a maximum mass not exceeding 3.5 tonnes","Battery Electric Vehicles (BEV)","Main use (own account and hire or reward)","Co. Laois","Number","8"
"Goods vehicles","2023","N1 - Vehicles used for the carriage of goods and having a maximum mass not exceeding 3.5 tonnes","Battery Electric Vehicles (BEV)","Main use (own account and hire or reward)","Co. Meath","Number","9"
"Goods vehicles","2023","N1 - Vehicles used for the carriage of goods and having a maximum mass not exceeding 3.5 tonnes","Battery Electric Vehicles (BEV)","Main use (own account and hire or reward)","Co. Monaghan","Number","3"
"Goods vehicles","2023","N1 - Vehicles used for the carriage of goods and having a maximum mass not exceeding 3.5 tonnes","Battery Electric Vehicles (BEV)","Main use (own account and hire or reward)","Co. Mayo","Number","10"
"Goods vehicles","2023","N1 - Vehicles used for the carriage of goods and having a maximum mass not exceeding 3.5 tonnes","Battery Electric Vehicles (BEV)","Main use (own account and hire or reward)","Co. Offaly","Number","10"
"Goods vehicles","2023","N1 - Vehicles used for the carriage of goods and having a maximum mass not exceeding 3.5 tonnes","Battery Electric Vehicles (BEV)","Main use (own account and hire or reward)","Co. Roscommon","Number","5"
"Goods vehicles","2023","N1 - Vehicles used for the carriage of goods and having a maximum mass not exceeding 3.5 tonnes","Battery Electric Vehicles (BEV)","Main use (own account and hire or reward)","Co. Sligo","Number","7"
"Goods vehicles","2023","N1 - Vehicles used for the carriage of goods and having a maximum mass not exceeding 3.5 tonnes","Battery Electric Vehicles (BEV)","Main use (own account and hire or reward)","Co. Tipperary","Number","12"
"Goods vehicles","2023","N1 - Vehicles used for the carriage of goods and having a maximum mass not exceeding 3.5 tonnes","Battery Electric Vehicles (BEV)","Main use (own account and hire or reward)","Co. Waterford","Number","30"
"Goods vehicles","2023","N1 - Vehicles used for the carriage of goods and having a maximum mass not exceeding 3.5 tonnes","Battery Electric Vehicles (BEV)","Main use (own account and hire or reward)","Co. Wicklow","Number","16"
"Goods vehicles","2023","N1 - Vehicles used for the carriage of goods and having a maximum mass not exceeding 3.5 tonnes","Battery Electric Vehicles (BEV)","Main use (own account and hire or reward)","Co. Westmeath","Number","24"
"Goods vehicles","2023","N1 - Vehicles used for the carriage of goods and having a maximum mass not exceeding 3.5 tonnes","Battery Electric Vehicles (BEV)","Main use (own account and hire or reward)","Co. Wexford","Number","25"
"Goods vehicles","2023","N1 - Vehicles used for the carriage of goods and having a maximum mass not exceeding 3.5 tonnes","Battery Electric Vehicles (BEV)","Main use (own account and hire or reward)","Ireland","Number","2783"
"Goods vehicles","2023","N1 - Vehicles used for the carriage of goods and having a maximum mass not exceeding 3.5 tonnes","Battery Electric Vehicles (BEV)","Hire or reward","Co. Clare","Number","0"
"Goods vehicles","2023","N1 - Vehicles used for the carriage of goods and having a maximum mass not exceeding 3.5 tonnes","Battery Electric Vehicles (BEV)","Hire or reward","Co. Cork","Number","7"
"Goods vehicles","2023","N1 - Vehicles used for the carriage of goods and having a maximum mass not exceeding 3.5 tonnes","Battery Electric Vehicles (BEV)","Hire or reward","Co. Cavan","Number","0"
"Goods vehicles","2023","N1 - Vehicles used for the carriage of goods and having a maximum mass not exceeding 3.5 tonnes","Battery Electric Vehicles (BEV)","Hire or reward","Co. Carlow","Number","0"
"Goods vehicles","2023","N1 - Vehicles used for the carriage of goods and having a maximum mass not exceeding 3.5 tonnes","Battery Electric Vehicles (BEV)","Hire or reward","Co. Donegal","Number","0"
"Goods vehicles","2023","N1 - Vehicles used for the carriage of goods and having a maximum mass not exceeding 3.5 tonnes","Battery Electric Vehicles (BEV)","Hire or reward","Co. Dublin","Number","202"
"Goods vehicles","2023","N1 - Vehicles used for the carriage of goods and having a maximum mass not exceeding 3.5 tonnes","Battery Electric Vehicles (BEV)","Hire or reward","Co. Galway","Number","1"
"Goods vehicles","2023","N1 - Vehicles used for the carriage of goods and having a maximum mass not exceeding 3.5 tonnes","Battery Electric Vehicles (BEV)","Hire or reward","Co. Kildare","Number","0"
"Goods vehicles","2023","N1 - Vehicles used for the carriage of goods and having a maximum mass not exceeding 3.5 tonnes","Battery Electric Vehicles (BEV)","Hire or reward","Co. Kilkenny","Number","0"
"Goods vehicles","2023","N1 - Vehicles used for the carriage of goods and having a maximum mass not exceeding 3.5 tonnes","Battery Electric Vehicles (BEV)","Hire or reward","Co. Kerry","Number","0"
"Goods vehicles","2023","N1 - Vehicles used for the carriage of goods and having a maximum mass not exceeding 3.5 tonnes","Battery Electric Vehicles (BEV)","Hire or reward","Co. Longford","Number","0"
"Goods vehicles","2023","N1 - Vehicles used for the carriage of goods and having a maximum mass not exceeding 3.5 tonnes","Battery Electric Vehicles (BEV)","Hire or reward","Co. Louth","Number","1"
"Goods vehicles","2023","N1 - Vehicles used for the carriage of goods and having a maximum mass not exceeding 3.5 tonnes","Battery Electric Vehicles (BEV)","Hire or reward","Co. Limerick","Number","0"
"Goods vehicles","2023","N1 - Vehicles used for the carriage of goods and having a maximum mass not exceeding 3.5 tonnes","Battery Electric Vehicles (BEV)","Hire or reward","Co. Leitrim","Number","0"
"Goods vehicles","2023","N1 - Vehicles used for the carriage of goods and having a maximum mass not exceeding 3.5 tonnes","Battery Electric Vehicles (BEV)","Hire or reward","Co. Laois","Number","0"
"Goods vehicles","2023","N1 - Vehicles used for the carriage of goods and having a maximum mass not exceeding 3.5 tonnes","Battery Electric Vehicles (BEV)","Hire or reward","Co. Meath","Number","0"
"Goods vehicles","2023","N1 - Vehicles used for the carriage of goods and having a maximum mass not exceeding 3.5 tonnes","Battery Electric Vehicles (BEV)","Hire or reward","Co. Monaghan","Number","0"
"Goods vehicles","2023","N1 - Vehicles used for the carriage of goods and having a maximum mass not exceeding 3.5 tonnes","Battery Electric Vehicles (BEV)","Hire or reward","Co. Mayo","Number","0"
"Goods vehicles","2023","N1 - Vehicles used for the carriage of goods and having a maximum mass not exceeding 3.5 tonnes","Battery Electric Vehicles (BEV)","Hire or reward","Co. Offaly","Number","0"
"Goods vehicles","2023","N1 - Vehicles used for the carriage of goods and having a maximum mass not exceeding 3.5 tonnes","Battery Electric Vehicles (BEV)","Hire or reward","Co. Roscommon","Number","0"
"Goods vehicles","2023","N1 - Vehicles used for the carriage of goods and having a maximum mass not exceeding 3.5 tonnes","Battery Electric Vehicles (BEV)","Hire or reward","Co. Sligo","Number","1"
"Goods vehicles","2023","N1 - Vehicles used for the carriage of goods and having a maximum mass not exceeding 3.5 tonnes","Battery Electric Vehicles (BEV)","Hire or reward","Co. Tipperary","Number","0"
"Goods vehicles","2023","N1 - Vehicles used for the carriage of goods and having a maximum mass not exceeding 3.5 tonnes","Battery Electric Vehicles (BEV)","Hire or reward","Co. Waterford","Number","0"
"Goods vehicles","2023","N1 - Vehicles used for the carriage of goods and having a maximum mass not exceeding 3.5 tonnes","Battery Electric Vehicles (BEV)","Hire or reward","Co. Wicklow","Number","0"
"Goods vehicles","2023","N1 - Vehicles used for the carriage of goods and having a maximum mass not exceeding 3.5 tonnes","Battery Electric Vehicles (BEV)","Hire or reward","Co. Westmeath","Number","0"
"Goods vehicles","2023","N1 - Vehicles used for the carriage of goods and having a maximum mass not exceeding 3.5 tonnes","Battery Electric Vehicles (BEV)","Hire or reward","Co. Wexford","Number","2"
"Goods vehicles","2023","N1 - Vehicles used for the carriage of goods and having a maximum mass not exceeding 3.5 tonnes","Battery Electric Vehicles (BEV)","Hire or reward","Ireland","Number","214"
"Goods vehicles","2023","N1 - Vehicles used for the carriage of goods and having a maximum mass not exceeding 3.5 tonnes","Battery Electric Vehicles (BEV)","Own account","Co. Clare","Number","8"
"Goods vehicles","2023","N1 - Vehicles used for the carriage of goods and having a maximum mass not exceeding 3.5 tonnes","Battery Electric Vehicles (BEV)","Own account","Co. Cork","Number","197"
"Goods vehicles","2023","N1 - Vehicles used for the carriage of goods and having a maximum mass not exceeding 3.5 tonnes","Battery Electric Vehicles (BEV)","Own account","Co. Cavan","Number","18"
"Goods vehicles","2023","N1 - Vehicles used for the carriage of goods and having a maximum mass not exceeding 3.5 tonnes","Battery Electric Vehicles (BEV)","Own account","Co. Carlow","Number","7"
"Goods vehicles","2023","N1 - Vehicles used for the carriage of goods and having a maximum mass not exceeding 3.5 tonnes","Battery Electric Vehicles (BEV)","Own account","Co. Donegal","Number","13"
"Goods vehicles","2023","N1 - Vehicles used for the carriage of goods and having a maximum mass not exceeding 3.5 tonnes","Battery Electric Vehicles (BEV)","Own account","Co. Dublin","Number","2017"
"Goods vehicles","2023","N1 - Vehicles used for the carriage of goods and having a maximum mass not exceeding 3.5 tonnes","Battery Electric Vehicles (BEV)","Own account","Co. Galway","Number","37"
"Goods vehicles","2023","N1 - Vehicles used for the carriage of goods and having a maximum mass not exceeding 3.5 tonnes","Battery Electric Vehicles (BEV)","Own account","Co. Kildare","Number","36"
"Goods vehicles","2023","N1 - Vehicles used for the carriage of goods and having a maximum mass not exceeding 3.5 tonnes","Battery Electric Vehicles (BEV)","Own account","Co. Kilkenny","Number","15"
"Goods vehicles","2023","N1 - Vehicles used for the carriage of goods and having a maximum mass not exceeding 3.5 tonnes","Battery Electric Vehicles (BEV)","Own account","Co. Kerry","Number","12"
"Goods vehicles","2023","N1 - Vehicles used for the carriage of goods and having a maximum mass not exceeding 3.5 tonnes","Battery Electric Vehicles (BEV)","Own account","Co. Longford","Number","0"
"Goods vehicles","2023","N1 - Vehicles used for the carriage of goods and having a maximum mass not exceeding 3.5 tonnes","Battery Electric Vehicles (BEV)","Own account","Co. Louth","Number","17"
"Goods vehicles","2023","N1 - Vehicles used for the carriage of goods and having a maximum mass not exceeding 3.5 tonnes","Battery Electric Vehicles (BEV)","Own account","Co. Limerick","Number","32"
"Goods vehicles","2023","N1 - Vehicles used for the carriage of goods and having a maximum mass not exceeding 3.5 tonnes","Battery Electric Vehicles (BEV)","Own account","Co. Leitrim","Number","4"
"Goods vehicles","2023","N1 - Vehicles used for the carriage of goods and having a maximum mass not exceeding 3.5 tonnes","Battery Electric Vehicles (BEV)","Own account","Co. Laois","Number","8"
"Goods vehicles","2023","N1 - Vehicles used for the carriage of goods and having a maximum mass not exceeding 3.5 tonnes","Battery Electric Vehicles (BEV)","Own account","Co. Meath","Number","9"
"Goods vehicles","2023","N1 - Vehicles used for the carriage of goods and having a maximum mass not exceeding 3.5 tonnes","Battery Electric Vehicles (BEV)","Own account","Co. Monaghan","Number","3"
"Goods vehicles","2023","N1 - Vehicles used for the carriage of goods and having a maximum mass not exceeding 3.5 tonnes","Battery Electric Vehicles (BEV)","Own account","Co. Mayo","Number","10"
"Goods vehicles","2023","N1 - Vehicles used for the carriage of goods and having a maximum mass not exceeding 3.5 tonnes","Battery Electric Vehicles (BEV)","Own account","Co. Offaly","Number","10"
"Goods vehicles","2023","N1 - Vehicles used for the carriage of goods and having a maximum mass not exceeding 3.5 tonnes","Battery Electric Vehicles (BEV)","Own account","Co. Roscommon","Number","5"
"Goods vehicles","2023","N1 - Vehicles used for the carriage of goods and having a maximum mass not exceeding 3.5 tonnes","Battery Electric Vehicles (BEV)","Own account","Co. Sligo","Number","6"
"Goods vehicles","2023","N1 - Vehicles used for the carriage of goods and having a maximum mass not exceeding 3.5 tonnes","Battery Electric Vehicles (BEV)","Own account","Co. Tipperary","Number","12"
"Goods vehicles","2023","N1 - Vehicles used for the carriage of goods and having a maximum mass not exceeding 3.5 tonnes","Battery Electric Vehicles (BEV)","Own account","Co. Waterford","Number","30"
"Goods vehicles","2023","N1 - Vehicles used for the carriage of goods and having a maximum mass not exceeding 3.5 tonnes","Battery Electric Vehicles (BEV)","Own account","Co. Wicklow","Number","16"
"Goods vehicles","2023","N1 - Vehicles used for the carriage of goods and having a maximum mass not exceeding 3.5 tonnes","Battery Electric Vehicles (BEV)","Own account","Co. Westmeath","Number","24"
"Goods vehicles","2023","N1 - Vehicles used for the carriage of goods and having a maximum mass not exceeding 3.5 tonnes","Battery Electric Vehicles (BEV)","Own account","Co. Wexford","Number","23"
"Goods vehicles","2023","N1 - Vehicles used for the carriage of goods and having a maximum mass not exceeding 3.5 tonnes","Battery Electric Vehicles (BEV)","Own account","Ireland","Number","2569"
"Goods vehicles","2023","N1 - Vehicles used for the carriage of goods and having a maximum mass not exceeding 3.5 tonnes","Plug-in hybrid electric vehicles (PHEV)","Main use (own account and hire or reward)","Co. Clare","Number","6"
"Goods vehicles","2023","N1 - Vehicles used for the carriage of goods and having a maximum mass not exceeding 3.5 tonnes","Plug-in hybrid electric vehicles (PHEV)","Main use (own account and hire or reward)","Co. Cork","Number","47"
"Goods vehicles","2023","N1 - Vehicles used for the carriage of goods and having a maximum mass not exceeding 3.5 tonnes","Plug-in hybrid electric vehicles (PHEV)","Main use (own account and hire or reward)","Co. Cavan","Number","10"
"Goods vehicles","2023","N1 - Vehicles used for the carriage of goods and having a maximum mass not exceeding 3.5 tonnes","Plug-in hybrid electric vehicles (PHEV)","Main use (own account and hire or reward)","Co. Carlow","Number","6"
"Goods vehicles","2023","N1 - Vehicles used for the carriage of goods and having a maximum mass not exceeding 3.5 tonnes","Plug-in hybrid electric vehicles (PHEV)","Main use (own account and hire or reward)","Co. Donegal","Number","5"
"Goods vehicles","2023","N1 - Vehicles used for the carriage of goods and having a maximum mass not exceeding 3.5 tonnes","Plug-in hybrid electric vehicles (PHEV)","Main use (own account and hire or reward)","Co. Dublin","Number","175"
"Goods vehicles","2023","N1 - Vehicles used for the carriage of goods and having a maximum mass not exceeding 3.5 tonnes","Plug-in hybrid electric vehicles (PHEV)","Main use (own account and hire or reward)","Co. Galway","Number","59"
"Goods vehicles","2023","N1 - Vehicles used for the carriage of goods and having a maximum mass not exceeding 3.5 tonnes","Plug-in hybrid electric vehicles (PHEV)","Main use (own account and hire or reward)","Co. Kildare","Number","109"
"Goods vehicles","2023","N1 - Vehicles used for the carriage of goods and having a maximum mass not exceeding 3.5 tonnes","Plug-in hybrid electric vehicles (PHEV)","Main use (own account and hire or reward)","Co. Kilkenny","Number","7"
"Goods vehicles","2023","N1 - Vehicles used for the carriage of goods and having a maximum mass not exceeding 3.5 tonnes","Plug-in hybrid electric vehicles (PHEV)","Main use (own account and hire or reward)","Co. Kerry","Number","4"
"Goods vehicles","2023","N1 - Vehicles used for the carriage of goods and having a maximum mass not exceeding 3.5 tonnes","Plug-in hybrid electric vehicles (PHEV)","Main use (own account and hire or reward)","Co. Longford","Number","5"
"Goods vehicles","2023","N1 - Vehicles used for the carriage of goods and having a maximum mass not exceeding 3.5 tonnes","Plug-in hybrid electric vehicles (PHEV)","Main use (own account and hire or reward)","Co. Louth","Number","15"
"Goods vehicles","2023","N1 - Vehicles used for the carriage of goods and having a maximum mass not exceeding 3.5 tonnes","Plug-in hybrid electric vehicles (PHEV)","Main use (own account and hire or reward)","Co. Limerick","Number","10"
"Goods vehicles","2023","N1 - Vehicles used for the carriage of goods and having a maximum mass not exceeding 3.5 tonnes","Plug-in hybrid electric vehicles (PHEV)","Main use (own account and hire or reward)","Co. Leitrim","Number","1"
"Goods vehicles","2023","N1 - Vehicles used for the carriage of goods and having a maximum mass not exceeding 3.5 tonnes","Plug-in hybrid electric vehicles (PHEV)","Main use (own account and hire or reward)","Co. Laois","Number","7"
"Goods vehicles","2023","N1 - Vehicles used for the carriage of goods and having a maximum mass not exceeding 3.5 tonnes","Plug-in hybrid electric vehicles (PHEV)","Main use (own account and hire or reward)","Co. Meath","Number","22"
"Goods vehicles","2023","N1 - Vehicles used for the carriage of goods and having a maximum mass not exceeding 3.5 tonnes","Plug-in hybrid electric vehicles (PHEV)","Main use (own account and hire or reward)","Co. Monaghan","Number","6"
"Goods vehicles","2023","N1 - Vehicles used for the carriage of goods and having a maximum mass not exceeding 3.5 tonnes","Plug-in hybrid electric vehicles (PHEV)","Main use (own account and hire or reward)","Co. Mayo","Number","7"
"Goods vehicles","2023","N1 - Vehicles used for the carriage of goods and having a maximum mass not exceeding 3.5 tonnes","Plug-in hybrid electric vehicles (PHEV)","Main use (own account and hire or reward)","Co. Offaly","Number","1"
"Goods vehicles","2023","N1 - Vehicles used for the carriage of goods and having a maximum mass not exceeding 3.5 tonnes","Plug-in hybrid electric vehicles (PHEV)","Main use (own account and hire or reward)","Co. Roscommon","Number","3"
"Goods vehicles","2023","N1 - Vehicles used for the carriage of goods and having a maximum mass not exceeding 3.5 tonnes","Plug-in hybrid electric vehicles (PHEV)","Main use (own account and hire or reward)","Co. Sligo","Number","2"
"Goods vehicles","2023","N1 - Vehicles used for the carriage of goods and having a maximum mass not exceeding 3.5 tonnes","Plug-in hybrid electric vehicles (PHEV)","Main use (own account and hire or reward)","Co. Tipperary","Number","12"
"Goods vehicles","2023","N1 - Vehicles used for the carriage of goods and having a maximum mass not exceeding 3.5 tonnes","Plug-in hybrid electric vehicles (PHEV)","Main use (own account and hire or reward)","Co. Waterford","Number","3"
"Goods vehicles","2023","N1 - Vehicles used for the carriage of goods and having a maximum mass not exceeding 3.5 tonnes","Plug-in hybrid electric vehicles (PHEV)","Main use (own account and hire or reward)","Co. Wicklow","Number","110"
"Goods vehicles","2023","N1 - Vehicles used for the carriage of goods and having a maximum mass not exceeding 3.5 tonnes","Plug-in hybrid electric vehicles (PHEV)","Main use (own account and hire or reward)","Co. Westmeath","Number","17"
"Goods vehicles","2023","N1 - Vehicles used for the carriage of goods and having a maximum mass not exceeding 3.5 tonnes","Plug-in hybrid electric vehicles (PHEV)","Main use (own account and hire or reward)","Co. Wexford","Number","21"
"Goods vehicles","2023","N1 - Vehicles used for the carriage of goods and having a maximum mass not exceeding 3.5 tonnes","Plug-in hybrid electric vehicles (PHEV)","Main use (own account and hire or reward)","Ireland","Number","670"
"Goods vehicles","2023","N1 - Vehicles used for the carriage of goods and having a maximum mass not exceeding 3.5 tonnes","Plug-in hybrid electric vehicles (PHEV)","Hire or reward","Co. Clare","Number","0"
"Goods vehicles","2023","N1 - Vehicles used for the carriage of goods and having a maximum mass not exceeding 3.5 tonnes","Plug-in hybrid electric vehicles (PHEV)","Hire or reward","Co. Cork","Number","3"
"Goods vehicles","2023","N1 - Vehicles used for the carriage of goods and having a maximum mass not exceeding 3.5 tonnes","Plug-in hybrid electric vehicles (PHEV)","Hire or reward","Co. Cavan","Number","1"
"Goods vehicles","2023","N1 - Vehicles used for the carriage of goods and having a maximum mass not exceeding 3.5 tonnes","Plug-in hybrid electric vehicles (PHEV)","Hire or reward","Co. Carlow","Number","0"
"Goods vehicles","2023","N1 - Vehicles used for the carriage of goods and having a maximum mass not exceeding 3.5 tonnes","Plug-in hybrid electric vehicles (PHEV)","Hire or reward","Co. Donegal","Number","0"
"Goods vehicles","2023","N1 - Vehicles used for the carriage of goods and having a maximum mass not exceeding 3.5 tonnes","Plug-in hybrid electric vehicles (PHEV)","Hire or reward","Co. Dublin","Number","6"
"Goods vehicles","2023","N1 - Vehicles used for the carriage of goods and having a maximum mass not exceeding 3.5 tonnes","Plug-in hybrid electric vehicles (PHEV)","Hire or reward","Co. Galway","Number","2"
"Goods vehicles","2023","N1 - Vehicles used for the carriage of goods and having a maximum mass not exceeding 3.5 tonnes","Plug-in hybrid electric vehicles (PHEV)","Hire or reward","Co. Kildare","Number","3"
"Goods vehicles","2023","N1 - Vehicles used for the carriage of goods and having a maximum mass not exceeding 3.5 tonnes","Plug-in hybrid electric vehicles (PHEV)","Hire or reward","Co. Kilkenny","Number","0"
"Goods vehicles","2023","N1 - Vehicles used for the carriage of goods and having a maximum mass not exceeding 3.5 tonnes","Plug-in hybrid electric vehicles (PHEV)","Hire or reward","Co. Kerry","Number","0"
"Goods vehicles","2023","N1 - Vehicles used for the carriage of goods and having a maximum mass not exceeding 3.5 tonnes","Plug-in hybrid electric vehicles (PHEV)","Hire or reward","Co. Longford","Number","0"
"Goods vehicles","2023","N1 - Vehicles used for the carriage of goods and having a maximum mass not exceeding 3.5 tonnes","Plug-in hybrid electric vehicles (PHEV)","Hire or reward","Co. Louth","Number","1"
"Goods vehicles","2023","N1 - Vehicles used for the carriage of goods and having a maximum mass not exceeding 3.5 tonnes","Plug-in hybrid electric vehicles (PHEV)","Hire or reward","Co. Limerick","Number","0"
"Goods vehicles","2023","N1 - Vehicles used for the carriage of goods and having a maximum mass not exceeding 3.5 tonnes","Plug-in hybrid electric vehicles (PHEV)","Hire or reward","Co. Leitrim","Number","0"
"Goods vehicles","2023","N1 - Vehicles used for the carriage of goods and having a maximum mass not exceeding 3.5 tonnes","Plug-in hybrid electric vehicles (PHEV)","Hire or reward","Co. Laois","Number","0"
"Goods vehicles","2023","N1 - Vehicles used for the carriage of goods and having a maximum mass not exceeding 3.5 tonnes","Plug-in hybrid electric vehicles (PHEV)","Hire or reward","Co. Meath","Number","1"
"Goods vehicles","2023","N1 - Vehicles used for the carriage of goods and having a maximum mass not exceeding 3.5 tonnes","Plug-in hybrid electric vehicles (PHEV)","Hire or reward","Co. Monaghan","Number","0"
"Goods vehicles","2023","N1 - Vehicles used for the carriage of goods and having a maximum mass not exceeding 3.5 tonnes","Plug-in hybrid electric vehicles (PHEV)","Hire or reward","Co. Mayo","Number","1"
"Goods vehicles","2023","N1 - Vehicles used for the carriage of goods and having a maximum mass not exceeding 3.5 tonnes","Plug-in hybrid electric vehicles (PHEV)","Hire or reward","Co. Offaly","Number","0"
"Goods vehicles","2023","N1 - Vehicles used for the carriage of goods and having a maximum mass not exceeding 3.5 tonnes","Plug-in hybrid electric vehicles (PHEV)","Hire or reward","Co. Roscommon","Number","0"
"Goods vehicles","2023","N1 - Vehicles used for the carriage of goods and having a maximum mass not exceeding 3.5 tonnes","Plug-in hybrid electric vehicles (PHEV)","Hire or reward","Co. Sligo","Number","0"
"Goods vehicles","2023","N1 - Vehicles used for the carriage of goods and having a maximum mass not exceeding 3.5 tonnes","Plug-in hybrid electric vehicles (PHEV)","Hire or reward","Co. Tipperary","Number","0"
"Goods vehicles","2023","N1 - Vehicles used for the carriage of goods and having a maximum mass not exceeding 3.5 tonnes","Plug-in hybrid electric vehicles (PHEV)","Hire or reward","Co. Waterford","Number","0"
"Goods vehicles","2023","N1 - Vehicles used for the carriage of goods and having a maximum mass not exceeding 3.5 tonnes","Plug-in hybrid electric vehicles (PHEV)","Hire or reward","Co. Wicklow","Number","0"
"Goods vehicles","2023","N1 - Vehicles used for the carriage of goods and having a maximum mass not exceeding 3.5 tonnes","Plug-in hybrid electric vehicles (PHEV)","Hire or reward","Co. Westmeath","Number","1"
"Goods vehicles","2023","N1 - Vehicles used for the carriage of goods and having a maximum mass not exceeding 3.5 tonnes","Plug-in hybrid electric vehicles (PHEV)","Hire or reward","Co. Wexford","Number","1"
"Goods vehicles","2023","N1 - Vehicles used for the carriage of goods and having a maximum mass not exceeding 3.5 tonnes","Plug-in hybrid electric vehicles (PHEV)","Hire or reward","Ireland","Number","20"
"Goods vehicles","2023","N1 - Vehicles used for the carriage of goods and having a maximum mass not exceeding 3.5 tonnes","Plug-in hybrid electric vehicles (PHEV)","Own account","Co. Clare","Number","6"
"Goods vehicles","2023","N1 - Vehicles used for the carriage of goods and having a maximum mass not exceeding 3.5 tonnes","Plug-in hybrid electric vehicles (PHEV)","Own account","Co. Cork","Number","44"
"Goods vehicles","2023","N1 - Vehicles used for the carriage of goods and having a maximum mass not exceeding 3.5 tonnes","Plug-in hybrid electric vehicles (PHEV)","Own account","Co. Cavan","Number","9"
"Goods vehicles","2023","N1 - Vehicles used for the carriage of goods and having a maximum mass not exceeding 3.5 tonnes","Plug-in hybrid electric vehicles (PHEV)","Own account","Co. Carlow","Number","6"
"Goods vehicles","2023","N1 - Vehicles used for the carriage of goods and having a maximum mass not exceeding 3.5 tonnes","Plug-in hybrid electric vehicles (PHEV)","Own account","Co. Donegal","Number","5"
"Goods vehicles","2023","N1 - Vehicles used for the carriage of goods and having a maximum mass not exceeding 3.5 tonnes","Plug-in hybrid electric vehicles (PHEV)","Own account","Co. Dublin","Number","169"
"Goods vehicles","2023","N1 - Vehicles used for the carriage of goods and having a maximum mass not exceeding 3.5 tonnes","Plug-in hybrid electric vehicles (PHEV)","Own account","Co. Galway","Number","57"
"Goods vehicles","2023","N1 - Vehicles used for the carriage of goods and having a maximum mass not exceeding 3.5 tonnes","Plug-in hybrid electric vehicles (PHEV)","Own account","Co. Kildare","Number","106"
"Goods vehicles","2023","N1 - Vehicles used for the carriage of goods and having a maximum mass not exceeding 3.5 tonnes","Plug-in hybrid electric vehicles (PHEV)","Own account","Co. Kilkenny","Number","7"
"Goods vehicles","2023","N1 - Vehicles used for the carriage of goods and having a maximum mass not exceeding 3.5 tonnes","Plug-in hybrid electric vehicles (PHEV)","Own account","Co. Kerry","Number","4"
"Goods vehicles","2023","N1 - Vehicles used for the carriage of goods and having a maximum mass not exceeding 3.5 tonnes","Plug-in hybrid electric vehicles (PHEV)","Own account","Co. Longford","Number","5"
"Goods vehicles","2023","N1 - Vehicles used for the carriage of goods and having a maximum mass not exceeding 3.5 tonnes","Plug-in hybrid electric vehicles (PHEV)","Own account","Co. Louth","Number","14"
"Goods vehicles","2023","N1 - Vehicles used for the carriage of goods and having a maximum mass not exceeding 3.5 tonnes","Plug-in hybrid electric vehicles (PHEV)","Own account","Co. Limerick","Number","10"
"Goods vehicles","2023","N1 - Vehicles used for the carriage of goods and having a maximum mass not exceeding 3.5 tonnes","Plug-in hybrid electric vehicles (PHEV)","Own account","Co. Leitrim","Number","1"
"Goods vehicles","2023","N1 - Vehicles used for the carriage of goods and having a maximum mass not exceeding 3.5 tonnes","Plug-in hybrid electric vehicles (PHEV)","Own account","Co. Laois","Number","7"
"Goods vehicles","2023","N1 - Vehicles used for the carriage of goods and having a maximum mass not exceeding 3.5 tonnes","Plug-in hybrid electric vehicles (PHEV)","Own account","Co. Meath","Number","21"
"Goods vehicles","2023","N1 - Vehicles used for the carriage of goods and having a maximum mass not exceeding 3.5 tonnes","Plug-in hybrid electric vehicles (PHEV)","Own account","Co. Monaghan","Number","6"
"Goods vehicles","2023","N1 - Vehicles used for the carriage of goods and having a maximum mass not exceeding 3.5 tonnes","Plug-in hybrid electric vehicles (PHEV)","Own account","Co. Mayo","Number","6"
"Goods vehicles","2023","N1 - Vehicles used for the carriage of goods and having a maximum mass not exceeding 3.5 tonnes","Plug-in hybrid electric vehicles (PHEV)","Own account","Co. Offaly","Number","1"
"Goods vehicles","2023","N1 - Vehicles used for the carriage of goods and having a maximum mass not exceeding 3.5 tonnes","Plug-in hybrid electric vehicles (PHEV)","Own account","Co. Roscommon","Number","3"
"Goods vehicles","2023","N1 - Vehicles used for the carriage of goods and having a maximum mass not exceeding 3.5 tonnes","Plug-in hybrid electric vehicles (PHEV)","Own account","Co. Sligo","Number","2"
"Goods vehicles","2023","N1 - Vehicles used for the carriage of goods and having a maximum mass not exceeding 3.5 tonnes","Plug-in hybrid electric vehicles (PHEV)","Own account","Co. Tipperary","Number","12"
"Goods vehicles","2023","N1 - Vehicles used for the carriage of goods and having a maximum mass not exceeding 3.5 tonnes","Plug-in hybrid electric vehicles (PHEV)","Own account","Co. Waterford","Number","3"
"Goods vehicles","2023","N1 - Vehicles used for the carriage of goods and having a maximum mass not exceeding 3.5 tonnes","Plug-in hybrid electric vehicles (PHEV)","Own account","Co. Wicklow","Number","110"
"Goods vehicles","2023","N1 - Vehicles used for the carriage of goods and having a maximum mass not exceeding 3.5 tonnes","Plug-in hybrid electric vehicles (PHEV)","Own account","Co. Westmeath","Number","16"
"Goods vehicles","2023","N1 - Vehicles used for the carriage of goods and having a maximum mass not exceeding 3.5 tonnes","Plug-in hybrid electric vehicles (PHEV)","Own account","Co. Wexford","Number","20"
"Goods vehicles","2023","N1 - Vehicles used for the carriage of goods and having a maximum mass not exceeding 3.5 tonnes","Plug-in hybrid electric vehicles (PHEV)","Own account","Ireland","Number","650"
"Goods vehicles","2023","N1 - Vehicles used for the carriage of goods and having a maximum mass not exceeding 3.5 tonnes","Other fuel types","Main use (own account and hire or reward)","Co. Clare","Number","21"
"Goods vehicles","2023","N1 - Vehicles used for the carriage of goods and having a maximum mass not exceeding 3.5 tonnes","Other fuel types","Main use (own account and hire or reward)","Co. Cork","Number","209"
"Goods vehicles","2023","N1 - Vehicles used for the carriage of goods and having a maximum mass not exceeding 3.5 tonnes","Other fuel types","Main use (own account and hire or reward)","Co. Cavan","Number","23"
"Goods vehicles","2023","N1 - Vehicles used for the carriage of goods and having a maximum mass not exceeding 3.5 tonnes","Other fuel types","Main use (own account and hire or reward)","Co. Carlow","Number","21"
"Goods vehicles","2023","N1 - Vehicles used for the carriage of goods and having a maximum mass not exceeding 3.5 tonnes","Other fuel types","Main use (own account and hire or reward)","Co. Donegal","Number","44"
"Goods vehicles","2023","N1 - Vehicles used for the carriage of goods and having a maximum mass not exceeding 3.5 tonnes","Other fuel types","Main use (own account and hire or reward)","Co. Dublin","Number","510"
"Goods vehicles","2023","N1 - Vehicles used for the carriage of goods and having a maximum mass not exceeding 3.5 tonnes","Other fuel types","Main use (own account and hire or reward)","Co. Galway","Number","72"
"Goods vehicles","2023","N1 - Vehicles used for the carriage of goods and having a maximum mass not exceeding 3.5 tonnes","Other fuel types","Main use (own account and hire or reward)","Co. Kildare","Number","95"
"Goods vehicles","2023","N1 - Vehicles used for the carriage of goods and having a maximum mass not exceeding 3.5 tonnes","Other fuel types","Main use (own account and hire or reward)","Co. Kilkenny","Number","22"
"Goods vehicles","2023","N1 - Vehicles used for the carriage of goods and having a maximum mass not exceeding 3.5 tonnes","Other fuel types","Main use (own account and hire or reward)","Co. Kerry","Number","39"
"Goods vehicles","2023","N1 - Vehicles used for the carriage of goods and having a maximum mass not exceeding 3.5 tonnes","Other fuel types","Main use (own account and hire or reward)","Co. Longford","Number","9"
"Goods vehicles","2023","N1 - Vehicles used for the carriage of goods and having a maximum mass not exceeding 3.5 tonnes","Other fuel types","Main use (own account and hire or reward)","Co. Louth","Number","23"
"Goods vehicles","2023","N1 - Vehicles used for the carriage of goods and having a maximum mass not exceeding 3.5 tonnes","Other fuel types","Main use (own account and hire or reward)","Co. Limerick","Number","48"
"Goods vehicles","2023","N1 - Vehicles used for the carriage of goods and having a maximum mass not exceeding 3.5 tonnes","Other fuel types","Main use (own account and hire or reward)","Co. Leitrim","Number","6"
"Goods vehicles","2023","N1 - Vehicles used for the carriage of goods and having a maximum mass not exceeding 3.5 tonnes","Other fuel types","Main use (own account and hire or reward)","Co. Laois","Number","25"
"Goods vehicles","2023","N1 - Vehicles used for the carriage of goods and having a maximum mass not exceeding 3.5 tonnes","Other fuel types","Main use (own account and hire or reward)","Co. Meath","Number","53"
"Goods vehicles","2023","N1 - Vehicles used for the carriage of goods and having a maximum mass not exceeding 3.5 tonnes","Other fuel types","Main use (own account and hire or reward)","Co. Monaghan","Number","20"
"Goods vehicles","2023","N1 - Vehicles used for the carriage of goods and having a maximum mass not exceeding 3.5 tonnes","Other fuel types","Main use (own account and hire or reward)","Co. Mayo","Number","28"
"Goods vehicles","2023","N1 - Vehicles used for the carriage of goods and having a maximum mass not exceeding 3.5 tonnes","Other fuel types","Main use (own account and hire or reward)","Co. Offaly","Number","9"
"Goods vehicles","2023","N1 - Vehicles used for the carriage of goods and having a maximum mass not exceeding 3.5 tonnes","Other fuel types","Main use (own account and hire or reward)","Co. Roscommon","Number","13"
"Goods vehicles","2023","N1 - Vehicles used for the carriage of goods and having a maximum mass not exceeding 3.5 tonnes","Other fuel types","Main use (own account and hire or reward)","Co. Sligo","Number","15"
"Goods vehicles","2023","N1 - Vehicles used for the carriage of goods and having a maximum mass not exceeding 3.5 tonnes","Other fuel types","Main use (own account and hire or reward)","Co. Tipperary","Number","31"
"Goods vehicles","2023","N1 - Vehicles used for the carriage of goods and having a maximum mass not exceeding 3.5 tonnes","Other fuel types","Main use (own account and hire or reward)","Co. Waterford","Number","32"
"Goods vehicles","2023","N1 - Vehicles used for the carriage of goods and having a maximum mass not exceeding 3.5 tonnes","Other fuel types","Main use (own account and hire or reward)","Co. Wicklow","Number","69"
"Goods vehicles","2023","N1 - Vehicles used for the carriage of goods and having a maximum mass not exceeding 3.5 tonnes","Other fuel types","Main use (own account and hire or reward)","Co. Westmeath","Number","25"
"Goods vehicles","2023","N1 - Vehicles used for the carriage of goods and having a maximum mass not exceeding 3.5 tonnes","Other fuel types","Main use (own account and hire or reward)","Co. Wexford","Number","39"
"Goods vehicles","2023","N1 - Vehicles used for the carriage of goods and having a maximum mass not exceeding 3.5 tonnes","Other fuel types","Main use (own account and hire or reward)","Ireland","Number","1501"
"Goods vehicles","2023","N1 - Vehicles used for the carriage of goods and having a maximum mass not exceeding 3.5 tonnes","Other fuel types","Hire or reward","Co. Clare","Number","0"
"Goods vehicles","2023","N1 - Vehicles used for the carriage of goods and having a maximum mass not exceeding 3.5 tonnes","Other fuel types","Hire or reward","Co. Cork","Number","8"
"Goods vehicles","2023","N1 - Vehicles used for the carriage of goods and having a maximum mass not exceeding 3.5 tonnes","Other fuel types","Hire or reward","Co. Cavan","Number","0"
"Goods vehicles","2023","N1 - Vehicles used for the carriage of goods and having a maximum mass not exceeding 3.5 tonnes","Other fuel types","Hire or reward","Co. Carlow","Number","2"
"Goods vehicles","2023","N1 - Vehicles used for the carriage of goods and having a maximum mass not exceeding 3.5 tonnes","Other fuel types","Hire or reward","Co. Donegal","Number","0"
"Goods vehicles","2023","N1 - Vehicles used for the carriage of goods and having a maximum mass not exceeding 3.5 tonnes","Other fuel types","Hire or reward","Co. Dublin","Number","31"
"Goods vehicles","2023","N1 - Vehicles used for the carriage of goods and having a maximum mass not exceeding 3.5 tonnes","Other fuel types","Hire or reward","Co. Galway","Number","0"
"Goods vehicles","2023","N1 - Vehicles used for the carriage of goods and having a maximum mass not exceeding 3.5 tonnes","Other fuel types","Hire or reward","Co. Kildare","Number","2"
"Goods vehicles","2023","N1 - Vehicles used for the carriage of goods and having a maximum mass not exceeding 3.5 tonnes","Other fuel types","Hire or reward","Co. Kilkenny","Number","0"
"Goods vehicles","2023","N1 - Vehicles used for the carriage of goods and having a maximum mass not exceeding 3.5 tonnes","Other fuel types","Hire or reward","Co. Kerry","Number","0"
"Goods vehicles","2023","N1 - Vehicles used for the carriage of goods and having a maximum mass not exceeding 3.5 tonnes","Other fuel types","Hire or reward","Co. Longford","Number","0"
"Goods vehicles","2023","N1 - Vehicles used for the carriage of goods and having a maximum mass not exceeding 3.5 tonnes","Other fuel types","Hire or reward","Co. Louth","Number","0"
"Goods vehicles","2023","N1 - Vehicles used for the carriage of goods and having a maximum mass not exceeding 3.5 tonnes","Other fuel types","Hire or reward","Co. Limerick","Number","0"
"Goods vehicles","2023","N1 - Vehicles used for the carriage of goods and having a maximum mass not exceeding 3.5 tonnes","Other fuel types","Hire or reward","Co. Leitrim","Number","0"
"Goods vehicles","2023","N1 - Vehicles used for the carriage of goods and having a maximum mass not exceeding 3.5 tonnes","Other fuel types","Hire or reward","Co. Laois","Number","0"
"Goods vehicles","2023","N1 - Vehicles used for the carriage of goods and having a maximum mass not exceeding 3.5 tonnes","Other fuel types","Hire or reward","Co. Meath","Number","2"
"Goods vehicles","2023","N1 - Vehicles used for the carriage of goods and having a maximum mass not exceeding 3.5 tonnes","Other fuel types","Hire or reward","Co. Monaghan","Number","0"
"Goods vehicles","2023","N1 - Vehicles used for the carriage of goods and having a maximum mass not exceeding 3.5 tonnes","Other fuel types","Hire or reward","Co. Mayo","Number","0"
"Goods vehicles","2023","N1 - Vehicles used for the carriage of goods and having a maximum mass not exceeding 3.5 tonnes","Other fuel types","Hire or reward","Co. Offaly","Number","1"
"Goods vehicles","2023","N1 - Vehicles used for the carriage of goods and having a maximum mass not exceeding 3.5 tonnes","Other fuel types","Hire or reward","Co. Roscommon","Number","0"
"Goods vehicles","2023","N1 - Vehicles used for the carriage of goods and having a maximum mass not exceeding 3.5 tonnes","Other fuel types","Hire or reward","Co. Sligo","Number","0"
"Goods vehicles","2023","N1 - Vehicles used for the carriage of goods and having a maximum mass not exceeding 3.5 tonnes","Other fuel types","Hire or reward","Co. Tipperary","Number","0"
"Goods vehicles","2023","N1 - Vehicles used for the carriage of goods and having a maximum mass not exceeding 3.5 tonnes","Other fuel types","Hire or reward","Co. Waterford","Number","2"
"Goods vehicles","2023","N1 - Vehicles used for the carriage of goods and having a maximum mass not exceeding 3.5 tonnes","Other fuel types","Hire or reward","Co. Wicklow","Number","0"
"Goods vehicles","2023","N1 - Vehicles used for the carriage of goods and having a maximum mass not exceeding 3.5 tonnes","Other fuel types","Hire or reward","Co. Westmeath","Number","0"
"Goods vehicles","2023","N1 - Vehicles used for the carriage of goods and having a maximum mass not exceeding 3.5 tonnes","Other fuel types","Hire or reward","Co. Wexford","Number","0"
"Goods vehicles","2023","N1 - Vehicles used for the carriage of goods and having a maximum mass not exceeding 3.5 tonnes","Other fuel types","Hire or reward","Ireland","Number","48"
"Goods vehicles","2023","N1 - Vehicles used for the carriage of goods and having a maximum mass not exceeding 3.5 tonnes","Other fuel types","Own account","Co. Clare","Number","21"
"Goods vehicles","2023","N1 - Vehicles used for the carriage of goods and having a maximum mass not exceeding 3.5 tonnes","Other fuel types","Own account","Co. Cork","Number","201"
"Goods vehicles","2023","N1 - Vehicles used for the carriage of goods and having a maximum mass not exceeding 3.5 tonnes","Other fuel types","Own account","Co. Cavan","Number","23"
"Goods vehicles","2023","N1 - Vehicles used for the carriage of goods and having a maximum mass not exceeding 3.5 tonnes","Other fuel types","Own account","Co. Carlow","Number","19"
"Goods vehicles","2023","N1 - Vehicles used for the carriage of goods and having a maximum mass not exceeding 3.5 tonnes","Other fuel types","Own account","Co. Donegal","Number","44"
"Goods vehicles","2023","N1 - Vehicles used for the carriage of goods and having a maximum mass not exceeding 3.5 tonnes","Other fuel types","Own account","Co. Dublin","Number","479"
"Goods vehicles","2023","N1 - Vehicles used for the carriage of goods and having a maximum mass not exceeding 3.5 tonnes","Other fuel types","Own account","Co. Galway","Number","72"
"Goods vehicles","2023","N1 - Vehicles used for the carriage of goods and having a maximum mass not exceeding 3.5 tonnes","Other fuel types","Own account","Co. Kildare","Number","93"
"Goods vehicles","2023","N1 - Vehicles used for the carriage of goods and having a maximum mass not exceeding 3.5 tonnes","Other fuel types","Own account","Co. Kilkenny","Number","22"
"Goods vehicles","2023","N1 - Vehicles used for the carriage of goods and having a maximum mass not exceeding 3.5 tonnes","Other fuel types","Own account","Co. Kerry","Number","39"
"Goods vehicles","2023","N1 - Vehicles used for the carriage of goods and having a maximum mass not exceeding 3.5 tonnes","Other fuel types","Own account","Co. Longford","Number","9"
"Goods vehicles","2023","N1 - Vehicles used for the carriage of goods and having a maximum mass not exceeding 3.5 tonnes","Other fuel types","Own account","Co. Louth","Number","23"
"Goods vehicles","2023","N1 - Vehicles used for the carriage of goods and having a maximum mass not exceeding 3.5 tonnes","Other fuel types","Own account","Co. Limerick","Number","48"
"Goods vehicles","2023","N1 - Vehicles used for the carriage of goods and having a maximum mass not exceeding 3.5 tonnes","Other fuel types","Own account","Co. Leitrim","Number","6"
"Goods vehicles","2023","N1 - Vehicles used for the carriage of goods and having a maximum mass not exceeding 3.5 tonnes","Other fuel types","Own account","Co. Laois","Number","25"
"Goods vehicles","2023","N1 - Vehicles used for the carriage of goods and having a maximum mass not exceeding 3.5 tonnes","Other fuel types","Own account","Co. Meath","Number","51"
"Goods vehicles","2023","N1 - Vehicles used for the carriage of goods and having a maximum mass not exceeding 3.5 tonnes","Other fuel types","Own account","Co. Monaghan","Number","20"
"Goods vehicles","2023","N1 - Vehicles used for the carriage of goods and having a maximum mass not exceeding 3.5 tonnes","Other fuel types","Own account","Co. Mayo","Number","28"
"Goods vehicles","2023","N1 - Vehicles used for the carriage of goods and having a maximum mass not exceeding 3.5 tonnes","Other fuel types","Own account","Co. Offaly","Number","8"
"Goods vehicles","2023","N1 - Vehicles used for the carriage of goods and having a maximum mass not exceeding 3.5 tonnes","Other fuel types","Own account","Co. Roscommon","Number","13"
"Goods vehicles","2023","N1 - Vehicles used for the carriage of goods and having a maximum mass not exceeding 3.5 tonnes","Other fuel types","Own account","Co. Sligo","Number","15"
"Goods vehicles","2023","N1 - Vehicles used for the carriage of goods and having a maximum mass not exceeding 3.5 tonnes","Other fuel types","Own account","Co. Tipperary","Number","31"
"Goods vehicles","2023","N1 - Vehicles used for the carriage of goods and having a maximum mass not exceeding 3.5 tonnes","Other fuel types","Own account","Co. Waterford","Number","30"
"Goods vehicles","2023","N1 - Vehicles used for the carriage of goods and having a maximum mass not exceeding 3.5 tonnes","Other fuel types","Own account","Co. Wicklow","Number","69"
"Goods vehicles","2023","N1 - Vehicles used for the carriage of goods and having a maximum mass not exceeding 3.5 tonnes","Other fuel types","Own account","Co. Westmeath","Number","25"
"Goods vehicles","2023","N1 - Vehicles used for the carriage of goods and having a maximum mass not exceeding 3.5 tonnes","Other fuel types","Own account","Co. Wexford","Number","39"
"Goods vehicles","2023","N1 - Vehicles used for the carriage of goods and having a maximum mass not exceeding 3.5 tonnes","Other fuel types","Own account","Ireland","Number","1453"
"Goods vehicles","2023","N1 - Vehicles used for the carriage of goods and having a maximum mass not exceeding 3.5 tonnes","All fuel types","Main use (own account and hire or reward)","Co. Clare","Number","8948"
"Goods vehicles","2023","N1 - Vehicles used for the carriage of goods and having a maximum mass not exceeding 3.5 tonnes","All fuel types","Main use (own account and hire or reward)","Co. Cork","Number","41239"
"Goods vehicles","2023","N1 - Vehicles used for the carriage of goods and having a maximum mass not exceeding 3.5 tonnes","All fuel types","Main use (own account and hire or reward)","Co. Cavan","Number","8485"
"Goods vehicles","2023","N1 - Vehicles used for the carriage of goods and having a maximum mass not exceeding 3.5 tonnes","All fuel types","Main use (own account and hire or reward)","Co. Carlow","Number","5713"
"Goods vehicles","2023","N1 - Vehicles used for the carriage of goods and having a maximum mass not exceeding 3.5 tonnes","All fuel types","Main use (own account and hire or reward)","Co. Donegal","Number","15559"
"Goods vehicles","2023","N1 - Vehicles used for the carriage of goods and having a maximum mass not exceeding 3.5 tonnes","All fuel types","Main use (own account and hire or reward)","Co. Dublin","Number","77870"
"Goods vehicles","2023","N1 - Vehicles used for the carriage of goods and having a maximum mass not exceeding 3.5 tonnes","All fuel types","Main use (own account and hire or reward)","Co. Galway","Number","19806"
"Goods vehicles","2023","N1 - Vehicles used for the carriage of goods and having a maximum mass not exceeding 3.5 tonnes","All fuel types","Main use (own account and hire or reward)","Co. Kildare","Number","17212"
"Goods vehicles","2023","N1 - Vehicles used for the carriage of goods and having a maximum mass not exceeding 3.5 tonnes","All fuel types","Main use (own account and hire or reward)","Co. Kilkenny","Number","7981"
"Goods vehicles","2023","N1 - Vehicles used for the carriage of goods and having a maximum mass not exceeding 3.5 tonnes","All fuel types","Main use (own account and hire or reward)","Co. Kerry","Number","12124"
"Goods vehicles","2023","N1 - Vehicles used for the carriage of goods and having a maximum mass not exceeding 3.5 tonnes","All fuel types","Main use (own account and hire or reward)","Co. Longford","Number","3886"
"Goods vehicles","2023","N1 - Vehicles used for the carriage of goods and having a maximum mass not exceeding 3.5 tonnes","All fuel types","Main use (own account and hire or reward)","Co. Louth","Number","7739"
"Goods vehicles","2023","N1 - Vehicles used for the carriage of goods and having a maximum mass not exceeding 3.5 tonnes","All fuel types","Main use (own account and hire or reward)","Co. Limerick","Number","12951"
"Goods vehicles","2023","N1 - Vehicles used for the carriage of goods and having a maximum mass not exceeding 3.5 tonnes","All fuel types","Main use (own account and hire or reward)","Co. Leitrim","Number","3584"
"Goods vehicles","2023","N1 - Vehicles used for the carriage of goods and having a maximum mass not exceeding 3.5 tonnes","All fuel types","Main use (own account and hire or reward)","Co. Laois","Number","5989"
"Goods vehicles","2023","N1 - Vehicles used for the carriage of goods and having a maximum mass not exceeding 3.5 tonnes","All fuel types","Main use (own account and hire or reward)","Co. Meath","Number","15223"
"Goods vehicles","2023","N1 - Vehicles used for the carriage of goods and having a maximum mass not exceeding 3.5 tonnes","All fuel types","Main use (own account and hire or reward)","Co. Monaghan","Number","7411"
"Goods vehicles","2023","N1 - Vehicles used for the carriage of goods and having a maximum mass not exceeding 3.5 tonnes","All fuel types","Main use (own account and hire or reward)","Co. Mayo","Number","12733"
"Goods vehicles","2023","N1 - Vehicles used for the carriage of goods and having a maximum mass not exceeding 3.5 tonnes","All fuel types","Main use (own account and hire or reward)","Co. Offaly","Number","6428"
"Goods vehicles","2023","N1 - Vehicles used for the carriage of goods and having a maximum mass not exceeding 3.5 tonnes","All fuel types","Main use (own account and hire or reward)","Co. Roscommon","Number","6104"
"Goods vehicles","2023","N1 - Vehicles used for the carriage of goods and having a maximum mass not exceeding 3.5 tonnes","All fuel types","Main use (own account and hire or reward)","Co. Sligo","Number","6042"
"Goods vehicles","2023","N1 - Vehicles used for the carriage of goods and having a maximum mass not exceeding 3.5 tonnes","All fuel types","Main use (own account and hire or reward)","Co. Tipperary","Number","13759"
"Goods vehicles","2023","N1 - Vehicles used for the carriage of goods and having a maximum mass not exceeding 3.5 tonnes","All fuel types","Main use (own account and hire or reward)","Co. Waterford","Number","7700"
"Goods vehicles","2023","N1 - Vehicles used for the carriage of goods and having a maximum mass not exceeding 3.5 tonnes","All fuel types","Main use (own account and hire or reward)","Co. Wicklow","Number","9773"
"Goods vehicles","2023","N1 - Vehicles used for the carriage of goods and having a maximum mass not exceeding 3.5 tonnes","All fuel types","Main use (own account and hire or reward)","Co. Westmeath","Number","8030"
"Goods vehicles","2023","N1 - Vehicles used for the carriage of goods and having a maximum mass not exceeding 3.5 tonnes","All fuel types","Main use (own account and hire or reward)","Co. Wexford","Number","13139"
"Goods vehicles","2023","N1 - Vehicles used for the carriage of goods and having a maximum mass not exceeding 3.5 tonnes","All fuel types","Main use (own account and hire or reward)","Ireland","Number","355428"
"Goods vehicles","2023","N1 - Vehicles used for the carriage of goods and having a maximum mass not exceeding 3.5 tonnes","All fuel types","Hire or reward","Co. Clare","Number","160"
"Goods vehicles","2023","N1 - Vehicles used for the carriage of goods and having a maximum mass not exceeding 3.5 tonnes","All fuel types","Hire or reward","Co. Cork","Number","1557"
"Goods vehicles","2023","N1 - Vehicles used for the carriage of goods and having a maximum mass not exceeding 3.5 tonnes","All fuel types","Hire or reward","Co. Cavan","Number","240"
"Goods vehicles","2023","N1 - Vehicles used for the carriage of goods and having a maximum mass not exceeding 3.5 tonnes","All fuel types","Hire or reward","Co. Carlow","Number","158"
"Goods vehicles","2023","N1 - Vehicles used for the carriage of goods and having a maximum mass not exceeding 3.5 tonnes","All fuel types","Hire or reward","Co. Donegal","Number","242"
"Goods vehicles","2023","N1 - Vehicles used for the carriage of goods and having a maximum mass not exceeding 3.5 tonnes","All fuel types","Hire or reward","Co. Dublin","Number","4894"
"Goods vehicles","2023","N1 - Vehicles used for the carriage of goods and having a maximum mass not exceeding 3.5 tonnes","All fuel types","Hire or reward","Co. Galway","Number","399"
"Goods vehicles","2023","N1 - Vehicles used for the carriage of goods and having a maximum mass not exceeding 3.5 tonnes","All fuel types","Hire or reward","Co. Kildare","Number","479"
"Goods vehicles","2023","N1 - Vehicles used for the carriage of goods and having a maximum mass not exceeding 3.5 tonnes","All fuel types","Hire or reward","Co. Kilkenny","Number","162"
"Goods vehicles","2023","N1 - Vehicles used for the carriage of goods and having a maximum mass not exceeding 3.5 tonnes","All fuel types","Hire or reward","Co. Kerry","Number","261"
"Goods vehicles","2023","N1 - Vehicles used for the carriage of goods and having a maximum mass not exceeding 3.5 tonnes","All fuel types","Hire or reward","Co. Longford","Number","92"
"Goods vehicles","2023","N1 - Vehicles used for the carriage of goods and having a maximum mass not exceeding 3.5 tonnes","All fuel types","Hire or reward","Co. Louth","Number","218"
"Goods vehicles","2023","N1 - Vehicles used for the carriage of goods and having a maximum mass not exceeding 3.5 tonnes","All fuel types","Hire or reward","Co. Limerick","Number","331"
"Goods vehicles","2023","N1 - Vehicles used for the carriage of goods and having a maximum mass not exceeding 3.5 tonnes","All fuel types","Hire or reward","Co. Leitrim","Number","75"
"Goods vehicles","2023","N1 - Vehicles used for the carriage of goods and having a maximum mass not exceeding 3.5 tonnes","All fuel types","Hire or reward","Co. Laois","Number","140"
"Goods vehicles","2023","N1 - Vehicles used for the carriage of goods and having a maximum mass not exceeding 3.5 tonnes","All fuel types","Hire or reward","Co. Meath","Number","378"
"Goods vehicles","2023","N1 - Vehicles used for the carriage of goods and having a maximum mass not exceeding 3.5 tonnes","All fuel types","Hire or reward","Co. Monaghan","Number","102"
"Goods vehicles","2023","N1 - Vehicles used for the carriage of goods and having a maximum mass not exceeding 3.5 tonnes","All fuel types","Hire or reward","Co. Mayo","Number","260"
"Goods vehicles","2023","N1 - Vehicles used for the carriage of goods and having a maximum mass not exceeding 3.5 tonnes","All fuel types","Hire or reward","Co. Offaly","Number","123"
"Goods vehicles","2023","N1 - Vehicles used for the carriage of goods and having a maximum mass not exceeding 3.5 tonnes","All fuel types","Hire or reward","Co. Roscommon","Number","184"
"Goods vehicles","2023","N1 - Vehicles used for the carriage of goods and having a maximum mass not exceeding 3.5 tonnes","All fuel types","Hire or reward","Co. Sligo","Number","141"
"Goods vehicles","2023","N1 - Vehicles used for the carriage of goods and having a maximum mass not exceeding 3.5 tonnes","All fuel types","Hire or reward","Co. Tipperary","Number","279"
"Goods vehicles","2023","N1 - Vehicles used for the carriage of goods and having a maximum mass not exceeding 3.5 tonnes","All fuel types","Hire or reward","Co. Waterford","Number","157"
"Goods vehicles","2023","N1 - Vehicles used for the carriage of goods and having a maximum mass not exceeding 3.5 tonnes","All fuel types","Hire or reward","Co. Wicklow","Number","316"
"Goods vehicles","2023","N1 - Vehicles used for the carriage of goods and having a maximum mass not exceeding 3.5 tonnes","All fuel types","Hire or reward","Co. Westmeath","Number","187"
"Goods vehicles","2023","N1 - Vehicles used for the carriage of goods and having a maximum mass not exceeding 3.5 tonnes","All fuel types","Hire or reward","Co. Wexford","Number","586"
"Goods vehicles","2023","N1 - Vehicles used for the carriage of goods and having a maximum mass not exceeding 3.5 tonnes","All fuel types","Hire or reward","Ireland","Number","12121"
"Goods vehicles","2023","N1 - Vehicles used for the carriage of goods and having a maximum mass not exceeding 3.5 tonnes","All fuel types","Own account","Co. Clare","Number","8788"
"Goods vehicles","2023","N1 - Vehicles used for the carriage of goods and having a maximum mass not exceeding 3.5 tonnes","All fuel types","Own account","Co. Cork","Number","39682"
"Goods vehicles","2023","N1 - Vehicles used for the carriage of goods and having a maximum mass not exceeding 3.5 tonnes","All fuel types","Own account","Co. Cavan","Number","8245"
"Goods vehicles","2023","N1 - Vehicles used for the carriage of goods and having a maximum mass not exceeding 3.5 tonnes","All fuel types","Own account","Co. Carlow","Number","5555"
"Goods vehicles","2023","N1 - Vehicles used for the carriage of goods and having a maximum mass not exceeding 3.5 tonnes","All fuel types","Own account","Co. Donegal","Number","15317"
"Goods vehicles","2023","N1 - Vehicles used for the carriage of goods and having a maximum mass not exceeding 3.5 tonnes","All fuel types","Own account","Co. Dublin","Number","72976"
"Goods vehicles","2023","N1 - Vehicles used for the carriage of goods and having a maximum mass not exceeding 3.5 tonnes","All fuel types","Own account","Co. Galway","Number","19407"
"Goods vehicles","2023","N1 - Vehicles used for the carriage of goods and having a maximum mass not exceeding 3.5 tonnes","All fuel types","Own account","Co. Kildare","Number","16733"
"Goods vehicles","2023","N1 - Vehicles used for the carriage of goods and having a maximum mass not exceeding 3.5 tonnes","All fuel types","Own account","Co. Kilkenny","Number","7819"
"Goods vehicles","2023","N1 - Vehicles used for the carriage of goods and having a maximum mass not exceeding 3.5 tonnes","All fuel types","Own account","Co. Kerry","Number","11863"
"Goods vehicles","2023","N1 - Vehicles used for the carriage of goods and having a maximum mass not exceeding 3.5 tonnes","All fuel types","Own account","Co. Longford","Number","3794"
"Goods vehicles","2023","N1 - Vehicles used for the carriage of goods and having a maximum mass not exceeding 3.5 tonnes","All fuel types","Own account","Co. Louth","Number","7521"
"Goods vehicles","2023","N1 - Vehicles used for the carriage of goods and having a maximum mass not exceeding 3.5 tonnes","All fuel types","Own account","Co. Limerick","Number","12620"
"Goods vehicles","2023","N1 - Vehicles used for the carriage of goods and having a maximum mass not exceeding 3.5 tonnes","All fuel types","Own account","Co. Leitrim","Number","3509"
"Goods vehicles","2023","N1 - Vehicles used for the carriage of goods and having a maximum mass not exceeding 3.5 tonnes","All fuel types","Own account","Co. Laois","Number","5849"
"Goods vehicles","2023","N1 - Vehicles used for the carriage of goods and having a maximum mass not exceeding 3.5 tonnes","All fuel types","Own account","Co. Meath","Number","14845"
"Goods vehicles","2023","N1 - Vehicles used for the carriage of goods and having a maximum mass not exceeding 3.5 tonnes","All fuel types","Own account","Co. Monaghan","Number","7309"
"Goods vehicles","2023","N1 - Vehicles used for the carriage of goods and having a maximum mass not exceeding 3.5 tonnes","All fuel types","Own account","Co. Mayo","Number","12473"
"Goods vehicles","2023","N1 - Vehicles used for the carriage of goods and having a maximum mass not exceeding 3.5 tonnes","All fuel types","Own account","Co. Offaly","Number","6305"
"Goods vehicles","2023","N1 - Vehicles used for the carriage of goods and having a maximum mass not exceeding 3.5 tonnes","All fuel types","Own account","Co. Roscommon","Number","5920"
"Goods vehicles","2023","N1 - Vehicles used for the carriage of goods and having a maximum mass not exceeding 3.5 tonnes","All fuel types","Own account","Co. Sligo","Number","5901"
"Goods vehicles","2023","N1 - Vehicles used for the carriage of goods and having a maximum mass not exceeding 3.5 tonnes","All fuel types","Own account","Co. Tipperary","Number","13480"
"Goods vehicles","2023","N1 - Vehicles used for the carriage of goods and having a maximum mass not exceeding 3.5 tonnes","All fuel types","Own account","Co. Waterford","Number","7543"
"Goods vehicles","2023","N1 - Vehicles used for the carriage of goods and having a maximum mass not exceeding 3.5 tonnes","All fuel types","Own account","Co. Wicklow","Number","9457"
"Goods vehicles","2023","N1 - Vehicles used for the carriage of goods and having a maximum mass not exceeding 3.5 tonnes","All fuel types","Own account","Co. Westmeath","Number","7843"
"Goods vehicles","2023","N1 - Vehicles used for the carriage of goods and having a maximum mass not exceeding 3.5 tonnes","All fuel types","Own account","Co. Wexford","Number","12553"
"Goods vehicles","2023","N1 - Vehicles used for the carriage of goods and having a maximum mass not exceeding 3.5 tonnes","All fuel types","Own account","Ireland","Number","343307"
"Goods vehicles","2023","N2 - Vehicles used for the carriage of goods and having a maximum mass exceeding 3.5 tonnes but not exceeding 12 tonnes","Diesel","Main use (own account and hire or reward)","Co. Clare","Number","202"
"Goods vehicles","2023","N2 - Vehicles used for the carriage of goods and having a maximum mass exceeding 3.5 tonnes but not exceeding 12 tonnes","Diesel","Main use (own account and hire or reward)","Co. Cork","Number","1105"
"Goods vehicles","2023","N2 - Vehicles used for the carriage of goods and having a maximum mass exceeding 3.5 tonnes but not exceeding 12 tonnes","Diesel","Main use (own account and hire or reward)","Co. Cavan","Number","188"
"Goods vehicles","2023","N2 - Vehicles used for the carriage of goods and having a maximum mass exceeding 3.5 tonnes but not exceeding 12 tonnes","Diesel","Main use (own account and hire or reward)","Co. Carlow","Number","149"
"Goods vehicles","2023","N2 - Vehicles used for the carriage of goods and having a maximum mass exceeding 3.5 tonnes but not exceeding 12 tonnes","Diesel","Main use (own account and hire or reward)","Co. Donegal","Number","226"
"Goods vehicles","2023","N2 - Vehicles used for the carriage of goods and having a maximum mass exceeding 3.5 tonnes but not exceeding 12 tonnes","Diesel","Main use (own account and hire or reward)","Co. Dublin","Number","2139"
"Goods vehicles","2023","N2 - Vehicles used for the carriage of goods and having a maximum mass exceeding 3.5 tonnes but not exceeding 12 tonnes","Diesel","Main use (own account and hire or reward)","Co. Galway","Number","448"
"Goods vehicles","2023","N2 - Vehicles used for the carriage of goods and having a maximum mass exceeding 3.5 tonnes but not exceeding 12 tonnes","Diesel","Main use (own account and hire or reward)","Co. Kildare","Number","419"
"Goods vehicles","2023","N2 - Vehicles used for the carriage of goods and having a maximum mass exceeding 3.5 tonnes but not exceeding 12 tonnes","Diesel","Main use (own account and hire or reward)","Co. Kilkenny","Number","240"
"Goods vehicles","2023","N2 - Vehicles used for the carriage of goods and having a maximum mass exceeding 3.5 tonnes but not exceeding 12 tonnes","Diesel","Main use (own account and hire or reward)","Co. Kerry","Number","312"
"Goods vehicles","2023","N2 - Vehicles used for the carriage of goods and having a maximum mass exceeding 3.5 tonnes but not exceeding 12 tonnes","Diesel","Main use (own account and hire or reward)","Co. Longford","Number","85"
"Goods vehicles","2023","N2 - Vehicles used for the carriage of goods and having a maximum mass exceeding 3.5 tonnes but not exceeding 12 tonnes","Diesel","Main use (own account and hire or reward)","Co. Louth","Number","205"
"Goods vehicles","2023","N2 - Vehicles used for the carriage of goods and having a maximum mass exceeding 3.5 tonnes but not exceeding 12 tonnes","Diesel","Main use (own account and hire or reward)","Co. Limerick","Number","420"
"Goods vehicles","2023","N2 - Vehicles used for the carriage of goods and having a maximum mass exceeding 3.5 tonnes but not exceeding 12 tonnes","Diesel","Main use (own account and hire or reward)","Co. Leitrim","Number","46"
"Goods vehicles","2023","N2 - Vehicles used for the carriage of goods and having a maximum mass exceeding 3.5 tonnes but not exceeding 12 tonnes","Diesel","Main use (own account and hire or reward)","Co. Laois","Number","144"
"Goods vehicles","2023","N2 - Vehicles used for the carriage of goods and having a maximum mass exceeding 3.5 tonnes but not exceeding 12 tonnes","Diesel","Main use (own account and hire or reward)","Co. Meath","Number","402"
"Goods vehicles","2023","N2 - Vehicles used for the carriage of goods and having a maximum mass exceeding 3.5 tonnes but not exceeding 12 tonnes","Diesel","Main use (own account and hire or reward)","Co. Monaghan","Number","122"
"Goods vehicles","2023","N2 - Vehicles used for the carriage of goods and having a maximum mass exceeding 3.5 tonnes but not exceeding 12 tonnes","Diesel","Main use (own account and hire or reward)","Co. Mayo","Number","345"
"Goods vehicles","2023","N2 - Vehicles used for the carriage of goods and having a maximum mass exceeding 3.5 tonnes but not exceeding 12 tonnes","Diesel","Main use (own account and hire or reward)","Co. Offaly","Number","180"
"Goods vehicles","2023","N2 - Vehicles used for the carriage of goods and having a maximum mass exceeding 3.5 tonnes but not exceeding 12 tonnes","Diesel","Main use (own account and hire or reward)","Co. Roscommon","Number","123"
"Goods vehicles","2023","N2 - Vehicles used for the carriage of goods and having a maximum mass exceeding 3.5 tonnes but not exceeding 12 tonnes","Diesel","Main use (own account and hire or reward)","Co. Sligo","Number","185"
"Goods vehicles","2023","N2 - Vehicles used for the carriage of goods and having a maximum mass exceeding 3.5 tonnes but not exceeding 12 tonnes","Diesel","Main use (own account and hire or reward)","Co. Tipperary","Number","338"
"Goods vehicles","2023","N2 - Vehicles used for the carriage of goods and having a maximum mass exceeding 3.5 tonnes but not exceeding 12 tonnes","Diesel","Main use (own account and hire or reward)","Co. Waterford","Number","191"
"Goods vehicles","2023","N2 - Vehicles used for the carriage of goods and having a maximum mass exceeding 3.5 tonnes but not exceeding 12 tonnes","Diesel","Main use (own account and hire or reward)","Co. Wicklow","Number","304"
"Goods vehicles","2023","N2 - Vehicles used for the carriage of goods and having a maximum mass exceeding 3.5 tonnes but not exceeding 12 tonnes","Diesel","Main use (own account and hire or reward)","Co. Westmeath","Number","188"
"Goods vehicles","2023","N2 - Vehicles used for the carriage of goods and having a maximum mass exceeding 3.5 tonnes but not exceeding 12 tonnes","Diesel","Main use (own account and hire or reward)","Co. Wexford","Number","412"
"Goods vehicles","2023","N2 - Vehicles used for the carriage of goods and having a maximum mass exceeding 3.5 tonnes but not exceeding 12 tonnes","Diesel","Main use (own account and hire or reward)","Ireland","Number","9118"
"Goods vehicles","2023","N2 - Vehicles used for the carriage of goods and having a maximum mass exceeding 3.5 tonnes but not exceeding 12 tonnes","Diesel","Hire or reward","Co. Clare","Number","77"
"Goods vehicles","2023","N2 - Vehicles used for the carriage of goods and having a maximum mass exceeding 3.5 tonnes but not exceeding 12 tonnes","Diesel","Hire or reward","Co. Cork","Number","134"
"Goods vehicles","2023","N2 - Vehicles used for the carriage of goods and having a maximum mass exceeding 3.5 tonnes but not exceeding 12 tonnes","Diesel","Hire or reward","Co. Cavan","Number","21"
"Goods vehicles","2023","N2 - Vehicles used for the carriage of goods and having a maximum mass exceeding 3.5 tonnes but not exceeding 12 tonnes","Diesel","Hire or reward","Co. Carlow","Number","13"
"Goods vehicles","2023","N2 - Vehicles used for the carriage of goods and having a maximum mass exceeding 3.5 tonnes but not exceeding 12 tonnes","Diesel","Hire or reward","Co. Donegal","Number","42"
"Goods vehicles","2023","N2 - Vehicles used for the carriage of goods and having a maximum mass exceeding 3.5 tonnes but not exceeding 12 tonnes","Diesel","Hire or reward","Co. Dublin","Number","204"
"Goods vehicles","2023","N2 - Vehicles used for the carriage of goods and having a maximum mass exceeding 3.5 tonnes but not exceeding 12 tonnes","Diesel","Hire or reward","Co. Galway","Number","39"
"Goods vehicles","2023","N2 - Vehicles used for the carriage of goods and having a maximum mass exceeding 3.5 tonnes but not exceeding 12 tonnes","Diesel","Hire or reward","Co. Kildare","Number","35"
"Goods vehicles","2023","N2 - Vehicles used for the carriage of goods and having a maximum mass exceeding 3.5 tonnes but not exceeding 12 tonnes","Diesel","Hire or reward","Co. Kilkenny","Number","15"
"Goods vehicles","2023","N2 - Vehicles used for the carriage of goods and having a maximum mass exceeding 3.5 tonnes but not exceeding 12 tonnes","Diesel","Hire or reward","Co. Kerry","Number","21"
"Goods vehicles","2023","N2 - Vehicles used for the carriage of goods and having a maximum mass exceeding 3.5 tonnes but not exceeding 12 tonnes","Diesel","Hire or reward","Co. Longford","Number","6"
"Goods vehicles","2023","N2 - Vehicles used for the carriage of goods and having a maximum mass exceeding 3.5 tonnes but not exceeding 12 tonnes","Diesel","Hire or reward","Co. Louth","Number","24"
"Goods vehicles","2023","N2 - Vehicles used for the carriage of goods and having a maximum mass exceeding 3.5 tonnes but not exceeding 12 tonnes","Diesel","Hire or reward","Co. Limerick","Number","30"
"Goods vehicles","2023","N2 - Vehicles used for the carriage of goods and having a maximum mass exceeding 3.5 tonnes but not exceeding 12 tonnes","Diesel","Hire or reward","Co. Leitrim","Number","7"
"Goods vehicles","2023","N2 - Vehicles used for the carriage of goods and having a maximum mass exceeding 3.5 tonnes but not exceeding 12 tonnes","Diesel","Hire or reward","Co. Laois","Number","12"
"Goods vehicles","2023","N2 - Vehicles used for the carriage of goods and having a maximum mass exceeding 3.5 tonnes but not exceeding 12 tonnes","Diesel","Hire or reward","Co. Meath","Number","46"
"Goods vehicles","2023","N2 - Vehicles used for the carriage of goods and having a maximum mass exceeding 3.5 tonnes but not exceeding 12 tonnes","Diesel","Hire or reward","Co. Monaghan","Number","11"
"Goods vehicles","2023","N2 - Vehicles used for the carriage of goods and having a maximum mass exceeding 3.5 tonnes but not exceeding 12 tonnes","Diesel","Hire or reward","Co. Mayo","Number","15"
"Goods vehicles","2023","N2 - Vehicles used for the carriage of goods and having a maximum mass exceeding 3.5 tonnes but not exceeding 12 tonnes","Diesel","Hire or reward","Co. Offaly","Number","31"
"Goods vehicles","2023","N2 - Vehicles used for the carriage of goods and having a maximum mass exceeding 3.5 tonnes but not exceeding 12 tonnes","Diesel","Hire or reward","Co. Roscommon","Number","14"
"Goods vehicles","2023","N2 - Vehicles used for the carriage of goods and having a maximum mass exceeding 3.5 tonnes but not exceeding 12 tonnes","Diesel","Hire or reward","Co. Sligo","Number","20"
"Goods vehicles","2023","N2 - Vehicles used for the carriage of goods and having a maximum mass exceeding 3.5 tonnes but not exceeding 12 tonnes","Diesel","Hire or reward","Co. Tipperary","Number","38"
"Goods vehicles","2023","N2 - Vehicles used for the carriage of goods and having a maximum mass exceeding 3.5 tonnes but not exceeding 12 tonnes","Diesel","Hire or reward","Co. Waterford","Number","7"
"Goods vehicles","2023","N2 - Vehicles used for the carriage of goods and having a maximum mass exceeding 3.5 tonnes but not exceeding 12 tonnes","Diesel","Hire or reward","Co. Wicklow","Number","30"
"Goods vehicles","2023","N2 - Vehicles used for the carriage of goods and having a maximum mass exceeding 3.5 tonnes but not exceeding 12 tonnes","Diesel","Hire or reward","Co. Westmeath","Number","45"
"Goods vehicles","2023","N2 - Vehicles used for the carriage of goods and having a maximum mass exceeding 3.5 tonnes but not exceeding 12 tonnes","Diesel","Hire or reward","Co. Wexford","Number","41"
"Goods vehicles","2023","N2 - Vehicles used for the carriage of goods and having a maximum mass exceeding 3.5 tonnes but not exceeding 12 tonnes","Diesel","Hire or reward","Ireland","Number","978"
"Goods vehicles","2023","N2 - Vehicles used for the carriage of goods and having a maximum mass exceeding 3.5 tonnes but not exceeding 12 tonnes","Diesel","Own account","Co. Clare","Number","125"
"Goods vehicles","2023","N2 - Vehicles used for the carriage of goods and having a maximum mass exceeding 3.5 tonnes but not exceeding 12 tonnes","Diesel","Own account","Co. Cork","Number","971"
"Goods vehicles","2023","N2 - Vehicles used for the carriage of goods and having a maximum mass exceeding 3.5 tonnes but not exceeding 12 tonnes","Diesel","Own account","Co. Cavan","Number","167"
"Goods vehicles","2023","N2 - Vehicles used for the carriage of goods and having a maximum mass exceeding 3.5 tonnes but not exceeding 12 tonnes","Diesel","Own account","Co. Carlow","Number","136"
"Goods vehicles","2023","N2 - Vehicles used for the carriage of goods and having a maximum mass exceeding 3.5 tonnes but not exceeding 12 tonnes","Diesel","Own account","Co. Donegal","Number","184"
"Goods vehicles","2023","N2 - Vehicles used for the carriage of goods and having a maximum mass exceeding 3.5 tonnes but not exceeding 12 tonnes","Diesel","Own account","Co. Dublin","Number","1935"
"Goods vehicles","2023","N2 - Vehicles used for the carriage of goods and having a maximum mass exceeding 3.5 tonnes but not exceeding 12 tonnes","Diesel","Own account","Co. Galway","Number","409"
"Goods vehicles","2023","N2 - Vehicles used for the carriage of goods and having a maximum mass exceeding 3.5 tonnes but not exceeding 12 tonnes","Diesel","Own account","Co. Kildare","Number","384"
"Goods vehicles","2023","N2 - Vehicles used for the carriage of goods and having a maximum mass exceeding 3.5 tonnes but not exceeding 12 tonnes","Diesel","Own account","Co. Kilkenny","Number","225"
"Goods vehicles","2023","N2 - Vehicles used for the carriage of goods and having a maximum mass exceeding 3.5 tonnes but not exceeding 12 tonnes","Diesel","Own account","Co. Kerry","Number","291"
"Goods vehicles","2023","N2 - Vehicles used for the carriage of goods and having a maximum mass exceeding 3.5 tonnes but not exceeding 12 tonnes","Diesel","Own account","Co. Longford","Number","79"
"Goods vehicles","2023","N2 - Vehicles used for the carriage of goods and having a maximum mass exceeding 3.5 tonnes but not exceeding 12 tonnes","Diesel","Own account","Co. Louth","Number","181"
"Goods vehicles","2023","N2 - Vehicles used for the carriage of goods and having a maximum mass exceeding 3.5 tonnes but not exceeding 12 tonnes","Diesel","Own account","Co. Limerick","Number","390"
"Goods vehicles","2023","N2 - Vehicles used for the carriage of goods and having a maximum mass exceeding 3.5 tonnes but not exceeding 12 tonnes","Diesel","Own account","Co. Leitrim","Number","39"
"Goods vehicles","2023","N2 - Vehicles used for the carriage of goods and having a maximum mass exceeding 3.5 tonnes but not exceeding 12 tonnes","Diesel","Own account","Co. Laois","Number","132"
"Goods vehicles","2023","N2 - Vehicles used for the carriage of goods and having a maximum mass exceeding 3.5 tonnes but not exceeding 12 tonnes","Diesel","Own account","Co. Meath","Number","356"
"Goods vehicles","2023","N2 - Vehicles used for the carriage of goods and having a maximum mass exceeding 3.5 tonnes but not exceeding 12 tonnes","Diesel","Own account","Co. Monaghan","Number","111"
"Goods vehicles","2023","N2 - Vehicles used for the carriage of goods and having a maximum mass exceeding 3.5 tonnes but not exceeding 12 tonnes","Diesel","Own account","Co. Mayo","Number","330"
"Goods vehicles","2023","N2 - Vehicles used for the carriage of goods and having a maximum mass exceeding 3.5 tonnes but not exceeding 12 tonnes","Diesel","Own account","Co. Offaly","Number","149"
"Goods vehicles","2023","N2 - Vehicles used for the carriage of goods and having a maximum mass exceeding 3.5 tonnes but not exceeding 12 tonnes","Diesel","Own account","Co. Roscommon","Number","109"
"Goods vehicles","2023","N2 - Vehicles used for the carriage of goods and having a maximum mass exceeding 3.5 tonnes but not exceeding 12 tonnes","Diesel","Own account","Co. Sligo","Number","165"
"Goods vehicles","2023","N2 - Vehicles used for the carriage of goods and having a maximum mass exceeding 3.5 tonnes but not exceeding 12 tonnes","Diesel","Own account","Co. Tipperary","Number","300"
"Goods vehicles","2023","N2 - Vehicles used for the carriage of goods and having a maximum mass exceeding 3.5 tonnes but not exceeding 12 tonnes","Diesel","Own account","Co. Waterford","Number","184"
"Goods vehicles","2023","N2 - Vehicles used for the carriage of goods and having a maximum mass exceeding 3.5 tonnes but not exceeding 12 tonnes","Diesel","Own account","Co. Wicklow","Number","274"
"Goods vehicles","2023","N2 - Vehicles used for the carriage of goods and having a maximum mass exceeding 3.5 tonnes but not exceeding 12 tonnes","Diesel","Own account","Co. Westmeath","Number","143"
"Goods vehicles","2023","N2 - Vehicles used for the carriage of goods and having a maximum mass exceeding 3.5 tonnes but not exceeding 12 tonnes","Diesel","Own account","Co. Wexford","Number","371"
"Goods vehicles","2023","N2 - Vehicles used for the carriage of goods and having a maximum mass exceeding 3.5 tonnes but not exceeding 12 tonnes","Diesel","Own account","Ireland","Number","8140"
"Goods vehicles","2023","N2 - Vehicles used for the carriage of goods and having a maximum mass exceeding 3.5 tonnes but not exceeding 12 tonnes","Battery Electric Vehicles (BEV)","Main use (own account and hire or reward)","Co. Clare","Number","1"
"Goods vehicles","2023","N2 - Vehicles used for the carriage of goods and having a maximum mass exceeding 3.5 tonnes but not exceeding 12 tonnes","Battery Electric Vehicles (BEV)","Main use (own account and hire or reward)","Co. Cork","Number","3"
"Goods vehicles","2023","N2 - Vehicles used for the carriage of goods and having a maximum mass exceeding 3.5 tonnes but not exceeding 12 tonnes","Battery Electric Vehicles (BEV)","Main use (own account and hire or reward)","Co. Cavan","Number","0"
"Goods vehicles","2023","N2 - Vehicles used for the carriage of goods and having a maximum mass exceeding 3.5 tonnes but not exceeding 12 tonnes","Battery Electric Vehicles (BEV)","Main use (own account and hire or reward)","Co. Carlow","Number","0"
"Goods vehicles","2023","N2 - Vehicles used for the carriage of goods and having a maximum mass exceeding 3.5 tonnes but not exceeding 12 tonnes","Battery Electric Vehicles (BEV)","Main use (own account and hire or reward)","Co. Donegal","Number","0"
"Goods vehicles","2023","N2 - Vehicles used for the carriage of goods and having a maximum mass exceeding 3.5 tonnes but not exceeding 12 tonnes","Battery Electric Vehicles (BEV)","Main use (own account and hire or reward)","Co. Dublin","Number","12"
"Goods vehicles","2023","N2 - Vehicles used for the carriage of goods and having a maximum mass exceeding 3.5 tonnes but not exceeding 12 tonnes","Battery Electric Vehicles (BEV)","Main use (own account and hire or reward)","Co. Galway","Number","0"
"Goods vehicles","2023","N2 - Vehicles used for the carriage of goods and having a maximum mass exceeding 3.5 tonnes but not exceeding 12 tonnes","Battery Electric Vehicles (BEV)","Main use (own account and hire or reward)","Co. Kildare","Number","0"
"Goods vehicles","2023","N2 - Vehicles used for the carriage of goods and having a maximum mass exceeding 3.5 tonnes but not exceeding 12 tonnes","Battery Electric Vehicles (BEV)","Main use (own account and hire or reward)","Co. Kilkenny","Number","0"
"Goods vehicles","2023","N2 - Vehicles used for the carriage of goods and having a maximum mass exceeding 3.5 tonnes but not exceeding 12 tonnes","Battery Electric Vehicles (BEV)","Main use (own account and hire or reward)","Co. Kerry","Number","0"
"Goods vehicles","2023","N2 - Vehicles used for the carriage of goods and having a maximum mass exceeding 3.5 tonnes but not exceeding 12 tonnes","Battery Electric Vehicles (BEV)","Main use (own account and hire or reward)","Co. Longford","Number","0"
"Goods vehicles","2023","N2 - Vehicles used for the carriage of goods and having a maximum mass exceeding 3.5 tonnes but not exceeding 12 tonnes","Battery Electric Vehicles (BEV)","Main use (own account and hire or reward)","Co. Louth","Number","0"
"Goods vehicles","2023","N2 - Vehicles used for the carriage of goods and having a maximum mass exceeding 3.5 tonnes but not exceeding 12 tonnes","Battery Electric Vehicles (BEV)","Main use (own account and hire or reward)","Co. Limerick","Number","0"
"Goods vehicles","2023","N2 - Vehicles used for the carriage of goods and having a maximum mass exceeding 3.5 tonnes but not exceeding 12 tonnes","Battery Electric Vehicles (BEV)","Main use (own account and hire or reward)","Co. Leitrim","Number","0"
"Goods vehicles","2023","N2 - Vehicles used for the carriage of goods and having a maximum mass exceeding 3.5 tonnes but not exceeding 12 tonnes","Battery Electric Vehicles (BEV)","Main use (own account and hire or reward)","Co. Laois","Number","0"
"Goods vehicles","2023","N2 - Vehicles used for the carriage of goods and having a maximum mass exceeding 3.5 tonnes but not exceeding 12 tonnes","Battery Electric Vehicles (BEV)","Main use (own account and hire or reward)","Co. Meath","Number","0"
"Goods vehicles","2023","N2 - Vehicles used for the carriage of goods and having a maximum mass exceeding 3.5 tonnes but not exceeding 12 tonnes","Battery Electric Vehicles (BEV)","Main use (own account and hire or reward)","Co. Monaghan","Number","0"
"Goods vehicles","2023","N2 - Vehicles used for the carriage of goods and having a maximum mass exceeding 3.5 tonnes but not exceeding 12 tonnes","Battery Electric Vehicles (BEV)","Main use (own account and hire or reward)","Co. Mayo","Number","0"
"Goods vehicles","2023","N2 - Vehicles used for the carriage of goods and having a maximum mass exceeding 3.5 tonnes but not exceeding 12 tonnes","Battery Electric Vehicles (BEV)","Main use (own account and hire or reward)","Co. Offaly","Number","0"
"Goods vehicles","2023","N2 - Vehicles used for the carriage of goods and having a maximum mass exceeding 3.5 tonnes but not exceeding 12 tonnes","Battery Electric Vehicles (BEV)","Main use (own account and hire or reward)","Co. Roscommon","Number","0"
"Goods vehicles","2023","N2 - Vehicles used for the carriage of goods and having a maximum mass exceeding 3.5 tonnes but not exceeding 12 tonnes","Battery Electric Vehicles (BEV)","Main use (own account and hire or reward)","Co. Sligo","Number","0"
"Goods vehicles","2023","N2 - Vehicles used for the carriage of goods and having a maximum mass exceeding 3.5 tonnes but not exceeding 12 tonnes","Battery Electric Vehicles (BEV)","Main use (own account and hire or reward)","Co. Tipperary","Number","0"
"Goods vehicles","2023","N2 - Vehicles used for the carriage of goods and having a maximum mass exceeding 3.5 tonnes but not exceeding 12 tonnes","Battery Electric Vehicles (BEV)","Main use (own account and hire or reward)","Co. Waterford","Number","0"
"Goods vehicles","2023","N2 - Vehicles used for the carriage of goods and having a maximum mass exceeding 3.5 tonnes but not exceeding 12 tonnes","Battery Electric Vehicles (BEV)","Main use (own account and hire or reward)","Co. Wicklow","Number","0"
"Goods vehicles","2023","N2 - Vehicles used for the carriage of goods and having a maximum mass exceeding 3.5 tonnes but not exceeding 12 tonnes","Battery Electric Vehicles (BEV)","Main use (own account and hire or reward)","Co. Westmeath","Number","0"
"Goods vehicles","2023","N2 - Vehicles used for the carriage of goods and having a maximum mass exceeding 3.5 tonnes but not exceeding 12 tonnes","Battery Electric Vehicles (BEV)","Main use (own account and hire or reward)","Co. Wexford","Number","0"
"Goods vehicles","2023","N2 - Vehicles used for the carriage of goods and having a maximum mass exceeding 3.5 tonnes but not exceeding 12 tonnes","Battery Electric Vehicles (BEV)","Main use (own account and hire or reward)","Ireland","Number","16"
"Goods vehicles","2023","N2 - Vehicles used for the carriage of goods and having a maximum mass exceeding 3.5 tonnes but not exceeding 12 tonnes","Battery Electric Vehicles (BEV)","Hire or reward","Co. Clare","Number","0"
"Goods vehicles","2023","N2 - Vehicles used for the carriage of goods and having a maximum mass exceeding 3.5 tonnes but not exceeding 12 tonnes","Battery Electric Vehicles (BEV)","Hire or reward","Co. Cork","Number","0"
"Goods vehicles","2023","N2 - Vehicles used for the carriage of goods and having a maximum mass exceeding 3.5 tonnes but not exceeding 12 tonnes","Battery Electric Vehicles (BEV)","Hire or reward","Co. Cavan","Number","0"
"Goods vehicles","2023","N2 - Vehicles used for the carriage of goods and having a maximum mass exceeding 3.5 tonnes but not exceeding 12 tonnes","Battery Electric Vehicles (BEV)","Hire or reward","Co. Carlow","Number","0"
"Goods vehicles","2023","N2 - Vehicles used for the carriage of goods and having a maximum mass exceeding 3.5 tonnes but not exceeding 12 tonnes","Battery Electric Vehicles (BEV)","Hire or reward","Co. Donegal","Number","0"
"Goods vehicles","2023","N2 - Vehicles used for the carriage of goods and having a maximum mass exceeding 3.5 tonnes but not exceeding 12 tonnes","Battery Electric Vehicles (BEV)","Hire or reward","Co. Dublin","Number","0"
"Goods vehicles","2023","N2 - Vehicles used for the carriage of goods and having a maximum mass exceeding 3.5 tonnes but not exceeding 12 tonnes","Battery Electric Vehicles (BEV)","Hire or reward","Co. Galway","Number","0"
"Goods vehicles","2023","N2 - Vehicles used for the carriage of goods and having a maximum mass exceeding 3.5 tonnes but not exceeding 12 tonnes","Battery Electric Vehicles (BEV)","Hire or reward","Co. Kildare","Number","0"
"Goods vehicles","2023","N2 - Vehicles used for the carriage of goods and having a maximum mass exceeding 3.5 tonnes but not exceeding 12 tonnes","Battery Electric Vehicles (BEV)","Hire or reward","Co. Kilkenny","Number","0"
"Goods vehicles","2023","N2 - Vehicles used for the carriage of goods and having a maximum mass exceeding 3.5 tonnes but not exceeding 12 tonnes","Battery Electric Vehicles (BEV)","Hire or reward","Co. Kerry","Number","0"
"Goods vehicles","2023","N2 - Vehicles used for the carriage of goods and having a maximum mass exceeding 3.5 tonnes but not exceeding 12 tonnes","Battery Electric Vehicles (BEV)","Hire or reward","Co. Longford","Number","0"
"Goods vehicles","2023","N2 - Vehicles used for the carriage of goods and having a maximum mass exceeding 3.5 tonnes but not exceeding 12 tonnes","Battery Electric Vehicles (BEV)","Hire or reward","Co. Louth","Number","0"
"Goods vehicles","2023","N2 - Vehicles used for the carriage of goods and having a maximum mass exceeding 3.5 tonnes but not exceeding 12 tonnes","Battery Electric Vehicles (BEV)","Hire or reward","Co. Limerick","Number","0"
"Goods vehicles","2023","N2 - Vehicles used for the carriage of goods and having a maximum mass exceeding 3.5 tonnes but not exceeding 12 tonnes","Battery Electric Vehicles (BEV)","Hire or reward","Co. Leitrim","Number","0"
"Goods vehicles","2023","N2 - Vehicles used for the carriage of goods and having a maximum mass exceeding 3.5 tonnes but not exceeding 12 tonnes","Battery Electric Vehicles (BEV)","Hire or reward","Co. Laois","Number","0"
"Goods vehicles","2023","N2 - Vehicles used for the carriage of goods and having a maximum mass exceeding 3.5 tonnes but not exceeding 12 tonnes","Battery Electric Vehicles (BEV)","Hire or reward","Co. Meath","Number","0"
"Goods vehicles","2023","N2 - Vehicles used for the carriage of goods and having a maximum mass exceeding 3.5 tonnes but not exceeding 12 tonnes","Battery Electric Vehicles (BEV)","Hire or reward","Co. Monaghan","Number","0"
"Goods vehicles","2023","N2 - Vehicles used for the carriage of goods and having a maximum mass exceeding 3.5 tonnes but not exceeding 12 tonnes","Battery Electric Vehicles (BEV)","Hire or reward","Co. Mayo","Number","0"
"Goods vehicles","2023","N2 - Vehicles used for the carriage of goods and having a maximum mass exceeding 3.5 tonnes but not exceeding 12 tonnes","Battery Electric Vehicles (BEV)","Hire or reward","Co. Offaly","Number","0"
"Goods vehicles","2023","N2 - Vehicles used for the carriage of goods and having a maximum mass exceeding 3.5 tonnes but not exceeding 12 tonnes","Battery Electric Vehicles (BEV)","Hire or reward","Co. Roscommon","Number","0"
"Goods vehicles","2023","N2 - Vehicles used for the carriage of goods and having a maximum mass exceeding 3.5 tonnes but not exceeding 12 tonnes","Battery Electric Vehicles (BEV)","Hire or reward","Co. Sligo","Number","0"
"Goods vehicles","2023","N2 - Vehicles used for the carriage of goods and having a maximum mass exceeding 3.5 tonnes but not exceeding 12 tonnes","Battery Electric Vehicles (BEV)","Hire or reward","Co. Tipperary","Number","0"
"Goods vehicles","2023","N2 - Vehicles used for the carriage of goods and having a maximum mass exceeding 3.5 tonnes but not exceeding 12 tonnes","Battery Electric Vehicles (BEV)","Hire or reward","Co. Waterford","Number","0"
"Goods vehicles","2023","N2 - Vehicles used for the carriage of goods and having a maximum mass exceeding 3.5 tonnes but not exceeding 12 tonnes","Battery Electric Vehicles (BEV)","Hire or reward","Co. Wicklow","Number","0"
"Goods vehicles","2023","N2 - Vehicles used for the carriage of goods and having a maximum mass exceeding 3.5 tonnes but not exceeding 12 tonnes","Battery Electric Vehicles (BEV)","Hire or reward","Co. Westmeath","Number","0"
"Goods vehicles","2023","N2 - Vehicles used for the carriage of goods and having a maximum mass exceeding 3.5 tonnes but not exceeding 12 tonnes","Battery Electric Vehicles (BEV)","Hire or reward","Co. Wexford","Number","0"
"Goods vehicles","2023","N2 - Vehicles used for the carriage of goods and having a maximum mass exceeding 3.5 tonnes but not exceeding 12 tonnes","Battery Electric Vehicles (BEV)","Hire or reward","Ireland","Number","0"
"Goods vehicles","2023","N2 - Vehicles used for the carriage of goods and having a maximum mass exceeding 3.5 tonnes but not exceeding 12 tonnes","Battery Electric Vehicles (BEV)","Own account","Co. Clare","Number","1"
"Goods vehicles","2023","N2 - Vehicles used for the carriage of goods and having a maximum mass exceeding 3.5 tonnes but not exceeding 12 tonnes","Battery Electric Vehicles (BEV)","Own account","Co. Cork","Number","3"
"Goods vehicles","2023","N2 - Vehicles used for the carriage of goods and having a maximum mass exceeding 3.5 tonnes but not exceeding 12 tonnes","Battery Electric Vehicles (BEV)","Own account","Co. Cavan","Number","0"
"Goods vehicles","2023","N2 - Vehicles used for the carriage of goods and having a maximum mass exceeding 3.5 tonnes but not exceeding 12 tonnes","Battery Electric Vehicles (BEV)","Own account","Co. Carlow","Number","0"
"Goods vehicles","2023","N2 - Vehicles used for the carriage of goods and having a maximum mass exceeding 3.5 tonnes but not exceeding 12 tonnes","Battery Electric Vehicles (BEV)","Own account","Co. Donegal","Number","0"
"Goods vehicles","2023","N2 - Vehicles used for the carriage of goods and having a maximum mass exceeding 3.5 tonnes but not exceeding 12 tonnes","Battery Electric Vehicles (BEV)","Own account","Co. Dublin","Number","12"
"Goods vehicles","2023","N2 - Vehicles used for the carriage of goods and having a maximum mass exceeding 3.5 tonnes but not exceeding 12 tonnes","Battery Electric Vehicles (BEV)","Own account","Co. Galway","Number","0"
"Goods vehicles","2023","N2 - Vehicles used for the carriage of goods and having a maximum mass exceeding 3.5 tonnes but not exceeding 12 tonnes","Battery Electric Vehicles (BEV)","Own account","Co. Kildare","Number","0"
"Goods vehicles","2023","N2 - Vehicles used for the carriage of goods and having a maximum mass exceeding 3.5 tonnes but not exceeding 12 tonnes","Battery Electric Vehicles (BEV)","Own account","Co. Kilkenny","Number","0"
"Goods vehicles","2023","N2 - Vehicles used for the carriage of goods and having a maximum mass exceeding 3.5 tonnes but not exceeding 12 tonnes","Battery Electric Vehicles (BEV)","Own account","Co. Kerry","Number","0"
"Goods vehicles","2023","N2 - Vehicles used for the carriage of goods and having a maximum mass exceeding 3.5 tonnes but not exceeding 12 tonnes","Battery Electric Vehicles (BEV)","Own account","Co. Longford","Number","0"
"Goods vehicles","2023","N2 - Vehicles used for the carriage of goods and having a maximum mass exceeding 3.5 tonnes but not exceeding 12 tonnes","Battery Electric Vehicles (BEV)","Own account","Co. Louth","Number","0"
"Goods vehicles","2023","N2 - Vehicles used for the carriage of goods and having a maximum mass exceeding 3.5 tonnes but not exceeding 12 tonnes","Battery Electric Vehicles (BEV)","Own account","Co. Limerick","Number","0"
"Goods vehicles","2023","N2 - Vehicles used for the carriage of goods and having a maximum mass exceeding 3.5 tonnes but not exceeding 12 tonnes","Battery Electric Vehicles (BEV)","Own account","Co. Leitrim","Number","0"
"Goods vehicles","2023","N2 - Vehicles used for the carriage of goods and having a maximum mass exceeding 3.5 tonnes but not exceeding 12 tonnes","Battery Electric Vehicles (BEV)","Own account","Co. Laois","Number","0"
"Goods vehicles","2023","N2 - Vehicles used for the carriage of goods and having a maximum mass exceeding 3.5 tonnes but not exceeding 12 tonnes","Battery Electric Vehicles (BEV)","Own account","Co. Meath","Number","0"
"Goods vehicles","2023","N2 - Vehicles used for the carriage of goods and having a maximum mass exceeding 3.5 tonnes but not exceeding 12 tonnes","Battery Electric Vehicles (BEV)","Own account","Co. Monaghan","Number","0"
"Goods vehicles","2023","N2 - Vehicles used for the carriage of goods and having a maximum mass exceeding 3.5 tonnes but not exceeding 12 tonnes","Battery Electric Vehicles (BEV)","Own account","Co. Mayo","Number","0"
"Goods vehicles","2023","N2 - Vehicles used for the carriage of goods and having a maximum mass exceeding 3.5 tonnes but not exceeding 12 tonnes","Battery Electric Vehicles (BEV)","Own account","Co. Offaly","Number","0"
"Goods vehicles","2023","N2 - Vehicles used for the carriage of goods and having a maximum mass exceeding 3.5 tonnes but not exceeding 12 tonnes","Battery Electric Vehicles (BEV)","Own account","Co. Roscommon","Number","0"
"Goods vehicles","2023","N2 - Vehicles used for the carriage of goods and having a maximum mass exceeding 3.5 tonnes but not exceeding 12 tonnes","Battery Electric Vehicles (BEV)","Own account","Co. Sligo","Number","0"
"Goods vehicles","2023","N2 - Vehicles used for the carriage of goods and having a maximum mass exceeding 3.5 tonnes but not exceeding 12 tonnes","Battery Electric Vehicles (BEV)","Own account","Co. Tipperary","Number","0"
"Goods vehicles","2023","N2 - Vehicles used for the carriage of goods and having a maximum mass exceeding 3.5 tonnes but not exceeding 12 tonnes","Battery Electric Vehicles (BEV)","Own account","Co. Waterford","Number","0"
"Goods vehicles","2023","N2 - Vehicles used for the carriage of goods and having a maximum mass exceeding 3.5 tonnes but not exceeding 12 tonnes","Battery Electric Vehicles (BEV)","Own account","Co. Wicklow","Number","0"
"Goods vehicles","2023","N2 - Vehicles used for the carriage of goods and having a maximum mass exceeding 3.5 tonnes but not exceeding 12 tonnes","Battery Electric Vehicles (BEV)","Own account","Co. Westmeath","Number","0"
"Goods vehicles","2023","N2 - Vehicles used for the carriage of goods and having a maximum mass exceeding 3.5 tonnes but not exceeding 12 tonnes","Battery Electric Vehicles (BEV)","Own account","Co. Wexford","Number","0"
"Goods vehicles","2023","N2 - Vehicles used for the carriage of goods and having a maximum mass exceeding 3.5 tonnes but not exceeding 12 tonnes","Battery Electric Vehicles (BEV)","Own account","Ireland","Number","16"
"Goods vehicles","2023","N2 - Vehicles used for the carriage of goods and having a maximum mass exceeding 3.5 tonnes but not exceeding 12 tonnes","Plug-in hybrid electric vehicles (PHEV)","Main use (own account and hire or reward)","Co. Clare","Number","0"
"Goods vehicles","2023","N2 - Vehicles used for the carriage of goods and having a maximum mass exceeding 3.5 tonnes but not exceeding 12 tonnes","Plug-in hybrid electric vehicles (PHEV)","Main use (own account and hire or reward)","Co. Cork","Number","0"
"Goods vehicles","2023","N2 - Vehicles used for the carriage of goods and having a maximum mass exceeding 3.5 tonnes but not exceeding 12 tonnes","Plug-in hybrid electric vehicles (PHEV)","Main use (own account and hire or reward)","Co. Cavan","Number","0"
"Goods vehicles","2023","N2 - Vehicles used for the carriage of goods and having a maximum mass exceeding 3.5 tonnes but not exceeding 12 tonnes","Plug-in hybrid electric vehicles (PHEV)","Main use (own account and hire or reward)","Co. Carlow","Number","0"
"Goods vehicles","2023","N2 - Vehicles used for the carriage of goods and having a maximum mass exceeding 3.5 tonnes but not exceeding 12 tonnes","Plug-in hybrid electric vehicles (PHEV)","Main use (own account and hire or reward)","Co. Donegal","Number","0"
"Goods vehicles","2023","N2 - Vehicles used for the carriage of goods and having a maximum mass exceeding 3.5 tonnes but not exceeding 12 tonnes","Plug-in hybrid electric vehicles (PHEV)","Main use (own account and hire or reward)","Co. Dublin","Number","1"
"Goods vehicles","2023","N2 - Vehicles used for the carriage of goods and having a maximum mass exceeding 3.5 tonnes but not exceeding 12 tonnes","Plug-in hybrid electric vehicles (PHEV)","Main use (own account and hire or reward)","Co. Galway","Number","0"
"Goods vehicles","2023","N2 - Vehicles used for the carriage of goods and having a maximum mass exceeding 3.5 tonnes but not exceeding 12 tonnes","Plug-in hybrid electric vehicles (PHEV)","Main use (own account and hire or reward)","Co. Kildare","Number","1"
"Goods vehicles","2023","N2 - Vehicles used for the carriage of goods and having a maximum mass exceeding 3.5 tonnes but not exceeding 12 tonnes","Plug-in hybrid electric vehicles (PHEV)","Main use (own account and hire or reward)","Co. Kilkenny","Number","0"
"Goods vehicles","2023","N2 - Vehicles used for the carriage of goods and having a maximum mass exceeding 3.5 tonnes but not exceeding 12 tonnes","Plug-in hybrid electric vehicles (PHEV)","Main use (own account and hire or reward)","Co. Kerry","Number","0"
"Goods vehicles","2023","N2 - Vehicles used for the carriage of goods and having a maximum mass exceeding 3.5 tonnes but not exceeding 12 tonnes","Plug-in hybrid electric vehicles (PHEV)","Main use (own account and hire or reward)","Co. Longford","Number","0"
"Goods vehicles","2023","N2 - Vehicles used for the carriage of goods and having a maximum mass exceeding 3.5 tonnes but not exceeding 12 tonnes","Plug-in hybrid electric vehicles (PHEV)","Main use (own account and hire or reward)","Co. Louth","Number","0"
"Goods vehicles","2023","N2 - Vehicles used for the carriage of goods and having a maximum mass exceeding 3.5 tonnes but not exceeding 12 tonnes","Plug-in hybrid electric vehicles (PHEV)","Main use (own account and hire or reward)","Co. Limerick","Number","0"
"Goods vehicles","2023","N2 - Vehicles used for the carriage of goods and having a maximum mass exceeding 3.5 tonnes but not exceeding 12 tonnes","Plug-in hybrid electric vehicles (PHEV)","Main use (own account and hire or reward)","Co. Leitrim","Number","0"
"Goods vehicles","2023","N2 - Vehicles used for the carriage of goods and having a maximum mass exceeding 3.5 tonnes but not exceeding 12 tonnes","Plug-in hybrid electric vehicles (PHEV)","Main use (own account and hire or reward)","Co. Laois","Number","0"
"Goods vehicles","2023","N2 - Vehicles used for the carriage of goods and having a maximum mass exceeding 3.5 tonnes but not exceeding 12 tonnes","Plug-in hybrid electric vehicles (PHEV)","Main use (own account and hire or reward)","Co. Meath","Number","0"
"Goods vehicles","2023","N2 - Vehicles used for the carriage of goods and having a maximum mass exceeding 3.5 tonnes but not exceeding 12 tonnes","Plug-in hybrid electric vehicles (PHEV)","Main use (own account and hire or reward)","Co. Monaghan","Number","0"
"Goods vehicles","2023","N2 - Vehicles used for the carriage of goods and having a maximum mass exceeding 3.5 tonnes but not exceeding 12 tonnes","Plug-in hybrid electric vehicles (PHEV)","Main use (own account and hire or reward)","Co. Mayo","Number","0"
"Goods vehicles","2023","N2 - Vehicles used for the carriage of goods and having a maximum mass exceeding 3.5 tonnes but not exceeding 12 tonnes","Plug-in hybrid electric vehicles (PHEV)","Main use (own account and hire or reward)","Co. Offaly","Number","0"
"Goods vehicles","2023","N2 - Vehicles used for the carriage of goods and having a maximum mass exceeding 3.5 tonnes but not exceeding 12 tonnes","Plug-in hybrid electric vehicles (PHEV)","Main use (own account and hire or reward)","Co. Roscommon","Number","0"
"Goods vehicles","2023","N2 - Vehicles used for the carriage of goods and having a maximum mass exceeding 3.5 tonnes but not exceeding 12 tonnes","Plug-in hybrid electric vehicles (PHEV)","Main use (own account and hire or reward)","Co. Sligo","Number","0"
"Goods vehicles","2023","N2 - Vehicles used for the carriage of goods and having a maximum mass exceeding 3.5 tonnes but not exceeding 12 tonnes","Plug-in hybrid electric vehicles (PHEV)","Main use (own account and hire or reward)","Co. Tipperary","Number","2"
"Goods vehicles","2023","N2 - Vehicles used for the carriage of goods and having a maximum mass exceeding 3.5 tonnes but not exceeding 12 tonnes","Plug-in hybrid electric vehicles (PHEV)","Main use (own account and hire or reward)","Co. Waterford","Number","0"
"Goods vehicles","2023","N2 - Vehicles used for the carriage of goods and having a maximum mass exceeding 3.5 tonnes but not exceeding 12 tonnes","Plug-in hybrid electric vehicles (PHEV)","Main use (own account and hire or reward)","Co. Wicklow","Number","0"
"Goods vehicles","2023","N2 - Vehicles used for the carriage of goods and having a maximum mass exceeding 3.5 tonnes but not exceeding 12 tonnes","Plug-in hybrid electric vehicles (PHEV)","Main use (own account and hire or reward)","Co. Westmeath","Number","0"
"Goods vehicles","2023","N2 - Vehicles used for the carriage of goods and having a maximum mass exceeding 3.5 tonnes but not exceeding 12 tonnes","Plug-in hybrid electric vehicles (PHEV)","Main use (own account and hire or reward)","Co. Wexford","Number","0"
"Goods vehicles","2023","N2 - Vehicles used for the carriage of goods and having a maximum mass exceeding 3.5 tonnes but not exceeding 12 tonnes","Plug-in hybrid electric vehicles (PHEV)","Main use (own account and hire or reward)","Ireland","Number","4"
"Goods vehicles","2023","N2 - Vehicles used for the carriage of goods and having a maximum mass exceeding 3.5 tonnes but not exceeding 12 tonnes","Plug-in hybrid electric vehicles (PHEV)","Hire or reward","Co. Clare","Number","0"
"Goods vehicles","2023","N2 - Vehicles used for the carriage of goods and having a maximum mass exceeding 3.5 tonnes but not exceeding 12 tonnes","Plug-in hybrid electric vehicles (PHEV)","Hire or reward","Co. Cork","Number","0"
"Goods vehicles","2023","N2 - Vehicles used for the carriage of goods and having a maximum mass exceeding 3.5 tonnes but not exceeding 12 tonnes","Plug-in hybrid electric vehicles (PHEV)","Hire or reward","Co. Cavan","Number","0"
"Goods vehicles","2023","N2 - Vehicles used for the carriage of goods and having a maximum mass exceeding 3.5 tonnes but not exceeding 12 tonnes","Plug-in hybrid electric vehicles (PHEV)","Hire or reward","Co. Carlow","Number","0"
"Goods vehicles","2023","N2 - Vehicles used for the carriage of goods and having a maximum mass exceeding 3.5 tonnes but not exceeding 12 tonnes","Plug-in hybrid electric vehicles (PHEV)","Hire or reward","Co. Donegal","Number","0"
"Goods vehicles","2023","N2 - Vehicles used for the carriage of goods and having a maximum mass exceeding 3.5 tonnes but not exceeding 12 tonnes","Plug-in hybrid electric vehicles (PHEV)","Hire or reward","Co. Dublin","Number","0"
"Goods vehicles","2023","N2 - Vehicles used for the carriage of goods and having a maximum mass exceeding 3.5 tonnes but not exceeding 12 tonnes","Plug-in hybrid electric vehicles (PHEV)","Hire or reward","Co. Galway","Number","0"
"Goods vehicles","2023","N2 - Vehicles used for the carriage of goods and having a maximum mass exceeding 3.5 tonnes but not exceeding 12 tonnes","Plug-in hybrid electric vehicles (PHEV)","Hire or reward","Co. Kildare","Number","0"
"Goods vehicles","2023","N2 - Vehicles used for the carriage of goods and having a maximum mass exceeding 3.5 tonnes but not exceeding 12 tonnes","Plug-in hybrid electric vehicles (PHEV)","Hire or reward","Co. Kilkenny","Number","0"
"Goods vehicles","2023","N2 - Vehicles used for the carriage of goods and having a maximum mass exceeding 3.5 tonnes but not exceeding 12 tonnes","Plug-in hybrid electric vehicles (PHEV)","Hire or reward","Co. Kerry","Number","0"
"Goods vehicles","2023","N2 - Vehicles used for the carriage of goods and having a maximum mass exceeding 3.5 tonnes but not exceeding 12 tonnes","Plug-in hybrid electric vehicles (PHEV)","Hire or reward","Co. Longford","Number","0"
"Goods vehicles","2023","N2 - Vehicles used for the carriage of goods and having a maximum mass exceeding 3.5 tonnes but not exceeding 12 tonnes","Plug-in hybrid electric vehicles (PHEV)","Hire or reward","Co. Louth","Number","0"
"Goods vehicles","2023","N2 - Vehicles used for the carriage of goods and having a maximum mass exceeding 3.5 tonnes but not exceeding 12 tonnes","Plug-in hybrid electric vehicles (PHEV)","Hire or reward","Co. Limerick","Number","0"
"Goods vehicles","2023","N2 - Vehicles used for the carriage of goods and having a maximum mass exceeding 3.5 tonnes but not exceeding 12 tonnes","Plug-in hybrid electric vehicles (PHEV)","Hire or reward","Co. Leitrim","Number","0"
"Goods vehicles","2023","N2 - Vehicles used for the carriage of goods and having a maximum mass exceeding 3.5 tonnes but not exceeding 12 tonnes","Plug-in hybrid electric vehicles (PHEV)","Hire or reward","Co. Laois","Number","0"
"Goods vehicles","2023","N2 - Vehicles used for the carriage of goods and having a maximum mass exceeding 3.5 tonnes but not exceeding 12 tonnes","Plug-in hybrid electric vehicles (PHEV)","Hire or reward","Co. Meath","Number","0"
"Goods vehicles","2023","N2 - Vehicles used for the carriage of goods and having a maximum mass exceeding 3.5 tonnes but not exceeding 12 tonnes","Plug-in hybrid electric vehicles (PHEV)","Hire or reward","Co. Monaghan","Number","0"
"Goods vehicles","2023","N2 - Vehicles used for the carriage of goods and having a maximum mass exceeding 3.5 tonnes but not exceeding 12 tonnes","Plug-in hybrid electric vehicles (PHEV)","Hire or reward","Co. Mayo","Number","0"
"Goods vehicles","2023","N2 - Vehicles used for the carriage of goods and having a maximum mass exceeding 3.5 tonnes but not exceeding 12 tonnes","Plug-in hybrid electric vehicles (PHEV)","Hire or reward","Co. Offaly","Number","0"
"Goods vehicles","2023","N2 - Vehicles used for the carriage of goods and having a maximum mass exceeding 3.5 tonnes but not exceeding 12 tonnes","Plug-in hybrid electric vehicles (PHEV)","Hire or reward","Co. Roscommon","Number","0"
"Goods vehicles","2023","N2 - Vehicles used for the carriage of goods and having a maximum mass exceeding 3.5 tonnes but not exceeding 12 tonnes","Plug-in hybrid electric vehicles (PHEV)","Hire or reward","Co. Sligo","Number","0"
"Goods vehicles","2023","N2 - Vehicles used for the carriage of goods and having a maximum mass exceeding 3.5 tonnes but not exceeding 12 tonnes","Plug-in hybrid electric vehicles (PHEV)","Hire or reward","Co. Tipperary","Number","0"
"Goods vehicles","2023","N2 - Vehicles used for the carriage of goods and having a maximum mass exceeding 3.5 tonnes but not exceeding 12 tonnes","Plug-in hybrid electric vehicles (PHEV)","Hire or reward","Co. Waterford","Number","0"
"Goods vehicles","2023","N2 - Vehicles used for the carriage of goods and having a maximum mass exceeding 3.5 tonnes but not exceeding 12 tonnes","Plug-in hybrid electric vehicles (PHEV)","Hire or reward","Co. Wicklow","Number","0"
"Goods vehicles","2023","N2 - Vehicles used for the carriage of goods and having a maximum mass exceeding 3.5 tonnes but not exceeding 12 tonnes","Plug-in hybrid electric vehicles (PHEV)","Hire or reward","Co. Westmeath","Number","0"
"Goods vehicles","2023","N2 - Vehicles used for the carriage of goods and having a maximum mass exceeding 3.5 tonnes but not exceeding 12 tonnes","Plug-in hybrid electric vehicles (PHEV)","Hire or reward","Co. Wexford","Number","0"
"Goods vehicles","2023","N2 - Vehicles used for the carriage of goods and having a maximum mass exceeding 3.5 tonnes but not exceeding 12 tonnes","Plug-in hybrid electric vehicles (PHEV)","Hire or reward","Ireland","Number","0"
"Goods vehicles","2023","N2 - Vehicles used for the carriage of goods and having a maximum mass exceeding 3.5 tonnes but not exceeding 12 tonnes","Plug-in hybrid electric vehicles (PHEV)","Own account","Co. Clare","Number","0"
"Goods vehicles","2023","N2 - Vehicles used for the carriage of goods and having a maximum mass exceeding 3.5 tonnes but not exceeding 12 tonnes","Plug-in hybrid electric vehicles (PHEV)","Own account","Co. Cork","Number","0"
"Goods vehicles","2023","N2 - Vehicles used for the carriage of goods and having a maximum mass exceeding 3.5 tonnes but not exceeding 12 tonnes","Plug-in hybrid electric vehicles (PHEV)","Own account","Co. Cavan","Number","0"
"Goods vehicles","2023","N2 - Vehicles used for the carriage of goods and having a maximum mass exceeding 3.5 tonnes but not exceeding 12 tonnes","Plug-in hybrid electric vehicles (PHEV)","Own account","Co. Carlow","Number","0"
"Goods vehicles","2023","N2 - Vehicles used for the carriage of goods and having a maximum mass exceeding 3.5 tonnes but not exceeding 12 tonnes","Plug-in hybrid electric vehicles (PHEV)","Own account","Co. Donegal","Number","0"
"Goods vehicles","2023","N2 - Vehicles used for the carriage of goods and having a maximum mass exceeding 3.5 tonnes but not exceeding 12 tonnes","Plug-in hybrid electric vehicles (PHEV)","Own account","Co. Dublin","Number","1"
"Goods vehicles","2023","N2 - Vehicles used for the carriage of goods and having a maximum mass exceeding 3.5 tonnes but not exceeding 12 tonnes","Plug-in hybrid electric vehicles (PHEV)","Own account","Co. Galway","Number","0"
"Goods vehicles","2023","N2 - Vehicles used for the carriage of goods and having a maximum mass exceeding 3.5 tonnes but not exceeding 12 tonnes","Plug-in hybrid electric vehicles (PHEV)","Own account","Co. Kildare","Number","1"
"Goods vehicles","2023","N2 - Vehicles used for the carriage of goods and having a maximum mass exceeding 3.5 tonnes but not exceeding 12 tonnes","Plug-in hybrid electric vehicles (PHEV)","Own account","Co. Kilkenny","Number","0"
"Goods vehicles","2023","N2 - Vehicles used for the carriage of goods and having a maximum mass exceeding 3.5 tonnes but not exceeding 12 tonnes","Plug-in hybrid electric vehicles (PHEV)","Own account","Co. Kerry","Number","0"
"Goods vehicles","2023","N2 - Vehicles used for the carriage of goods and having a maximum mass exceeding 3.5 tonnes but not exceeding 12 tonnes","Plug-in hybrid electric vehicles (PHEV)","Own account","Co. Longford","Number","0"
"Goods vehicles","2023","N2 - Vehicles used for the carriage of goods and having a maximum mass exceeding 3.5 tonnes but not exceeding 12 tonnes","Plug-in hybrid electric vehicles (PHEV)","Own account","Co. Louth","Number","0"
"Goods vehicles","2023","N2 - Vehicles used for the carriage of goods and having a maximum mass exceeding 3.5 tonnes but not exceeding 12 tonnes","Plug-in hybrid electric vehicles (PHEV)","Own account","Co. Limerick","Number","0"
"Goods vehicles","2023","N2 - Vehicles used for the carriage of goods and having a maximum mass exceeding 3.5 tonnes but not exceeding 12 tonnes","Plug-in hybrid electric vehicles (PHEV)","Own account","Co. Leitrim","Number","0"
"Goods vehicles","2023","N2 - Vehicles used for the carriage of goods and having a maximum mass exceeding 3.5 tonnes but not exceeding 12 tonnes","Plug-in hybrid electric vehicles (PHEV)","Own account","Co. Laois","Number","0"
"Goods vehicles","2023","N2 - Vehicles used for the carriage of goods and having a maximum mass exceeding 3.5 tonnes but not exceeding 12 tonnes","Plug-in hybrid electric vehicles (PHEV)","Own account","Co. Meath","Number","0"
"Goods vehicles","2023","N2 - Vehicles used for the carriage of goods and having a maximum mass exceeding 3.5 tonnes but not exceeding 12 tonnes","Plug-in hybrid electric vehicles (PHEV)","Own account","Co. Monaghan","Number","0"
"Goods vehicles","2023","N2 - Vehicles used for the carriage of goods and having a maximum mass exceeding 3.5 tonnes but not exceeding 12 tonnes","Plug-in hybrid electric vehicles (PHEV)","Own account","Co. Mayo","Number","0"
"Goods vehicles","2023","N2 - Vehicles used for the carriage of goods and having a maximum mass exceeding 3.5 tonnes but not exceeding 12 tonnes","Plug-in hybrid electric vehicles (PHEV)","Own account","Co. Offaly","Number","0"
"Goods vehicles","2023","N2 - Vehicles used for the carriage of goods and having a maximum mass exceeding 3.5 tonnes but not exceeding 12 tonnes","Plug-in hybrid electric vehicles (PHEV)","Own account","Co. Roscommon","Number","0"
"Goods vehicles","2023","N2 - Vehicles used for the carriage of goods and having a maximum mass exceeding 3.5 tonnes but not exceeding 12 tonnes","Plug-in hybrid electric vehicles (PHEV)","Own account","Co. Sligo","Number","0"
"Goods vehicles","2023","N2 - Vehicles used for the carriage of goods and having a maximum mass exceeding 3.5 tonnes but not exceeding 12 tonnes","Plug-in hybrid electric vehicles (PHEV)","Own account","Co. Tipperary","Number","2"
"Goods vehicles","2023","N2 - Vehicles used for the carriage of goods and having a maximum mass exceeding 3.5 tonnes but not exceeding 12 tonnes","Plug-in hybrid electric vehicles (PHEV)","Own account","Co. Waterford","Number","0"
"Goods vehicles","2023","N2 - Vehicles used for the carriage of goods and having a maximum mass exceeding 3.5 tonnes but not exceeding 12 tonnes","Plug-in hybrid electric vehicles (PHEV)","Own account","Co. Wicklow","Number","0"
"Goods vehicles","2023","N2 - Vehicles used for the carriage of goods and having a maximum mass exceeding 3.5 tonnes but not exceeding 12 tonnes","Plug-in hybrid electric vehicles (PHEV)","Own account","Co. Westmeath","Number","0"
"Goods vehicles","2023","N2 - Vehicles used for the carriage of goods and having a maximum mass exceeding 3.5 tonnes but not exceeding 12 tonnes","Plug-in hybrid electric vehicles (PHEV)","Own account","Co. Wexford","Number","0"
"Goods vehicles","2023","N2 - Vehicles used for the carriage of goods and having a maximum mass exceeding 3.5 tonnes but not exceeding 12 tonnes","Plug-in hybrid electric vehicles (PHEV)","Own account","Ireland","Number","4"
"Goods vehicles","2023","N2 - Vehicles used for the carriage of goods and having a maximum mass exceeding 3.5 tonnes but not exceeding 12 tonnes","Other fuel types","Main use (own account and hire or reward)","Co. Clare","Number","0"
"Goods vehicles","2023","N2 - Vehicles used for the carriage of goods and having a maximum mass exceeding 3.5 tonnes but not exceeding 12 tonnes","Other fuel types","Main use (own account and hire or reward)","Co. Cork","Number","3"
"Goods vehicles","2023","N2 - Vehicles used for the carriage of goods and having a maximum mass exceeding 3.5 tonnes but not exceeding 12 tonnes","Other fuel types","Main use (own account and hire or reward)","Co. Cavan","Number","0"
"Goods vehicles","2023","N2 - Vehicles used for the carriage of goods and having a maximum mass exceeding 3.5 tonnes but not exceeding 12 tonnes","Other fuel types","Main use (own account and hire or reward)","Co. Carlow","Number","0"
"Goods vehicles","2023","N2 - Vehicles used for the carriage of goods and having a maximum mass exceeding 3.5 tonnes but not exceeding 12 tonnes","Other fuel types","Main use (own account and hire or reward)","Co. Donegal","Number","0"
"Goods vehicles","2023","N2 - Vehicles used for the carriage of goods and having a maximum mass exceeding 3.5 tonnes but not exceeding 12 tonnes","Other fuel types","Main use (own account and hire or reward)","Co. Dublin","Number","2"
"Goods vehicles","2023","N2 - Vehicles used for the carriage of goods and having a maximum mass exceeding 3.5 tonnes but not exceeding 12 tonnes","Other fuel types","Main use (own account and hire or reward)","Co. Galway","Number","2"
"Goods vehicles","2023","N2 - Vehicles used for the carriage of goods and having a maximum mass exceeding 3.5 tonnes but not exceeding 12 tonnes","Other fuel types","Main use (own account and hire or reward)","Co. Kildare","Number","0"
"Goods vehicles","2023","N2 - Vehicles used for the carriage of goods and having a maximum mass exceeding 3.5 tonnes but not exceeding 12 tonnes","Other fuel types","Main use (own account and hire or reward)","Co. Kilkenny","Number","0"
"Goods vehicles","2023","N2 - Vehicles used for the carriage of goods and having a maximum mass exceeding 3.5 tonnes but not exceeding 12 tonnes","Other fuel types","Main use (own account and hire or reward)","Co. Kerry","Number","0"
"Goods vehicles","2023","N2 - Vehicles used for the carriage of goods and having a maximum mass exceeding 3.5 tonnes but not exceeding 12 tonnes","Other fuel types","Main use (own account and hire or reward)","Co. Longford","Number","0"
"Goods vehicles","2023","N2 - Vehicles used for the carriage of goods and having a maximum mass exceeding 3.5 tonnes but not exceeding 12 tonnes","Other fuel types","Main use (own account and hire or reward)","Co. Louth","Number","1"
"Goods vehicles","2023","N2 - Vehicles used for the carriage of goods and having a maximum mass exceeding 3.5 tonnes but not exceeding 12 tonnes","Other fuel types","Main use (own account and hire or reward)","Co. Limerick","Number","0"
"Goods vehicles","2023","N2 - Vehicles used for the carriage of goods and having a maximum mass exceeding 3.5 tonnes but not exceeding 12 tonnes","Other fuel types","Main use (own account and hire or reward)","Co. Leitrim","Number","0"
"Goods vehicles","2023","N2 - Vehicles used for the carriage of goods and having a maximum mass exceeding 3.5 tonnes but not exceeding 12 tonnes","Other fuel types","Main use (own account and hire or reward)","Co. Laois","Number","0"
"Goods vehicles","2023","N2 - Vehicles used for the carriage of goods and having a maximum mass exceeding 3.5 tonnes but not exceeding 12 tonnes","Other fuel types","Main use (own account and hire or reward)","Co. Meath","Number","0"
"Goods vehicles","2023","N2 - Vehicles used for the carriage of goods and having a maximum mass exceeding 3.5 tonnes but not exceeding 12 tonnes","Other fuel types","Main use (own account and hire or reward)","Co. Monaghan","Number","0"
"Goods vehicles","2023","N2 - Vehicles used for the carriage of goods and having a maximum mass exceeding 3.5 tonnes but not exceeding 12 tonnes","Other fuel types","Main use (own account and hire or reward)","Co. Mayo","Number","0"
"Goods vehicles","2023","N2 - Vehicles used for the carriage of goods and having a maximum mass exceeding 3.5 tonnes but not exceeding 12 tonnes","Other fuel types","Main use (own account and hire or reward)","Co. Offaly","Number","0"
"Goods vehicles","2023","N2 - Vehicles used for the carriage of goods and having a maximum mass exceeding 3.5 tonnes but not exceeding 12 tonnes","Other fuel types","Main use (own account and hire or reward)","Co. Roscommon","Number","0"
"Goods vehicles","2023","N2 - Vehicles used for the carriage of goods and having a maximum mass exceeding 3.5 tonnes but not exceeding 12 tonnes","Other fuel types","Main use (own account and hire or reward)","Co. Sligo","Number","0"
"Goods vehicles","2023","N2 - Vehicles used for the carriage of goods and having a maximum mass exceeding 3.5 tonnes but not exceeding 12 tonnes","Other fuel types","Main use (own account and hire or reward)","Co. Tipperary","Number","0"
"Goods vehicles","2023","N2 - Vehicles used for the carriage of goods and having a maximum mass exceeding 3.5 tonnes but not exceeding 12 tonnes","Other fuel types","Main use (own account and hire or reward)","Co. Waterford","Number","0"
"Goods vehicles","2023","N2 - Vehicles used for the carriage of goods and having a maximum mass exceeding 3.5 tonnes but not exceeding 12 tonnes","Other fuel types","Main use (own account and hire or reward)","Co. Wicklow","Number","1"
"Goods vehicles","2023","N2 - Vehicles used for the carriage of goods and having a maximum mass exceeding 3.5 tonnes but not exceeding 12 tonnes","Other fuel types","Main use (own account and hire or reward)","Co. Westmeath","Number","1"
"Goods vehicles","2023","N2 - Vehicles used for the carriage of goods and having a maximum mass exceeding 3.5 tonnes but not exceeding 12 tonnes","Other fuel types","Main use (own account and hire or reward)","Co. Wexford","Number","0"
"Goods vehicles","2023","N2 - Vehicles used for the carriage of goods and having a maximum mass exceeding 3.5 tonnes but not exceeding 12 tonnes","Other fuel types","Main use (own account and hire or reward)","Ireland","Number","10"
"Goods vehicles","2023","N2 - Vehicles used for the carriage of goods and having a maximum mass exceeding 3.5 tonnes but not exceeding 12 tonnes","Other fuel types","Hire or reward","Co. Clare","Number","0"
"Goods vehicles","2023","N2 - Vehicles used for the carriage of goods and having a maximum mass exceeding 3.5 tonnes but not exceeding 12 tonnes","Other fuel types","Hire or reward","Co. Cork","Number","0"
"Goods vehicles","2023","N2 - Vehicles used for the carriage of goods and having a maximum mass exceeding 3.5 tonnes but not exceeding 12 tonnes","Other fuel types","Hire or reward","Co. Cavan","Number","0"
"Goods vehicles","2023","N2 - Vehicles used for the carriage of goods and having a maximum mass exceeding 3.5 tonnes but not exceeding 12 tonnes","Other fuel types","Hire or reward","Co. Carlow","Number","0"
"Goods vehicles","2023","N2 - Vehicles used for the carriage of goods and having a maximum mass exceeding 3.5 tonnes but not exceeding 12 tonnes","Other fuel types","Hire or reward","Co. Donegal","Number","0"
"Goods vehicles","2023","N2 - Vehicles used for the carriage of goods and having a maximum mass exceeding 3.5 tonnes but not exceeding 12 tonnes","Other fuel types","Hire or reward","Co. Dublin","Number","0"
"Goods vehicles","2023","N2 - Vehicles used for the carriage of goods and having a maximum mass exceeding 3.5 tonnes but not exceeding 12 tonnes","Other fuel types","Hire or reward","Co. Galway","Number","0"
"Goods vehicles","2023","N2 - Vehicles used for the carriage of goods and having a maximum mass exceeding 3.5 tonnes but not exceeding 12 tonnes","Other fuel types","Hire or reward","Co. Kildare","Number","0"
"Goods vehicles","2023","N2 - Vehicles used for the carriage of goods and having a maximum mass exceeding 3.5 tonnes but not exceeding 12 tonnes","Other fuel types","Hire or reward","Co. Kilkenny","Number","0"
"Goods vehicles","2023","N2 - Vehicles used for the carriage of goods and having a maximum mass exceeding 3.5 tonnes but not exceeding 12 tonnes","Other fuel types","Hire or reward","Co. Kerry","Number","0"
"Goods vehicles","2023","N2 - Vehicles used for the carriage of goods and having a maximum mass exceeding 3.5 tonnes but not exceeding 12 tonnes","Other fuel types","Hire or reward","Co. Longford","Number","0"
"Goods vehicles","2023","N2 - Vehicles used for the carriage of goods and having a maximum mass exceeding 3.5 tonnes but not exceeding 12 tonnes","Other fuel types","Hire or reward","Co. Louth","Number","0"
"Goods vehicles","2023","N2 - Vehicles used for the carriage of goods and having a maximum mass exceeding 3.5 tonnes but not exceeding 12 tonnes","Other fuel types","Hire or reward","Co. Limerick","Number","0"
"Goods vehicles","2023","N2 - Vehicles used for the carriage of goods and having a maximum mass exceeding 3.5 tonnes but not exceeding 12 tonnes","Other fuel types","Hire or reward","Co. Leitrim","Number","0"
"Goods vehicles","2023","N2 - Vehicles used for the carriage of goods and having a maximum mass exceeding 3.5 tonnes but not exceeding 12 tonnes","Other fuel types","Hire or reward","Co. Laois","Number","0"
"Goods vehicles","2023","N2 - Vehicles used for the carriage of goods and having a maximum mass exceeding 3.5 tonnes but not exceeding 12 tonnes","Other fuel types","Hire or reward","Co. Meath","Number","0"
"Goods vehicles","2023","N2 - Vehicles used for the carriage of goods and having a maximum mass exceeding 3.5 tonnes but not exceeding 12 tonnes","Other fuel types","Hire or reward","Co. Monaghan","Number","0"
"Goods vehicles","2023","N2 - Vehicles used for the carriage of goods and having a maximum mass exceeding 3.5 tonnes but not exceeding 12 tonnes","Other fuel types","Hire or reward","Co. Mayo","Number","0"
"Goods vehicles","2023","N2 - Vehicles used for the carriage of goods and having a maximum mass exceeding 3.5 tonnes but not exceeding 12 tonnes","Other fuel types","Hire or reward","Co. Offaly","Number","0"
"Goods vehicles","2023","N2 - Vehicles used for the carriage of goods and having a maximum mass exceeding 3.5 tonnes but not exceeding 12 tonnes","Other fuel types","Hire or reward","Co. Roscommon","Number","0"
"Goods vehicles","2023","N2 - Vehicles used for the carriage of goods and having a maximum mass exceeding 3.5 tonnes but not exceeding 12 tonnes","Other fuel types","Hire or reward","Co. Sligo","Number","0"
"Goods vehicles","2023","N2 - Vehicles used for the carriage of goods and having a maximum mass exceeding 3.5 tonnes but not exceeding 12 tonnes","Other fuel types","Hire or reward","Co. Tipperary","Number","0"
"Goods vehicles","2023","N2 - Vehicles used for the carriage of goods and having a maximum mass exceeding 3.5 tonnes but not exceeding 12 tonnes","Other fuel types","Hire or reward","Co. Waterford","Number","0"
"Goods vehicles","2023","N2 - Vehicles used for the carriage of goods and having a maximum mass exceeding 3.5 tonnes but not exceeding 12 tonnes","Other fuel types","Hire or reward","Co. Wicklow","Number","0"
"Goods vehicles","2023","N2 - Vehicles used for the carriage of goods and having a maximum mass exceeding 3.5 tonnes but not exceeding 12 tonnes","Other fuel types","Hire or reward","Co. Westmeath","Number","0"
"Goods vehicles","2023","N2 - Vehicles used for the carriage of goods and having a maximum mass exceeding 3.5 tonnes but not exceeding 12 tonnes","Other fuel types","Hire or reward","Co. Wexford","Number","0"
"Goods vehicles","2023","N2 - Vehicles used for the carriage of goods and having a maximum mass exceeding 3.5 tonnes but not exceeding 12 tonnes","Other fuel types","Hire or reward","Ireland","Number","0"
"Goods vehicles","2023","N2 - Vehicles used for the carriage of goods and having a maximum mass exceeding 3.5 tonnes but not exceeding 12 tonnes","Other fuel types","Own account","Co. Clare","Number","0"
"Goods vehicles","2023","N2 - Vehicles used for the carriage of goods and having a maximum mass exceeding 3.5 tonnes but not exceeding 12 tonnes","Other fuel types","Own account","Co. Cork","Number","3"
"Goods vehicles","2023","N2 - Vehicles used for the carriage of goods and having a maximum mass exceeding 3.5 tonnes but not exceeding 12 tonnes","Other fuel types","Own account","Co. Cavan","Number","0"
"Goods vehicles","2023","N2 - Vehicles used for the carriage of goods and having a maximum mass exceeding 3.5 tonnes but not exceeding 12 tonnes","Other fuel types","Own account","Co. Carlow","Number","0"
"Goods vehicles","2023","N2 - Vehicles used for the carriage of goods and having a maximum mass exceeding 3.5 tonnes but not exceeding 12 tonnes","Other fuel types","Own account","Co. Donegal","Number","0"
"Goods vehicles","2023","N2 - Vehicles used for the carriage of goods and having a maximum mass exceeding 3.5 tonnes but not exceeding 12 tonnes","Other fuel types","Own account","Co. Dublin","Number","2"
"Goods vehicles","2023","N2 - Vehicles used for the carriage of goods and having a maximum mass exceeding 3.5 tonnes but not exceeding 12 tonnes","Other fuel types","Own account","Co. Galway","Number","2"
"Goods vehicles","2023","N2 - Vehicles used for the carriage of goods and having a maximum mass exceeding 3.5 tonnes but not exceeding 12 tonnes","Other fuel types","Own account","Co. Kildare","Number","0"
"Goods vehicles","2023","N2 - Vehicles used for the carriage of goods and having a maximum mass exceeding 3.5 tonnes but not exceeding 12 tonnes","Other fuel types","Own account","Co. Kilkenny","Number","0"
"Goods vehicles","2023","N2 - Vehicles used for the carriage of goods and having a maximum mass exceeding 3.5 tonnes but not exceeding 12 tonnes","Other fuel types","Own account","Co. Kerry","Number","0"
"Goods vehicles","2023","N2 - Vehicles used for the carriage of goods and having a maximum mass exceeding 3.5 tonnes but not exceeding 12 tonnes","Other fuel types","Own account","Co. Longford","Number","0"
"Goods vehicles","2023","N2 - Vehicles used for the carriage of goods and having a maximum mass exceeding 3.5 tonnes but not exceeding 12 tonnes","Other fuel types","Own account","Co. Louth","Number","1"
"Goods vehicles","2023","N2 - Vehicles used for the carriage of goods and having a maximum mass exceeding 3.5 tonnes but not exceeding 12 tonnes","Other fuel types","Own account","Co. Limerick","Number","0"
"Goods vehicles","2023","N2 - Vehicles used for the carriage of goods and having a maximum mass exceeding 3.5 tonnes but not exceeding 12 tonnes","Other fuel types","Own account","Co. Leitrim","Number","0"
"Goods vehicles","2023","N2 - Vehicles used for the carriage of goods and having a maximum mass exceeding 3.5 tonnes but not exceeding 12 tonnes","Other fuel types","Own account","Co. Laois","Number","0"
"Goods vehicles","2023","N2 - Vehicles used for the carriage of goods and having a maximum mass exceeding 3.5 tonnes but not exceeding 12 tonnes","Other fuel types","Own account","Co. Meath","Number","0"
"Goods vehicles","2023","N2 - Vehicles used for the carriage of goods and having a maximum mass exceeding 3.5 tonnes but not exceeding 12 tonnes","Other fuel types","Own account","Co. Monaghan","Number","0"
"Goods vehicles","2023","N2 - Vehicles used for the carriage of goods and having a maximum mass exceeding 3.5 tonnes but not exceeding 12 tonnes","Other fuel types","Own account","Co. Mayo","Number","0"
"Goods vehicles","2023","N2 - Vehicles used for the carriage of goods and having a maximum mass exceeding 3.5 tonnes but not exceeding 12 tonnes","Other fuel types","Own account","Co. Offaly","Number","0"
"Goods vehicles","2023","N2 - Vehicles used for the carriage of goods and having a maximum mass exceeding 3.5 tonnes but not exceeding 12 tonnes","Other fuel types","Own account","Co. Roscommon","Number","0"
"Goods vehicles","2023","N2 - Vehicles used for the carriage of goods and having a maximum mass exceeding 3.5 tonnes but not exceeding 12 tonnes","Other fuel types","Own account","Co. Sligo","Number","0"
"Goods vehicles","2023","N2 - Vehicles used for the carriage of goods and having a maximum mass exceeding 3.5 tonnes but not exceeding 12 tonnes","Other fuel types","Own account","Co. Tipperary","Number","0"
"Goods vehicles","2023","N2 - Vehicles used for the carriage of goods and having a maximum mass exceeding 3.5 tonnes but not exceeding 12 tonnes","Other fuel types","Own account","Co. Waterford","Number","0"
"Goods vehicles","2023","N2 - Vehicles used for the carriage of goods and having a maximum mass exceeding 3.5 tonnes but not exceeding 12 tonnes","Other fuel types","Own account","Co. Wicklow","Number","1"
"Goods vehicles","2023","N2 - Vehicles used for the carriage of goods and having a maximum mass exceeding 3.5 tonnes but not exceeding 12 tonnes","Other fuel types","Own account","Co. Westmeath","Number","1"
"Goods vehicles","2023","N2 - Vehicles used for the carriage of goods and having a maximum mass exceeding 3.5 tonnes but not exceeding 12 tonnes","Other fuel types","Own account","Co. Wexford","Number","0"
"Goods vehicles","2023","N2 - Vehicles used for the carriage of goods and having a maximum mass exceeding 3.5 tonnes but not exceeding 12 tonnes","Other fuel types","Own account","Ireland","Number","10"
"Goods vehicles","2023","N2 - Vehicles used for the carriage of goods and having a maximum mass exceeding 3.5 tonnes but not exceeding 12 tonnes","All fuel types","Main use (own account and hire or reward)","Co. Clare","Number","203"
"Goods vehicles","2023","N2 - Vehicles used for the carriage of goods and having a maximum mass exceeding 3.5 tonnes but not exceeding 12 tonnes","All fuel types","Main use (own account and hire or reward)","Co. Cork","Number","1111"
"Goods vehicles","2023","N2 - Vehicles used for the carriage of goods and having a maximum mass exceeding 3.5 tonnes but not exceeding 12 tonnes","All fuel types","Main use (own account and hire or reward)","Co. Cavan","Number","188"
"Goods vehicles","2023","N2 - Vehicles used for the carriage of goods and having a maximum mass exceeding 3.5 tonnes but not exceeding 12 tonnes","All fuel types","Main use (own account and hire or reward)","Co. Carlow","Number","149"
"Goods vehicles","2023","N2 - Vehicles used for the carriage of goods and having a maximum mass exceeding 3.5 tonnes but not exceeding 12 tonnes","All fuel types","Main use (own account and hire or reward)","Co. Donegal","Number","226"
"Goods vehicles","2023","N2 - Vehicles used for the carriage of goods and having a maximum mass exceeding 3.5 tonnes but not exceeding 12 tonnes","All fuel types","Main use (own account and hire or reward)","Co. Dublin","Number","2154"
"Goods vehicles","2023","N2 - Vehicles used for the carriage of goods and having a maximum mass exceeding 3.5 tonnes but not exceeding 12 tonnes","All fuel types","Main use (own account and hire or reward)","Co. Galway","Number","450"
"Goods vehicles","2023","N2 - Vehicles used for the carriage of goods and having a maximum mass exceeding 3.5 tonnes but not exceeding 12 tonnes","All fuel types","Main use (own account and hire or reward)","Co. Kildare","Number","420"
"Goods vehicles","2023","N2 - Vehicles used for the carriage of goods and having a maximum mass exceeding 3.5 tonnes but not exceeding 12 tonnes","All fuel types","Main use (own account and hire or reward)","Co. Kilkenny","Number","240"
"Goods vehicles","2023","N2 - Vehicles used for the carriage of goods and having a maximum mass exceeding 3.5 tonnes but not exceeding 12 tonnes","All fuel types","Main use (own account and hire or reward)","Co. Kerry","Number","312"
"Goods vehicles","2023","N2 - Vehicles used for the carriage of goods and having a maximum mass exceeding 3.5 tonnes but not exceeding 12 tonnes","All fuel types","Main use (own account and hire or reward)","Co. Longford","Number","85"
"Goods vehicles","2023","N2 - Vehicles used for the carriage of goods and having a maximum mass exceeding 3.5 tonnes but not exceeding 12 tonnes","All fuel types","Main use (own account and hire or reward)","Co. Louth","Number","206"
"Goods vehicles","2023","N2 - Vehicles used for the carriage of goods and having a maximum mass exceeding 3.5 tonnes but not exceeding 12 tonnes","All fuel types","Main use (own account and hire or reward)","Co. Limerick","Number","420"
"Goods vehicles","2023","N2 - Vehicles used for the carriage of goods and having a maximum mass exceeding 3.5 tonnes but not exceeding 12 tonnes","All fuel types","Main use (own account and hire or reward)","Co. Leitrim","Number","46"
"Goods vehicles","2023","N2 - Vehicles used for the carriage of goods and having a maximum mass exceeding 3.5 tonnes but not exceeding 12 tonnes","All fuel types","Main use (own account and hire or reward)","Co. Laois","Number","144"
"Goods vehicles","2023","N2 - Vehicles used for the carriage of goods and having a maximum mass exceeding 3.5 tonnes but not exceeding 12 tonnes","All fuel types","Main use (own account and hire or reward)","Co. Meath","Number","402"
"Goods vehicles","2023","N2 - Vehicles used for the carriage of goods and having a maximum mass exceeding 3.5 tonnes but not exceeding 12 tonnes","All fuel types","Main use (own account and hire or reward)","Co. Monaghan","Number","122"
"Goods vehicles","2023","N2 - Vehicles used for the carriage of goods and having a maximum mass exceeding 3.5 tonnes but not exceeding 12 tonnes","All fuel types","Main use (own account and hire or reward)","Co. Mayo","Number","345"
"Goods vehicles","2023","N2 - Vehicles used for the carriage of goods and having a maximum mass exceeding 3.5 tonnes but not exceeding 12 tonnes","All fuel types","Main use (own account and hire or reward)","Co. Offaly","Number","180"
"Goods vehicles","2023","N2 - Vehicles used for the carriage of goods and having a maximum mass exceeding 3.5 tonnes but not exceeding 12 tonnes","All fuel types","Main use (own account and hire or reward)","Co. Roscommon","Number","123"
"Goods vehicles","2023","N2 - Vehicles used for the carriage of goods and having a maximum mass exceeding 3.5 tonnes but not exceeding 12 tonnes","All fuel types","Main use (own account and hire or reward)","Co. Sligo","Number","185"
"Goods vehicles","2023","N2 - Vehicles used for the carriage of goods and having a maximum mass exceeding 3.5 tonnes but not exceeding 12 tonnes","All fuel types","Main use (own account and hire or reward)","Co. Tipperary","Number","340"
"Goods vehicles","2023","N2 - Vehicles used for the carriage of goods and having a maximum mass exceeding 3.5 tonnes but not exceeding 12 tonnes","All fuel types","Main use (own account and hire or reward)","Co. Waterford","Number","191"
"Goods vehicles","2023","N2 - Vehicles used for the carriage of goods and having a maximum mass exceeding 3.5 tonnes but not exceeding 12 tonnes","All fuel types","Main use (own account and hire or reward)","Co. Wicklow","Number","305"
"Goods vehicles","2023","N2 - Vehicles used for the carriage of goods and having a maximum mass exceeding 3.5 tonnes but not exceeding 12 tonnes","All fuel types","Main use (own account and hire or reward)","Co. Westmeath","Number","189"
"Goods vehicles","2023","N2 - Vehicles used for the carriage of goods and having a maximum mass exceeding 3.5 tonnes but not exceeding 12 tonnes","All fuel types","Main use (own account and hire or reward)","Co. Wexford","Number","412"
"Goods vehicles","2023","N2 - Vehicles used for the carriage of goods and having a maximum mass exceeding 3.5 tonnes but not exceeding 12 tonnes","All fuel types","Main use (own account and hire or reward)","Ireland","Number","9148"
"Goods vehicles","2023","N2 - Vehicles used for the carriage of goods and having a maximum mass exceeding 3.5 tonnes but not exceeding 12 tonnes","All fuel types","Hire or reward","Co. Clare","Number","77"
"Goods vehicles","2023","N2 - Vehicles used for the carriage of goods and having a maximum mass exceeding 3.5 tonnes but not exceeding 12 tonnes","All fuel types","Hire or reward","Co. Cork","Number","134"
"Goods vehicles","2023","N2 - Vehicles used for the carriage of goods and having a maximum mass exceeding 3.5 tonnes but not exceeding 12 tonnes","All fuel types","Hire or reward","Co. Cavan","Number","21"
"Goods vehicles","2023","N2 - Vehicles used for the carriage of goods and having a maximum mass exceeding 3.5 tonnes but not exceeding 12 tonnes","All fuel types","Hire or reward","Co. Carlow","Number","13"
"Goods vehicles","2023","N2 - Vehicles used for the carriage of goods and having a maximum mass exceeding 3.5 tonnes but not exceeding 12 tonnes","All fuel types","Hire or reward","Co. Donegal","Number","42"
"Goods vehicles","2023","N2 - Vehicles used for the carriage of goods and having a maximum mass exceeding 3.5 tonnes but not exceeding 12 tonnes","All fuel types","Hire or reward","Co. Dublin","Number","204"
"Goods vehicles","2023","N2 - Vehicles used for the carriage of goods and having a maximum mass exceeding 3.5 tonnes but not exceeding 12 tonnes","All fuel types","Hire or reward","Co. Galway","Number","39"
"Goods vehicles","2023","N2 - Vehicles used for the carriage of goods and having a maximum mass exceeding 3.5 tonnes but not exceeding 12 tonnes","All fuel types","Hire or reward","Co. Kildare","Number","35"
"Goods vehicles","2023","N2 - Vehicles used for the carriage of goods and having a maximum mass exceeding 3.5 tonnes but not exceeding 12 tonnes","All fuel types","Hire or reward","Co. Kilkenny","Number","15"
"Goods vehicles","2023","N2 - Vehicles used for the carriage of goods and having a maximum mass exceeding 3.5 tonnes but not exceeding 12 tonnes","All fuel types","Hire or reward","Co. Kerry","Number","21"
"Goods vehicles","2023","N2 - Vehicles used for the carriage of goods and having a maximum mass exceeding 3.5 tonnes but not exceeding 12 tonnes","All fuel types","Hire or reward","Co. Longford","Number","6"
"Goods vehicles","2023","N2 - Vehicles used for the carriage of goods and having a maximum mass exceeding 3.5 tonnes but not exceeding 12 tonnes","All fuel types","Hire or reward","Co. Louth","Number","24"
"Goods vehicles","2023","N2 - Vehicles used for the carriage of goods and having a maximum mass exceeding 3.5 tonnes but not exceeding 12 tonnes","All fuel types","Hire or reward","Co. Limerick","Number","30"
"Goods vehicles","2023","N2 - Vehicles used for the carriage of goods and having a maximum mass exceeding 3.5 tonnes but not exceeding 12 tonnes","All fuel types","Hire or reward","Co. Leitrim","Number","7"
"Goods vehicles","2023","N2 - Vehicles used for the carriage of goods and having a maximum mass exceeding 3.5 tonnes but not exceeding 12 tonnes","All fuel types","Hire or reward","Co. Laois","Number","12"
"Goods vehicles","2023","N2 - Vehicles used for the carriage of goods and having a maximum mass exceeding 3.5 tonnes but not exceeding 12 tonnes","All fuel types","Hire or reward","Co. Meath","Number","46"
"Goods vehicles","2023","N2 - Vehicles used for the carriage of goods and having a maximum mass exceeding 3.5 tonnes but not exceeding 12 tonnes","All fuel types","Hire or reward","Co. Monaghan","Number","11"
"Goods vehicles","2023","N2 - Vehicles used for the carriage of goods and having a maximum mass exceeding 3.5 tonnes but not exceeding 12 tonnes","All fuel types","Hire or reward","Co. Mayo","Number","15"
"Goods vehicles","2023","N2 - Vehicles used for the carriage of goods and having a maximum mass exceeding 3.5 tonnes but not exceeding 12 tonnes","All fuel types","Hire or reward","Co. Offaly","Number","31"
"Goods vehicles","2023","N2 - Vehicles used for the carriage of goods and having a maximum mass exceeding 3.5 tonnes but not exceeding 12 tonnes","All fuel types","Hire or reward","Co. Roscommon","Number","14"
"Goods vehicles","2023","N2 - Vehicles used for the carriage of goods and having a maximum mass exceeding 3.5 tonnes but not exceeding 12 tonnes","All fuel types","Hire or reward","Co. Sligo","Number","20"
"Goods vehicles","2023","N2 - Vehicles used for the carriage of goods and having a maximum mass exceeding 3.5 tonnes but not exceeding 12 tonnes","All fuel types","Hire or reward","Co. Tipperary","Number","38"
"Goods vehicles","2023","N2 - Vehicles used for the carriage of goods and having a maximum mass exceeding 3.5 tonnes but not exceeding 12 tonnes","All fuel types","Hire or reward","Co. Waterford","Number","7"
"Goods vehicles","2023","N2 - Vehicles used for the carriage of goods and having a maximum mass exceeding 3.5 tonnes but not exceeding 12 tonnes","All fuel types","Hire or reward","Co. Wicklow","Number","30"
"Goods vehicles","2023","N2 - Vehicles used for the carriage of goods and having a maximum mass exceeding 3.5 tonnes but not exceeding 12 tonnes","All fuel types","Hire or reward","Co. Westmeath","Number","45"
"Goods vehicles","2023","N2 - Vehicles used for the carriage of goods and having a maximum mass exceeding 3.5 tonnes but not exceeding 12 tonnes","All fuel types","Hire or reward","Co. Wexford","Number","41"
"Goods vehicles","2023","N2 - Vehicles used for the carriage of goods and having a maximum mass exceeding 3.5 tonnes but not exceeding 12 tonnes","All fuel types","Hire or reward","Ireland","Number","978"
"Goods vehicles","2023","N2 - Vehicles used for the carriage of goods and having a maximum mass exceeding 3.5 tonnes but not exceeding 12 tonnes","All fuel types","Own account","Co. Clare","Number","126"
"Goods vehicles","2023","N2 - Vehicles used for the carriage of goods and having a maximum mass exceeding 3.5 tonnes but not exceeding 12 tonnes","All fuel types","Own account","Co. Cork","Number","977"
"Goods vehicles","2023","N2 - Vehicles used for the carriage of goods and having a maximum mass exceeding 3.5 tonnes but not exceeding 12 tonnes","All fuel types","Own account","Co. Cavan","Number","167"
"Goods vehicles","2023","N2 - Vehicles used for the carriage of goods and having a maximum mass exceeding 3.5 tonnes but not exceeding 12 tonnes","All fuel types","Own account","Co. Carlow","Number","136"
"Goods vehicles","2023","N2 - Vehicles used for the carriage of goods and having a maximum mass exceeding 3.5 tonnes but not exceeding 12 tonnes","All fuel types","Own account","Co. Donegal","Number","184"
"Goods vehicles","2023","N2 - Vehicles used for the carriage of goods and having a maximum mass exceeding 3.5 tonnes but not exceeding 12 tonnes","All fuel types","Own account","Co. Dublin","Number","1950"
"Goods vehicles","2023","N2 - Vehicles used for the carriage of goods and having a maximum mass exceeding 3.5 tonnes but not exceeding 12 tonnes","All fuel types","Own account","Co. Galway","Number","411"
"Goods vehicles","2023","N2 - Vehicles used for the carriage of goods and having a maximum mass exceeding 3.5 tonnes but not exceeding 12 tonnes","All fuel types","Own account","Co. Kildare","Number","385"
"Goods vehicles","2023","N2 - Vehicles used for the carriage of goods and having a maximum mass exceeding 3.5 tonnes but not exceeding 12 tonnes","All fuel types","Own account","Co. Kilkenny","Number","225"
"Goods vehicles","2023","N2 - Vehicles used for the carriage of goods and having a maximum mass exceeding 3.5 tonnes but not exceeding 12 tonnes","All fuel types","Own account","Co. Kerry","Number","291"
"Goods vehicles","2023","N2 - Vehicles used for the carriage of goods and having a maximum mass exceeding 3.5 tonnes but not exceeding 12 tonnes","All fuel types","Own account","Co. Longford","Number","79"
"Goods vehicles","2023","N2 - Vehicles used for the carriage of goods and having a maximum mass exceeding 3.5 tonnes but not exceeding 12 tonnes","All fuel types","Own account","Co. Louth","Number","182"
"Goods vehicles","2023","N2 - Vehicles used for the carriage of goods and having a maximum mass exceeding 3.5 tonnes but not exceeding 12 tonnes","All fuel types","Own account","Co. Limerick","Number","390"
"Goods vehicles","2023","N2 - Vehicles used for the carriage of goods and having a maximum mass exceeding 3.5 tonnes but not exceeding 12 tonnes","All fuel types","Own account","Co. Leitrim","Number","39"
"Goods vehicles","2023","N2 - Vehicles used for the carriage of goods and having a maximum mass exceeding 3.5 tonnes but not exceeding 12 tonnes","All fuel types","Own account","Co. Laois","Number","132"
"Goods vehicles","2023","N2 - Vehicles used for the carriage of goods and having a maximum mass exceeding 3.5 tonnes but not exceeding 12 tonnes","All fuel types","Own account","Co. Meath","Number","356"
"Goods vehicles","2023","N2 - Vehicles used for the carriage of goods and having a maximum mass exceeding 3.5 tonnes but not exceeding 12 tonnes","All fuel types","Own account","Co. Monaghan","Number","111"
"Goods vehicles","2023","N2 - Vehicles used for the carriage of goods and having a maximum mass exceeding 3.5 tonnes but not exceeding 12 tonnes","All fuel types","Own account","Co. Mayo","Number","330"
"Goods vehicles","2023","N2 - Vehicles used for the carriage of goods and having a maximum mass exceeding 3.5 tonnes but not exceeding 12 tonnes","All fuel types","Own account","Co. Offaly","Number","149"
"Goods vehicles","2023","N2 - Vehicles used for the carriage of goods and having a maximum mass exceeding 3.5 tonnes but not exceeding 12 tonnes","All fuel types","Own account","Co. Roscommon","Number","109"
"Goods vehicles","2023","N2 - Vehicles used for the carriage of goods and having a maximum mass exceeding 3.5 tonnes but not exceeding 12 tonnes","All fuel types","Own account","Co. Sligo","Number","165"
"Goods vehicles","2023","N2 - Vehicles used for the carriage of goods and having a maximum mass exceeding 3.5 tonnes but not exceeding 12 tonnes","All fuel types","Own account","Co. Tipperary","Number","302"
"Goods vehicles","2023","N2 - Vehicles used for the carriage of goods and having a maximum mass exceeding 3.5 tonnes but not exceeding 12 tonnes","All fuel types","Own account","Co. Waterford","Number","184"
"Goods vehicles","2023","N2 - Vehicles used for the carriage of goods and having a maximum mass exceeding 3.5 tonnes but not exceeding 12 tonnes","All fuel types","Own account","Co. Wicklow","Number","275"
"Goods vehicles","2023","N2 - Vehicles used for the carriage of goods and having a maximum mass exceeding 3.5 tonnes but not exceeding 12 tonnes","All fuel types","Own account","Co. Westmeath","Number","144"
"Goods vehicles","2023","N2 - Vehicles used for the carriage of goods and having a maximum mass exceeding 3.5 tonnes but not exceeding 12 tonnes","All fuel types","Own account","Co. Wexford","Number","371"
"Goods vehicles","2023","N2 - Vehicles used for the carriage of goods and having a maximum mass exceeding 3.5 tonnes but not exceeding 12 tonnes","All fuel types","Own account","Ireland","Number","8170"
"Goods vehicles","2023","N3 - Vehicles used for the carriage of goods and having a maximum mass exceeding 12 tonnes","Diesel","Main use (own account and hire or reward)","Co. Clare","Number","656"
"Goods vehicles","2023","N3 - Vehicles used for the carriage of goods and having a maximum mass exceeding 12 tonnes","Diesel","Main use (own account and hire or reward)","Co. Cork","Number","4055"
"Goods vehicles","2023","N3 - Vehicles used for the carriage of goods and having a maximum mass exceeding 12 tonnes","Diesel","Main use (own account and hire or reward)","Co. Cavan","Number","735"
"Goods vehicles","2023","N3 - Vehicles used for the carriage of goods and having a maximum mass exceeding 12 tonnes","Diesel","Main use (own account and hire or reward)","Co. Carlow","Number","665"
"Goods vehicles","2023","N3 - Vehicles used for the carriage of goods and having a maximum mass exceeding 12 tonnes","Diesel","Main use (own account and hire or reward)","Co. Donegal","Number","1109"
"Goods vehicles","2023","N3 - Vehicles used for the carriage of goods and having a maximum mass exceeding 12 tonnes","Diesel","Main use (own account and hire or reward)","Co. Dublin","Number","7423"
"Goods vehicles","2023","N3 - Vehicles used for the carriage of goods and having a maximum mass exceeding 12 tonnes","Diesel","Main use (own account and hire or reward)","Co. Galway","Number","1762"
"Goods vehicles","2023","N3 - Vehicles used for the carriage of goods and having a maximum mass exceeding 12 tonnes","Diesel","Main use (own account and hire or reward)","Co. Kildare","Number","1944"
"Goods vehicles","2023","N3 - Vehicles used for the carriage of goods and having a maximum mass exceeding 12 tonnes","Diesel","Main use (own account and hire or reward)","Co. Kilkenny","Number","1102"
"Goods vehicles","2023","N3 - Vehicles used for the carriage of goods and having a maximum mass exceeding 12 tonnes","Diesel","Main use (own account and hire or reward)","Co. Kerry","Number","904"
"Goods vehicles","2023","N3 - Vehicles used for the carriage of goods and having a maximum mass exceeding 12 tonnes","Diesel","Main use (own account and hire or reward)","Co. Longford","Number","488"
"Goods vehicles","2023","N3 - Vehicles used for the carriage of goods and having a maximum mass exceeding 12 tonnes","Diesel","Main use (own account and hire or reward)","Co. Louth","Number","840"
"Goods vehicles","2023","N3 - Vehicles used for the carriage of goods and having a maximum mass exceeding 12 tonnes","Diesel","Main use (own account and hire or reward)","Co. Limerick","Number","1706"
"Goods vehicles","2023","N3 - Vehicles used for the carriage of goods and having a maximum mass exceeding 12 tonnes","Diesel","Main use (own account and hire or reward)","Co. Leitrim","Number","211"
"Goods vehicles","2023","N3 - Vehicles used for the carriage of goods and having a maximum mass exceeding 12 tonnes","Diesel","Main use (own account and hire or reward)","Co. Laois","Number","811"
"Goods vehicles","2023","N3 - Vehicles used for the carriage of goods and having a maximum mass exceeding 12 tonnes","Diesel","Main use (own account and hire or reward)","Co. Meath","Number","1962"
"Goods vehicles","2023","N3 - Vehicles used for the carriage of goods and having a maximum mass exceeding 12 tonnes","Diesel","Main use (own account and hire or reward)","Co. Monaghan","Number","1397"
"Goods vehicles","2023","N3 - Vehicles used for the carriage of goods and having a maximum mass exceeding 12 tonnes","Diesel","Main use (own account and hire or reward)","Co. Mayo","Number","939"
"Goods vehicles","2023","N3 - Vehicles used for the carriage of goods and having a maximum mass exceeding 12 tonnes","Diesel","Main use (own account and hire or reward)","Co. Offaly","Number","559"
"Goods vehicles","2023","N3 - Vehicles used for the carriage of goods and having a maximum mass exceeding 12 tonnes","Diesel","Main use (own account and hire or reward)","Co. Roscommon","Number","520"
"Goods vehicles","2023","N3 - Vehicles used for the carriage of goods and having a maximum mass exceeding 12 tonnes","Diesel","Main use (own account and hire or reward)","Co. Sligo","Number","401"
"Goods vehicles","2023","N3 - Vehicles used for the carriage of goods and having a maximum mass exceeding 12 tonnes","Diesel","Main use (own account and hire or reward)","Co. Tipperary","Number","1533"
"Goods vehicles","2023","N3 - Vehicles used for the carriage of goods and having a maximum mass exceeding 12 tonnes","Diesel","Main use (own account and hire or reward)","Co. Waterford","Number","502"
"Goods vehicles","2023","N3 - Vehicles used for the carriage of goods and having a maximum mass exceeding 12 tonnes","Diesel","Main use (own account and hire or reward)","Co. Wicklow","Number","739"
"Goods vehicles","2023","N3 - Vehicles used for the carriage of goods and having a maximum mass exceeding 12 tonnes","Diesel","Main use (own account and hire or reward)","Co. Westmeath","Number","624"
"Goods vehicles","2023","N3 - Vehicles used for the carriage of goods and having a maximum mass exceeding 12 tonnes","Diesel","Main use (own account and hire or reward)","Co. Wexford","Number","1922"
"Goods vehicles","2023","N3 - Vehicles used for the carriage of goods and having a maximum mass exceeding 12 tonnes","Diesel","Main use (own account and hire or reward)","Ireland","Number","35509"
"Goods vehicles","2023","N3 - Vehicles used for the carriage of goods and having a maximum mass exceeding 12 tonnes","Diesel","Hire or reward","Co. Clare","Number","461"
"Goods vehicles","2023","N3 - Vehicles used for the carriage of goods and having a maximum mass exceeding 12 tonnes","Diesel","Hire or reward","Co. Cork","Number","828"
"Goods vehicles","2023","N3 - Vehicles used for the carriage of goods and having a maximum mass exceeding 12 tonnes","Diesel","Hire or reward","Co. Cavan","Number","243"
"Goods vehicles","2023","N3 - Vehicles used for the carriage of goods and having a maximum mass exceeding 12 tonnes","Diesel","Hire or reward","Co. Carlow","Number","74"
"Goods vehicles","2023","N3 - Vehicles used for the carriage of goods and having a maximum mass exceeding 12 tonnes","Diesel","Hire or reward","Co. Donegal","Number","388"
"Goods vehicles","2023","N3 - Vehicles used for the carriage of goods and having a maximum mass exceeding 12 tonnes","Diesel","Hire or reward","Co. Dublin","Number","969"
"Goods vehicles","2023","N3 - Vehicles used for the carriage of goods and having a maximum mass exceeding 12 tonnes","Diesel","Hire or reward","Co. Galway","Number","314"
"Goods vehicles","2023","N3 - Vehicles used for the carriage of goods and having a maximum mass exceeding 12 tonnes","Diesel","Hire or reward","Co. Kildare","Number","320"
"Goods vehicles","2023","N3 - Vehicles used for the carriage of goods and having a maximum mass exceeding 12 tonnes","Diesel","Hire or reward","Co. Kilkenny","Number","176"
"Goods vehicles","2023","N3 - Vehicles used for the carriage of goods and having a maximum mass exceeding 12 tonnes","Diesel","Hire or reward","Co. Kerry","Number","145"
"Goods vehicles","2023","N3 - Vehicles used for the carriage of goods and having a maximum mass exceeding 12 tonnes","Diesel","Hire or reward","Co. Longford","Number","50"
"Goods vehicles","2023","N3 - Vehicles used for the carriage of goods and having a maximum mass exceeding 12 tonnes","Diesel","Hire or reward","Co. Louth","Number","176"
"Goods vehicles","2023","N3 - Vehicles used for the carriage of goods and having a maximum mass exceeding 12 tonnes","Diesel","Hire or reward","Co. Limerick","Number","280"
"Goods vehicles","2023","N3 - Vehicles used for the carriage of goods and having a maximum mass exceeding 12 tonnes","Diesel","Hire or reward","Co. Leitrim","Number","69"
"Goods vehicles","2023","N3 - Vehicles used for the carriage of goods and having a maximum mass exceeding 12 tonnes","Diesel","Hire or reward","Co. Laois","Number","173"
"Goods vehicles","2023","N3 - Vehicles used for the carriage of goods and having a maximum mass exceeding 12 tonnes","Diesel","Hire or reward","Co. Meath","Number","413"
"Goods vehicles","2023","N3 - Vehicles used for the carriage of goods and having a maximum mass exceeding 12 tonnes","Diesel","Hire or reward","Co. Monaghan","Number","101"
"Goods vehicles","2023","N3 - Vehicles used for the carriage of goods and having a maximum mass exceeding 12 tonnes","Diesel","Hire or reward","Co. Mayo","Number","117"
"Goods vehicles","2023","N3 - Vehicles used for the carriage of goods and having a maximum mass exceeding 12 tonnes","Diesel","Hire or reward","Co. Offaly","Number","207"
"Goods vehicles","2023","N3 - Vehicles used for the carriage of goods and having a maximum mass exceeding 12 tonnes","Diesel","Hire or reward","Co. Roscommon","Number","96"
"Goods vehicles","2023","N3 - Vehicles used for the carriage of goods and having a maximum mass exceeding 12 tonnes","Diesel","Hire or reward","Co. Sligo","Number","59"
"Goods vehicles","2023","N3 - Vehicles used for the carriage of goods and having a maximum mass exceeding 12 tonnes","Diesel","Hire or reward","Co. Tipperary","Number","378"
"Goods vehicles","2023","N3 - Vehicles used for the carriage of goods and having a maximum mass exceeding 12 tonnes","Diesel","Hire or reward","Co. Waterford","Number","39"
"Goods vehicles","2023","N3 - Vehicles used for the carriage of goods and having a maximum mass exceeding 12 tonnes","Diesel","Hire or reward","Co. Wicklow","Number","144"
"Goods vehicles","2023","N3 - Vehicles used for the carriage of goods and having a maximum mass exceeding 12 tonnes","Diesel","Hire or reward","Co. Westmeath","Number","237"
"Goods vehicles","2023","N3 - Vehicles used for the carriage of goods and having a maximum mass exceeding 12 tonnes","Diesel","Hire or reward","Co. Wexford","Number","622"
"Goods vehicles","2023","N3 - Vehicles used for the carriage of goods and having a maximum mass exceeding 12 tonnes","Diesel","Hire or reward","Ireland","Number","7079"
"Goods vehicles","2023","N3 - Vehicles used for the carriage of goods and having a maximum mass exceeding 12 tonnes","Diesel","Own account","Co. Clare","Number","195"
"Goods vehicles","2023","N3 - Vehicles used for the carriage of goods and having a maximum mass exceeding 12 tonnes","Diesel","Own account","Co. Cork","Number","3227"
"Goods vehicles","2023","N3 - Vehicles used for the carriage of goods and having a maximum mass exceeding 12 tonnes","Diesel","Own account","Co. Cavan","Number","492"
"Goods vehicles","2023","N3 - Vehicles used for the carriage of goods and having a maximum mass exceeding 12 tonnes","Diesel","Own account","Co. Carlow","Number","591"
"Goods vehicles","2023","N3 - Vehicles used for the carriage of goods and having a maximum mass exceeding 12 tonnes","Diesel","Own account","Co. Donegal","Number","721"
"Goods vehicles","2023","N3 - Vehicles used for the carriage of goods and having a maximum mass exceeding 12 tonnes","Diesel","Own account","Co. Dublin","Number","6454"
"Goods vehicles","2023","N3 - Vehicles used for the carriage of goods and having a maximum mass exceeding 12 tonnes","Diesel","Own account","Co. Galway","Number","1448"
"Goods vehicles","2023","N3 - Vehicles used for the carriage of goods and having a maximum mass exceeding 12 tonnes","Diesel","Own account","Co. Kildare","Number","1624"
"Goods vehicles","2023","N3 - Vehicles used for the carriage of goods and having a maximum mass exceeding 12 tonnes","Diesel","Own account","Co. Kilkenny","Number","926"
"Goods vehicles","2023","N3 - Vehicles used for the carriage of goods and having a maximum mass exceeding 12 tonnes","Diesel","Own account","Co. Kerry","Number","759"
"Goods vehicles","2023","N3 - Vehicles used for the carriage of goods and having a maximum mass exceeding 12 tonnes","Diesel","Own account","Co. Longford","Number","438"
"Goods vehicles","2023","N3 - Vehicles used for the carriage of goods and having a maximum mass exceeding 12 tonnes","Diesel","Own account","Co. Louth","Number","664"
"Goods vehicles","2023","N3 - Vehicles used for the carriage of goods and having a maximum mass exceeding 12 tonnes","Diesel","Own account","Co. Limerick","Number","1426"
"Goods vehicles","2023","N3 - Vehicles used for the carriage of goods and having a maximum mass exceeding 12 tonnes","Diesel","Own account","Co. Leitrim","Number","142"
"Goods vehicles","2023","N3 - Vehicles used for the carriage of goods and having a maximum mass exceeding 12 tonnes","Diesel","Own account","Co. Laois","Number","638"
"Goods vehicles","2023","N3 - Vehicles used for the carriage of goods and having a maximum mass exceeding 12 tonnes","Diesel","Own account","Co. Meath","Number","1549"
"Goods vehicles","2023","N3 - Vehicles used for the carriage of goods and having a maximum mass exceeding 12 tonnes","Diesel","Own account","Co. Monaghan","Number","1296"
"Goods vehicles","2023","N3 - Vehicles used for the carriage of goods and having a maximum mass exceeding 12 tonnes","Diesel","Own account","Co. Mayo","Number","822"
"Goods vehicles","2023","N3 - Vehicles used for the carriage of goods and having a maximum mass exceeding 12 tonnes","Diesel","Own account","Co. Offaly","Number","352"
"Goods vehicles","2023","N3 - Vehicles used for the carriage of goods and having a maximum mass exceeding 12 tonnes","Diesel","Own account","Co. Roscommon","Number","424"
"Goods vehicles","2023","N3 - Vehicles used for the carriage of goods and having a maximum mass exceeding 12 tonnes","Diesel","Own account","Co. Sligo","Number","342"
"Goods vehicles","2023","N3 - Vehicles used for the carriage of goods and having a maximum mass exceeding 12 tonnes","Diesel","Own account","Co. Tipperary","Number","1155"
"Goods vehicles","2023","N3 - Vehicles used for the carriage of goods and having a maximum mass exceeding 12 tonnes","Diesel","Own account","Co. Waterford","Number","463"
"Goods vehicles","2023","N3 - Vehicles used for the carriage of goods and having a maximum mass exceeding 12 tonnes","Diesel","Own account","Co. Wicklow","Number","595"
"Goods vehicles","2023","N3 - Vehicles used for the carriage of goods and having a maximum mass exceeding 12 tonnes","Diesel","Own account","Co. Westmeath","Number","387"
"Goods vehicles","2023","N3 - Vehicles used for the carriage of goods and having a maximum mass exceeding 12 tonnes","Diesel","Own account","Co. Wexford","Number","1300"
"Goods vehicles","2023","N3 - Vehicles used for the carriage of goods and having a maximum mass exceeding 12 tonnes","Diesel","Own account","Ireland","Number","28430"
"Goods vehicles","2023","N3 - Vehicles used for the carriage of goods and having a maximum mass exceeding 12 tonnes","Battery Electric Vehicles (BEV)","Main use (own account and hire or reward)","Co. Clare","Number","1"
"Goods vehicles","2023","N3 - Vehicles used for the carriage of goods and having a maximum mass exceeding 12 tonnes","Battery Electric Vehicles (BEV)","Main use (own account and hire or reward)","Co. Cork","Number","2"
"Goods vehicles","2023","N3 - Vehicles used for the carriage of goods and having a maximum mass exceeding 12 tonnes","Battery Electric Vehicles (BEV)","Main use (own account and hire or reward)","Co. Cavan","Number","0"
"Goods vehicles","2023","N3 - Vehicles used for the carriage of goods and having a maximum mass exceeding 12 tonnes","Battery Electric Vehicles (BEV)","Main use (own account and hire or reward)","Co. Carlow","Number","0"
"Goods vehicles","2023","N3 - Vehicles used for the carriage of goods and having a maximum mass exceeding 12 tonnes","Battery Electric Vehicles (BEV)","Main use (own account and hire or reward)","Co. Donegal","Number","0"
"Goods vehicles","2023","N3 - Vehicles used for the carriage of goods and having a maximum mass exceeding 12 tonnes","Battery Electric Vehicles (BEV)","Main use (own account and hire or reward)","Co. Dublin","Number","14"
"Goods vehicles","2023","N3 - Vehicles used for the carriage of goods and having a maximum mass exceeding 12 tonnes","Battery Electric Vehicles (BEV)","Main use (own account and hire or reward)","Co. Galway","Number","1"
"Goods vehicles","2023","N3 - Vehicles used for the carriage of goods and having a maximum mass exceeding 12 tonnes","Battery Electric Vehicles (BEV)","Main use (own account and hire or reward)","Co. Kildare","Number","0"
"Goods vehicles","2023","N3 - Vehicles used for the carriage of goods and having a maximum mass exceeding 12 tonnes","Battery Electric Vehicles (BEV)","Main use (own account and hire or reward)","Co. Kilkenny","Number","0"
"Goods vehicles","2023","N3 - Vehicles used for the carriage of goods and having a maximum mass exceeding 12 tonnes","Battery Electric Vehicles (BEV)","Main use (own account and hire or reward)","Co. Kerry","Number","0"
"Goods vehicles","2023","N3 - Vehicles used for the carriage of goods and having a maximum mass exceeding 12 tonnes","Battery Electric Vehicles (BEV)","Main use (own account and hire or reward)","Co. Longford","Number","0"
"Goods vehicles","2023","N3 - Vehicles used for the carriage of goods and having a maximum mass exceeding 12 tonnes","Battery Electric Vehicles (BEV)","Main use (own account and hire or reward)","Co. Louth","Number","2"
"Goods vehicles","2023","N3 - Vehicles used for the carriage of goods and having a maximum mass exceeding 12 tonnes","Battery Electric Vehicles (BEV)","Main use (own account and hire or reward)","Co. Limerick","Number","1"
"Goods vehicles","2023","N3 - Vehicles used for the carriage of goods and having a maximum mass exceeding 12 tonnes","Battery Electric Vehicles (BEV)","Main use (own account and hire or reward)","Co. Leitrim","Number","0"
"Goods vehicles","2023","N3 - Vehicles used for the carriage of goods and having a maximum mass exceeding 12 tonnes","Battery Electric Vehicles (BEV)","Main use (own account and hire or reward)","Co. Laois","Number","0"
"Goods vehicles","2023","N3 - Vehicles used for the carriage of goods and having a maximum mass exceeding 12 tonnes","Battery Electric Vehicles (BEV)","Main use (own account and hire or reward)","Co. Meath","Number","1"
"Goods vehicles","2023","N3 - Vehicles used for the carriage of goods and having a maximum mass exceeding 12 tonnes","Battery Electric Vehicles (BEV)","Main use (own account and hire or reward)","Co. Monaghan","Number","0"
"Goods vehicles","2023","N3 - Vehicles used for the carriage of goods and having a maximum mass exceeding 12 tonnes","Battery Electric Vehicles (BEV)","Main use (own account and hire or reward)","Co. Mayo","Number","0"
"Goods vehicles","2023","N3 - Vehicles used for the carriage of goods and having a maximum mass exceeding 12 tonnes","Battery Electric Vehicles (BEV)","Main use (own account and hire or reward)","Co. Offaly","Number","0"
"Goods vehicles","2023","N3 - Vehicles used for the carriage of goods and having a maximum mass exceeding 12 tonnes","Battery Electric Vehicles (BEV)","Main use (own account and hire or reward)","Co. Roscommon","Number","0"
"Goods vehicles","2023","N3 - Vehicles used for the carriage of goods and having a maximum mass exceeding 12 tonnes","Battery Electric Vehicles (BEV)","Main use (own account and hire or reward)","Co. Sligo","Number","0"
"Goods vehicles","2023","N3 - Vehicles used for the carriage of goods and having a maximum mass exceeding 12 tonnes","Battery Electric Vehicles (BEV)","Main use (own account and hire or reward)","Co. Tipperary","Number","0"
"Goods vehicles","2023","N3 - Vehicles used for the carriage of goods and having a maximum mass exceeding 12 tonnes","Battery Electric Vehicles (BEV)","Main use (own account and hire or reward)","Co. Waterford","Number","0"
"Goods vehicles","2023","N3 - Vehicles used for the carriage of goods and having a maximum mass exceeding 12 tonnes","Battery Electric Vehicles (BEV)","Main use (own account and hire or reward)","Co. Wicklow","Number","0"
"Goods vehicles","2023","N3 - Vehicles used for the carriage of goods and having a maximum mass exceeding 12 tonnes","Battery Electric Vehicles (BEV)","Main use (own account and hire or reward)","Co. Westmeath","Number","0"
"Goods vehicles","2023","N3 - Vehicles used for the carriage of goods and having a maximum mass exceeding 12 tonnes","Battery Electric Vehicles (BEV)","Main use (own account and hire or reward)","Co. Wexford","Number","0"
"Goods vehicles","2023","N3 - Vehicles used for the carriage of goods and having a maximum mass exceeding 12 tonnes","Battery Electric Vehicles (BEV)","Main use (own account and hire or reward)","Ireland","Number","22"
"Goods vehicles","2023","N3 - Vehicles used for the carriage of goods and having a maximum mass exceeding 12 tonnes","Battery Electric Vehicles (BEV)","Hire or reward","Co. Clare","Number","1"
"Goods vehicles","2023","N3 - Vehicles used for the carriage of goods and having a maximum mass exceeding 12 tonnes","Battery Electric Vehicles (BEV)","Hire or reward","Co. Cork","Number","1"
"Goods vehicles","2023","N3 - Vehicles used for the carriage of goods and having a maximum mass exceeding 12 tonnes","Battery Electric Vehicles (BEV)","Hire or reward","Co. Cavan","Number","0"
"Goods vehicles","2023","N3 - Vehicles used for the carriage of goods and having a maximum mass exceeding 12 tonnes","Battery Electric Vehicles (BEV)","Hire or reward","Co. Carlow","Number","0"
"Goods vehicles","2023","N3 - Vehicles used for the carriage of goods and having a maximum mass exceeding 12 tonnes","Battery Electric Vehicles (BEV)","Hire or reward","Co. Donegal","Number","0"
"Goods vehicles","2023","N3 - Vehicles used for the carriage of goods and having a maximum mass exceeding 12 tonnes","Battery Electric Vehicles (BEV)","Hire or reward","Co. Dublin","Number","2"
"Goods vehicles","2023","N3 - Vehicles used for the carriage of goods and having a maximum mass exceeding 12 tonnes","Battery Electric Vehicles (BEV)","Hire or reward","Co. Galway","Number","0"
"Goods vehicles","2023","N3 - Vehicles used for the carriage of goods and having a maximum mass exceeding 12 tonnes","Battery Electric Vehicles (BEV)","Hire or reward","Co. Kildare","Number","0"
"Goods vehicles","2023","N3 - Vehicles used for the carriage of goods and having a maximum mass exceeding 12 tonnes","Battery Electric Vehicles (BEV)","Hire or reward","Co. Kilkenny","Number","0"
"Goods vehicles","2023","N3 - Vehicles used for the carriage of goods and having a maximum mass exceeding 12 tonnes","Battery Electric Vehicles (BEV)","Hire or reward","Co. Kerry","Number","0"
"Goods vehicles","2023","N3 - Vehicles used for the carriage of goods and having a maximum mass exceeding 12 tonnes","Battery Electric Vehicles (BEV)","Hire or reward","Co. Longford","Number","0"
"Goods vehicles","2023","N3 - Vehicles used for the carriage of goods and having a maximum mass exceeding 12 tonnes","Battery Electric Vehicles (BEV)","Hire or reward","Co. Louth","Number","2"
"Goods vehicles","2023","N3 - Vehicles used for the carriage of goods and having a maximum mass exceeding 12 tonnes","Battery Electric Vehicles (BEV)","Hire or reward","Co. Limerick","Number","0"
"Goods vehicles","2023","N3 - Vehicles used for the carriage of goods and having a maximum mass exceeding 12 tonnes","Battery Electric Vehicles (BEV)","Hire or reward","Co. Leitrim","Number","0"
"Goods vehicles","2023","N3 - Vehicles used for the carriage of goods and having a maximum mass exceeding 12 tonnes","Battery Electric Vehicles (BEV)","Hire or reward","Co. Laois","Number","0"
"Goods vehicles","2023","N3 - Vehicles used for the carriage of goods and having a maximum mass exceeding 12 tonnes","Battery Electric Vehicles (BEV)","Hire or reward","Co. Meath","Number","0"
"Goods vehicles","2023","N3 - Vehicles used for the carriage of goods and having a maximum mass exceeding 12 tonnes","Battery Electric Vehicles (BEV)","Hire or reward","Co. Monaghan","Number","0"
"Goods vehicles","2023","N3 - Vehicles used for the carriage of goods and having a maximum mass exceeding 12 tonnes","Battery Electric Vehicles (BEV)","Hire or reward","Co. Mayo","Number","0"
"Goods vehicles","2023","N3 - Vehicles used for the carriage of goods and having a maximum mass exceeding 12 tonnes","Battery Electric Vehicles (BEV)","Hire or reward","Co. Offaly","Number","0"
"Goods vehicles","2023","N3 - Vehicles used for the carriage of goods and having a maximum mass exceeding 12 tonnes","Battery Electric Vehicles (BEV)","Hire or reward","Co. Roscommon","Number","0"
"Goods vehicles","2023","N3 - Vehicles used for the carriage of goods and having a maximum mass exceeding 12 tonnes","Battery Electric Vehicles (BEV)","Hire or reward","Co. Sligo","Number","0"
"Goods vehicles","2023","N3 - Vehicles used for the carriage of goods and having a maximum mass exceeding 12 tonnes","Battery Electric Vehicles (BEV)","Hire or reward","Co. Tipperary","Number","0"
"Goods vehicles","2023","N3 - Vehicles used for the carriage of goods and having a maximum mass exceeding 12 tonnes","Battery Electric Vehicles (BEV)","Hire or reward","Co. Waterford","Number","0"
"Goods vehicles","2023","N3 - Vehicles used for the carriage of goods and having a maximum mass exceeding 12 tonnes","Battery Electric Vehicles (BEV)","Hire or reward","Co. Wicklow","Number","0"
"Goods vehicles","2023","N3 - Vehicles used for the carriage of goods and having a maximum mass exceeding 12 tonnes","Battery Electric Vehicles (BEV)","Hire or reward","Co. Westmeath","Number","0"
"Goods vehicles","2023","N3 - Vehicles used for the carriage of goods and having a maximum mass exceeding 12 tonnes","Battery Electric Vehicles (BEV)","Hire or reward","Co. Wexford","Number","0"
"Goods vehicles","2023","N3 - Vehicles used for the carriage of goods and having a maximum mass exceeding 12 tonnes","Battery Electric Vehicles (BEV)","Hire or reward","Ireland","Number","6"
"Goods vehicles","2023","N3 - Vehicles used for the carriage of goods and having a maximum mass exceeding 12 tonnes","Battery Electric Vehicles (BEV)","Own account","Co. Clare","Number","0"
"Goods vehicles","2023","N3 - Vehicles used for the carriage of goods and having a maximum mass exceeding 12 tonnes","Battery Electric Vehicles (BEV)","Own account","Co. Cork","Number","1"
"Goods vehicles","2023","N3 - Vehicles used for the carriage of goods and having a maximum mass exceeding 12 tonnes","Battery Electric Vehicles (BEV)","Own account","Co. Cavan","Number","0"
"Goods vehicles","2023","N3 - Vehicles used for the carriage of goods and having a maximum mass exceeding 12 tonnes","Battery Electric Vehicles (BEV)","Own account","Co. Carlow","Number","0"
"Goods vehicles","2023","N3 - Vehicles used for the carriage of goods and having a maximum mass exceeding 12 tonnes","Battery Electric Vehicles (BEV)","Own account","Co. Donegal","Number","0"
"Goods vehicles","2023","N3 - Vehicles used for the carriage of goods and having a maximum mass exceeding 12 tonnes","Battery Electric Vehicles (BEV)","Own account","Co. Dublin","Number","12"
"Goods vehicles","2023","N3 - Vehicles used for the carriage of goods and having a maximum mass exceeding 12 tonnes","Battery Electric Vehicles (BEV)","Own account","Co. Galway","Number","1"
"Goods vehicles","2023","N3 - Vehicles used for the carriage of goods and having a maximum mass exceeding 12 tonnes","Battery Electric Vehicles (BEV)","Own account","Co. Kildare","Number","0"
"Goods vehicles","2023","N3 - Vehicles used for the carriage of goods and having a maximum mass exceeding 12 tonnes","Battery Electric Vehicles (BEV)","Own account","Co. Kilkenny","Number","0"
"Goods vehicles","2023","N3 - Vehicles used for the carriage of goods and having a maximum mass exceeding 12 tonnes","Battery Electric Vehicles (BEV)","Own account","Co. Kerry","Number","0"
"Goods vehicles","2023","N3 - Vehicles used for the carriage of goods and having a maximum mass exceeding 12 tonnes","Battery Electric Vehicles (BEV)","Own account","Co. Longford","Number","0"
"Goods vehicles","2023","N3 - Vehicles used for the carriage of goods and having a maximum mass exceeding 12 tonnes","Battery Electric Vehicles (BEV)","Own account","Co. Louth","Number","0"
"Goods vehicles","2023","N3 - Vehicles used for the carriage of goods and having a maximum mass exceeding 12 tonnes","Battery Electric Vehicles (BEV)","Own account","Co. Limerick","Number","1"
"Goods vehicles","2023","N3 - Vehicles used for the carriage of goods and having a maximum mass exceeding 12 tonnes","Battery Electric Vehicles (BEV)","Own account","Co. Leitrim","Number","0"
"Goods vehicles","2023","N3 - Vehicles used for the carriage of goods and having a maximum mass exceeding 12 tonnes","Battery Electric Vehicles (BEV)","Own account","Co. Laois","Number","0"
"Goods vehicles","2023","N3 - Vehicles used for the carriage of goods and having a maximum mass exceeding 12 tonnes","Battery Electric Vehicles (BEV)","Own account","Co. Meath","Number","1"
"Goods vehicles","2023","N3 - Vehicles used for the carriage of goods and having a maximum mass exceeding 12 tonnes","Battery Electric Vehicles (BEV)","Own account","Co. Monaghan","Number","0"
"Goods vehicles","2023","N3 - Vehicles used for the carriage of goods and having a maximum mass exceeding 12 tonnes","Battery Electric Vehicles (BEV)","Own account","Co. Mayo","Number","0"
"Goods vehicles","2023","N3 - Vehicles used for the carriage of goods and having a maximum mass exceeding 12 tonnes","Battery Electric Vehicles (BEV)","Own account","Co. Offaly","Number","0"
"Goods vehicles","2023","N3 - Vehicles used for the carriage of goods and having a maximum mass exceeding 12 tonnes","Battery Electric Vehicles (BEV)","Own account","Co. Roscommon","Number","0"
"Goods vehicles","2023","N3 - Vehicles used for the carriage of goods and having a maximum mass exceeding 12 tonnes","Battery Electric Vehicles (BEV)","Own account","Co. Sligo","Number","0"
"Goods vehicles","2023","N3 - Vehicles used for the carriage of goods and having a maximum mass exceeding 12 tonnes","Battery Electric Vehicles (BEV)","Own account","Co. Tipperary","Number","0"
"Goods vehicles","2023","N3 - Vehicles used for the carriage of goods and having a maximum mass exceeding 12 tonnes","Battery Electric Vehicles (BEV)","Own account","Co. Waterford","Number","0"
"Goods vehicles","2023","N3 - Vehicles used for the carriage of goods and having a maximum mass exceeding 12 tonnes","Battery Electric Vehicles (BEV)","Own account","Co. Wicklow","Number","0"
"Goods vehicles","2023","N3 - Vehicles used for the carriage of goods and having a maximum mass exceeding 12 tonnes","Battery Electric Vehicles (BEV)","Own account","Co. Westmeath","Number","0"
"Goods vehicles","2023","N3 - Vehicles used for the carriage of goods and having a maximum mass exceeding 12 tonnes","Battery Electric Vehicles (BEV)","Own account","Co. Wexford","Number","0"
"Goods vehicles","2023","N3 - Vehicles used for the carriage of goods and having a maximum mass exceeding 12 tonnes","Battery Electric Vehicles (BEV)","Own account","Ireland","Number","16"
"Goods vehicles","2023","N3 - Vehicles used for the carriage of goods and having a maximum mass exceeding 12 tonnes","Plug-in hybrid electric vehicles (PHEV)","Main use (own account and hire or reward)","Co. Clare","Number","0"
"Goods vehicles","2023","N3 - Vehicles used for the carriage of goods and having a maximum mass exceeding 12 tonnes","Plug-in hybrid electric vehicles (PHEV)","Main use (own account and hire or reward)","Co. Cork","Number","0"
"Goods vehicles","2023","N3 - Vehicles used for the carriage of goods and having a maximum mass exceeding 12 tonnes","Plug-in hybrid electric vehicles (PHEV)","Main use (own account and hire or reward)","Co. Cavan","Number","0"
"Goods vehicles","2023","N3 - Vehicles used for the carriage of goods and having a maximum mass exceeding 12 tonnes","Plug-in hybrid electric vehicles (PHEV)","Main use (own account and hire or reward)","Co. Carlow","Number","0"
"Goods vehicles","2023","N3 - Vehicles used for the carriage of goods and having a maximum mass exceeding 12 tonnes","Plug-in hybrid electric vehicles (PHEV)","Main use (own account and hire or reward)","Co. Donegal","Number","0"
"Goods vehicles","2023","N3 - Vehicles used for the carriage of goods and having a maximum mass exceeding 12 tonnes","Plug-in hybrid electric vehicles (PHEV)","Main use (own account and hire or reward)","Co. Dublin","Number","0"
"Goods vehicles","2023","N3 - Vehicles used for the carriage of goods and having a maximum mass exceeding 12 tonnes","Plug-in hybrid electric vehicles (PHEV)","Main use (own account and hire or reward)","Co. Galway","Number","0"
"Goods vehicles","2023","N3 - Vehicles used for the carriage of goods and having a maximum mass exceeding 12 tonnes","Plug-in hybrid electric vehicles (PHEV)","Main use (own account and hire or reward)","Co. Kildare","Number","0"
"Goods vehicles","2023","N3 - Vehicles used for the carriage of goods and having a maximum mass exceeding 12 tonnes","Plug-in hybrid electric vehicles (PHEV)","Main use (own account and hire or reward)","Co. Kilkenny","Number","0"
"Goods vehicles","2023","N3 - Vehicles used for the carriage of goods and having a maximum mass exceeding 12 tonnes","Plug-in hybrid electric vehicles (PHEV)","Main use (own account and hire or reward)","Co. Kerry","Number","0"
"Goods vehicles","2023","N3 - Vehicles used for the carriage of goods and having a maximum mass exceeding 12 tonnes","Plug-in hybrid electric vehicles (PHEV)","Main use (own account and hire or reward)","Co. Longford","Number","0"
"Goods vehicles","2023","N3 - Vehicles used for the carriage of goods and having a maximum mass exceeding 12 tonnes","Plug-in hybrid electric vehicles (PHEV)","Main use (own account and hire or reward)","Co. Louth","Number","0"
"Goods vehicles","2023","N3 - Vehicles used for the carriage of goods and having a maximum mass exceeding 12 tonnes","Plug-in hybrid electric vehicles (PHEV)","Main use (own account and hire or reward)","Co. Limerick","Number","0"
"Goods vehicles","2023","N3 - Vehicles used for the carriage of goods and having a maximum mass exceeding 12 tonnes","Plug-in hybrid electric vehicles (PHEV)","Main use (own account and hire or reward)","Co. Leitrim","Number","0"
"Goods vehicles","2023","N3 - Vehicles used for the carriage of goods and having a maximum mass exceeding 12 tonnes","Plug-in hybrid electric vehicles (PHEV)","Main use (own account and hire or reward)","Co. Laois","Number","0"
"Goods vehicles","2023","N3 - Vehicles used for the carriage of goods and having a maximum mass exceeding 12 tonnes","Plug-in hybrid electric vehicles (PHEV)","Main use (own account and hire or reward)","Co. Meath","Number","0"
"Goods vehicles","2023","N3 - Vehicles used for the carriage of goods and having a maximum mass exceeding 12 tonnes","Plug-in hybrid electric vehicles (PHEV)","Main use (own account and hire or reward)","Co. Monaghan","Number","0"
"Goods vehicles","2023","N3 - Vehicles used for the carriage of goods and having a maximum mass exceeding 12 tonnes","Plug-in hybrid electric vehicles (PHEV)","Main use (own account and hire or reward)","Co. Mayo","Number","0"
"Goods vehicles","2023","N3 - Vehicles used for the carriage of goods and having a maximum mass exceeding 12 tonnes","Plug-in hybrid electric vehicles (PHEV)","Main use (own account and hire or reward)","Co. Offaly","Number","0"
"Goods vehicles","2023","N3 - Vehicles used for the carriage of goods and having a maximum mass exceeding 12 tonnes","Plug-in hybrid electric vehicles (PHEV)","Main use (own account and hire or reward)","Co. Roscommon","Number","0"
"Goods vehicles","2023","N3 - Vehicles used for the carriage of goods and having a maximum mass exceeding 12 tonnes","Plug-in hybrid electric vehicles (PHEV)","Main use (own account and hire or reward)","Co. Sligo","Number","0"
"Goods vehicles","2023","N3 - Vehicles used for the carriage of goods and having a maximum mass exceeding 12 tonnes","Plug-in hybrid electric vehicles (PHEV)","Main use (own account and hire or reward)","Co. Tipperary","Number","1"
"Goods vehicles","2023","N3 - Vehicles used for the carriage of goods and having a maximum mass exceeding 12 tonnes","Plug-in hybrid electric vehicles (PHEV)","Main use (own account and hire or reward)","Co. Waterford","Number","0"
"Goods vehicles","2023","N3 - Vehicles used for the carriage of goods and having a maximum mass exceeding 12 tonnes","Plug-in hybrid electric vehicles (PHEV)","Main use (own account and hire or reward)","Co. Wicklow","Number","0"
"Goods vehicles","2023","N3 - Vehicles used for the carriage of goods and having a maximum mass exceeding 12 tonnes","Plug-in hybrid electric vehicles (PHEV)","Main use (own account and hire or reward)","Co. Westmeath","Number","0"
"Goods vehicles","2023","N3 - Vehicles used for the carriage of goods and having a maximum mass exceeding 12 tonnes","Plug-in hybrid electric vehicles (PHEV)","Main use (own account and hire or reward)","Co. Wexford","Number","0"
"Goods vehicles","2023","N3 - Vehicles used for the carriage of goods and having a maximum mass exceeding 12 tonnes","Plug-in hybrid electric vehicles (PHEV)","Main use (own account and hire or reward)","Ireland","Number","1"
"Goods vehicles","2023","N3 - Vehicles used for the carriage of goods and having a maximum mass exceeding 12 tonnes","Plug-in hybrid electric vehicles (PHEV)","Hire or reward","Co. Clare","Number","0"
"Goods vehicles","2023","N3 - Vehicles used for the carriage of goods and having a maximum mass exceeding 12 tonnes","Plug-in hybrid electric vehicles (PHEV)","Hire or reward","Co. Cork","Number","0"
"Goods vehicles","2023","N3 - Vehicles used for the carriage of goods and having a maximum mass exceeding 12 tonnes","Plug-in hybrid electric vehicles (PHEV)","Hire or reward","Co. Cavan","Number","0"
"Goods vehicles","2023","N3 - Vehicles used for the carriage of goods and having a maximum mass exceeding 12 tonnes","Plug-in hybrid electric vehicles (PHEV)","Hire or reward","Co. Carlow","Number","0"
"Goods vehicles","2023","N3 - Vehicles used for the carriage of goods and having a maximum mass exceeding 12 tonnes","Plug-in hybrid electric vehicles (PHEV)","Hire or reward","Co. Donegal","Number","0"
"Goods vehicles","2023","N3 - Vehicles used for the carriage of goods and having a maximum mass exceeding 12 tonnes","Plug-in hybrid electric vehicles (PHEV)","Hire or reward","Co. Dublin","Number","0"
"Goods vehicles","2023","N3 - Vehicles used for the carriage of goods and having a maximum mass exceeding 12 tonnes","Plug-in hybrid electric vehicles (PHEV)","Hire or reward","Co. Galway","Number","0"
"Goods vehicles","2023","N3 - Vehicles used for the carriage of goods and having a maximum mass exceeding 12 tonnes","Plug-in hybrid electric vehicles (PHEV)","Hire or reward","Co. Kildare","Number","0"
"Goods vehicles","2023","N3 - Vehicles used for the carriage of goods and having a maximum mass exceeding 12 tonnes","Plug-in hybrid electric vehicles (PHEV)","Hire or reward","Co. Kilkenny","Number","0"
"Goods vehicles","2023","N3 - Vehicles used for the carriage of goods and having a maximum mass exceeding 12 tonnes","Plug-in hybrid electric vehicles (PHEV)","Hire or reward","Co. Kerry","Number","0"
"Goods vehicles","2023","N3 - Vehicles used for the carriage of goods and having a maximum mass exceeding 12 tonnes","Plug-in hybrid electric vehicles (PHEV)","Hire or reward","Co. Longford","Number","0"
"Goods vehicles","2023","N3 - Vehicles used for the carriage of goods and having a maximum mass exceeding 12 tonnes","Plug-in hybrid electric vehicles (PHEV)","Hire or reward","Co. Louth","Number","0"
"Goods vehicles","2023","N3 - Vehicles used for the carriage of goods and having a maximum mass exceeding 12 tonnes","Plug-in hybrid electric vehicles (PHEV)","Hire or reward","Co. Limerick","Number","0"
"Goods vehicles","2023","N3 - Vehicles used for the carriage of goods and having a maximum mass exceeding 12 tonnes","Plug-in hybrid electric vehicles (PHEV)","Hire or reward","Co. Leitrim","Number","0"
"Goods vehicles","2023","N3 - Vehicles used for the carriage of goods and having a maximum mass exceeding 12 tonnes","Plug-in hybrid electric vehicles (PHEV)","Hire or reward","Co. Laois","Number","0"
"Goods vehicles","2023","N3 - Vehicles used for the carriage of goods and having a maximum mass exceeding 12 tonnes","Plug-in hybrid electric vehicles (PHEV)","Hire or reward","Co. Meath","Number","0"
"Goods vehicles","2023","N3 - Vehicles used for the carriage of goods and having a maximum mass exceeding 12 tonnes","Plug-in hybrid electric vehicles (PHEV)","Hire or reward","Co. Monaghan","Number","0"
"Goods vehicles","2023","N3 - Vehicles used for the carriage of goods and having a maximum mass exceeding 12 tonnes","Plug-in hybrid electric vehicles (PHEV)","Hire or reward","Co. Mayo","Number","0"
"Goods vehicles","2023","N3 - Vehicles used for the carriage of goods and having a maximum mass exceeding 12 tonnes","Plug-in hybrid electric vehicles (PHEV)","Hire or reward","Co. Offaly","Number","0"
"Goods vehicles","2023","N3 - Vehicles used for the carriage of goods and having a maximum mass exceeding 12 tonnes","Plug-in hybrid electric vehicles (PHEV)","Hire or reward","Co. Roscommon","Number","0"
"Goods vehicles","2023","N3 - Vehicles used for the carriage of goods and having a maximum mass exceeding 12 tonnes","Plug-in hybrid electric vehicles (PHEV)","Hire or reward","Co. Sligo","Number","0"
"Goods vehicles","2023","N3 - Vehicles used for the carriage of goods and having a maximum mass exceeding 12 tonnes","Plug-in hybrid electric vehicles (PHEV)","Hire or reward","Co. Tipperary","Number","0"
"Goods vehicles","2023","N3 - Vehicles used for the carriage of goods and having a maximum mass exceeding 12 tonnes","Plug-in hybrid electric vehicles (PHEV)","Hire or reward","Co. Waterford","Number","0"
"Goods vehicles","2023","N3 - Vehicles used for the carriage of goods and having a maximum mass exceeding 12 tonnes","Plug-in hybrid electric vehicles (PHEV)","Hire or reward","Co. Wicklow","Number","0"
"Goods vehicles","2023","N3 - Vehicles used for the carriage of goods and having a maximum mass exceeding 12 tonnes","Plug-in hybrid electric vehicles (PHEV)","Hire or reward","Co. Westmeath","Number","0"
"Goods vehicles","2023","N3 - Vehicles used for the carriage of goods and having a maximum mass exceeding 12 tonnes","Plug-in hybrid electric vehicles (PHEV)","Hire or reward","Co. Wexford","Number","0"
"Goods vehicles","2023","N3 - Vehicles used for the carriage of goods and having a maximum mass exceeding 12 tonnes","Plug-in hybrid electric vehicles (PHEV)","Hire or reward","Ireland","Number","0"
"Goods vehicles","2023","N3 - Vehicles used for the carriage of goods and having a maximum mass exceeding 12 tonnes","Plug-in hybrid electric vehicles (PHEV)","Own account","Co. Clare","Number","0"
"Goods vehicles","2023","N3 - Vehicles used for the carriage of goods and having a maximum mass exceeding 12 tonnes","Plug-in hybrid electric vehicles (PHEV)","Own account","Co. Cork","Number","0"
"Goods vehicles","2023","N3 - Vehicles used for the carriage of goods and having a maximum mass exceeding 12 tonnes","Plug-in hybrid electric vehicles (PHEV)","Own account","Co. Cavan","Number","0"
"Goods vehicles","2023","N3 - Vehicles used for the carriage of goods and having a maximum mass exceeding 12 tonnes","Plug-in hybrid electric vehicles (PHEV)","Own account","Co. Carlow","Number","0"
"Goods vehicles","2023","N3 - Vehicles used for the carriage of goods and having a maximum mass exceeding 12 tonnes","Plug-in hybrid electric vehicles (PHEV)","Own account","Co. Donegal","Number","0"
"Goods vehicles","2023","N3 - Vehicles used for the carriage of goods and having a maximum mass exceeding 12 tonnes","Plug-in hybrid electric vehicles (PHEV)","Own account","Co. Dublin","Number","0"
"Goods vehicles","2023","N3 - Vehicles used for the carriage of goods and having a maximum mass exceeding 12 tonnes","Plug-in hybrid electric vehicles (PHEV)","Own account","Co. Galway","Number","0"
"Goods vehicles","2023","N3 - Vehicles used for the carriage of goods and having a maximum mass exceeding 12 tonnes","Plug-in hybrid electric vehicles (PHEV)","Own account","Co. Kildare","Number","0"
"Goods vehicles","2023","N3 - Vehicles used for the carriage of goods and having a maximum mass exceeding 12 tonnes","Plug-in hybrid electric vehicles (PHEV)","Own account","Co. Kilkenny","Number","0"
"Goods vehicles","2023","N3 - Vehicles used for the carriage of goods and having a maximum mass exceeding 12 tonnes","Plug-in hybrid electric vehicles (PHEV)","Own account","Co. Kerry","Number","0"
"Goods vehicles","2023","N3 - Vehicles used for the carriage of goods and having a maximum mass exceeding 12 tonnes","Plug-in hybrid electric vehicles (PHEV)","Own account","Co. Longford","Number","0"
"Goods vehicles","2023","N3 - Vehicles used for the carriage of goods and having a maximum mass exceeding 12 tonnes","Plug-in hybrid electric vehicles (PHEV)","Own account","Co. Louth","Number","0"
"Goods vehicles","2023","N3 - Vehicles used for the carriage of goods and having a maximum mass exceeding 12 tonnes","Plug-in hybrid electric vehicles (PHEV)","Own account","Co. Limerick","Number","0"
"Goods vehicles","2023","N3 - Vehicles used for the carriage of goods and having a maximum mass exceeding 12 tonnes","Plug-in hybrid electric vehicles (PHEV)","Own account","Co. Leitrim","Number","0"
"Goods vehicles","2023","N3 - Vehicles used for the carriage of goods and having a maximum mass exceeding 12 tonnes","Plug-in hybrid electric vehicles (PHEV)","Own account","Co. Laois","Number","0"
"Goods vehicles","2023","N3 - Vehicles used for the carriage of goods and having a maximum mass exceeding 12 tonnes","Plug-in hybrid electric vehicles (PHEV)","Own account","Co. Meath","Number","0"
"Goods vehicles","2023","N3 - Vehicles used for the carriage of goods and having a maximum mass exceeding 12 tonnes","Plug-in hybrid electric vehicles (PHEV)","Own account","Co. Monaghan","Number","0"
"Goods vehicles","2023","N3 - Vehicles used for the carriage of goods and having a maximum mass exceeding 12 tonnes","Plug-in hybrid electric vehicles (PHEV)","Own account","Co. Mayo","Number","0"
"Goods vehicles","2023","N3 - Vehicles used for the carriage of goods and having a maximum mass exceeding 12 tonnes","Plug-in hybrid electric vehicles (PHEV)","Own account","Co. Offaly","Number","0"
"Goods vehicles","2023","N3 - Vehicles used for the carriage of goods and having a maximum mass exceeding 12 tonnes","Plug-in hybrid electric vehicles (PHEV)","Own account","Co. Roscommon","Number","0"
"Goods vehicles","2023","N3 - Vehicles used for the carriage of goods and having a maximum mass exceeding 12 tonnes","Plug-in hybrid electric vehicles (PHEV)","Own account","Co. Sligo","Number","0"
"Goods vehicles","2023","N3 - Vehicles used for the carriage of goods and having a maximum mass exceeding 12 tonnes","Plug-in hybrid electric vehicles (PHEV)","Own account","Co. Tipperary","Number","1"
"Goods vehicles","2023","N3 - Vehicles used for the carriage of goods and having a maximum mass exceeding 12 tonnes","Plug-in hybrid electric vehicles (PHEV)","Own account","Co. Waterford","Number","0"
"Goods vehicles","2023","N3 - Vehicles used for the carriage of goods and having a maximum mass exceeding 12 tonnes","Plug-in hybrid electric vehicles (PHEV)","Own account","Co. Wicklow","Number","0"
"Goods vehicles","2023","N3 - Vehicles used for the carriage of goods and having a maximum mass exceeding 12 tonnes","Plug-in hybrid electric vehicles (PHEV)","Own account","Co. Westmeath","Number","0"
"Goods vehicles","2023","N3 - Vehicles used for the carriage of goods and having a maximum mass exceeding 12 tonnes","Plug-in hybrid electric vehicles (PHEV)","Own account","Co. Wexford","Number","0"
"Goods vehicles","2023","N3 - Vehicles used for the carriage of goods and having a maximum mass exceeding 12 tonnes","Plug-in hybrid electric vehicles (PHEV)","Own account","Ireland","Number","1"
"Goods vehicles","2023","N3 - Vehicles used for the carriage of goods and having a maximum mass exceeding 12 tonnes","Other fuel types","Main use (own account and hire or reward)","Co. Clare","Number","5"
"Goods vehicles","2023","N3 - Vehicles used for the carriage of goods and having a maximum mass exceeding 12 tonnes","Other fuel types","Main use (own account and hire or reward)","Co. Cork","Number","13"
"Goods vehicles","2023","N3 - Vehicles used for the carriage of goods and having a maximum mass exceeding 12 tonnes","Other fuel types","Main use (own account and hire or reward)","Co. Cavan","Number","13"
"Goods vehicles","2023","N3 - Vehicles used for the carriage of goods and having a maximum mass exceeding 12 tonnes","Other fuel types","Main use (own account and hire or reward)","Co. Carlow","Number","1"
"Goods vehicles","2023","N3 - Vehicles used for the carriage of goods and having a maximum mass exceeding 12 tonnes","Other fuel types","Main use (own account and hire or reward)","Co. Donegal","Number","0"
"Goods vehicles","2023","N3 - Vehicles used for the carriage of goods and having a maximum mass exceeding 12 tonnes","Other fuel types","Main use (own account and hire or reward)","Co. Dublin","Number","44"
"Goods vehicles","2023","N3 - Vehicles used for the carriage of goods and having a maximum mass exceeding 12 tonnes","Other fuel types","Main use (own account and hire or reward)","Co. Galway","Number","2"
"Goods vehicles","2023","N3 - Vehicles used for the carriage of goods and having a maximum mass exceeding 12 tonnes","Other fuel types","Main use (own account and hire or reward)","Co. Kildare","Number","23"
"Goods vehicles","2023","N3 - Vehicles used for the carriage of goods and having a maximum mass exceeding 12 tonnes","Other fuel types","Main use (own account and hire or reward)","Co. Kilkenny","Number","1"
"Goods vehicles","2023","N3 - Vehicles used for the carriage of goods and having a maximum mass exceeding 12 tonnes","Other fuel types","Main use (own account and hire or reward)","Co. Kerry","Number","0"
"Goods vehicles","2023","N3 - Vehicles used for the carriage of goods and having a maximum mass exceeding 12 tonnes","Other fuel types","Main use (own account and hire or reward)","Co. Longford","Number","1"
"Goods vehicles","2023","N3 - Vehicles used for the carriage of goods and having a maximum mass exceeding 12 tonnes","Other fuel types","Main use (own account and hire or reward)","Co. Louth","Number","1"
"Goods vehicles","2023","N3 - Vehicles used for the carriage of goods and having a maximum mass exceeding 12 tonnes","Other fuel types","Main use (own account and hire or reward)","Co. Limerick","Number","1"
"Goods vehicles","2023","N3 - Vehicles used for the carriage of goods and having a maximum mass exceeding 12 tonnes","Other fuel types","Main use (own account and hire or reward)","Co. Leitrim","Number","0"
"Goods vehicles","2023","N3 - Vehicles used for the carriage of goods and having a maximum mass exceeding 12 tonnes","Other fuel types","Main use (own account and hire or reward)","Co. Laois","Number","0"
"Goods vehicles","2023","N3 - Vehicles used for the carriage of goods and having a maximum mass exceeding 12 tonnes","Other fuel types","Main use (own account and hire or reward)","Co. Meath","Number","1"
"Goods vehicles","2023","N3 - Vehicles used for the carriage of goods and having a maximum mass exceeding 12 tonnes","Other fuel types","Main use (own account and hire or reward)","Co. Monaghan","Number","12"
"Goods vehicles","2023","N3 - Vehicles used for the carriage of goods and having a maximum mass exceeding 12 tonnes","Other fuel types","Main use (own account and hire or reward)","Co. Mayo","Number","0"
"Goods vehicles","2023","N3 - Vehicles used for the carriage of goods and having a maximum mass exceeding 12 tonnes","Other fuel types","Main use (own account and hire or reward)","Co. Offaly","Number","0"
"Goods vehicles","2023","N3 - Vehicles used for the carriage of goods and having a maximum mass exceeding 12 tonnes","Other fuel types","Main use (own account and hire or reward)","Co. Roscommon","Number","1"
"Goods vehicles","2023","N3 - Vehicles used for the carriage of goods and having a maximum mass exceeding 12 tonnes","Other fuel types","Main use (own account and hire or reward)","Co. Sligo","Number","0"
"Goods vehicles","2023","N3 - Vehicles used for the carriage of goods and having a maximum mass exceeding 12 tonnes","Other fuel types","Main use (own account and hire or reward)","Co. Tipperary","Number","0"
"Goods vehicles","2023","N3 - Vehicles used for the carriage of goods and having a maximum mass exceeding 12 tonnes","Other fuel types","Main use (own account and hire or reward)","Co. Waterford","Number","0"
"Goods vehicles","2023","N3 - Vehicles used for the carriage of goods and having a maximum mass exceeding 12 tonnes","Other fuel types","Main use (own account and hire or reward)","Co. Wicklow","Number","1"
"Goods vehicles","2023","N3 - Vehicles used for the carriage of goods and having a maximum mass exceeding 12 tonnes","Other fuel types","Main use (own account and hire or reward)","Co. Westmeath","Number","0"
"Goods vehicles","2023","N3 - Vehicles used for the carriage of goods and having a maximum mass exceeding 12 tonnes","Other fuel types","Main use (own account and hire or reward)","Co. Wexford","Number","1"
"Goods vehicles","2023","N3 - Vehicles used for the carriage of goods and having a maximum mass exceeding 12 tonnes","Other fuel types","Main use (own account and hire or reward)","Ireland","Number","121"
"Goods vehicles","2023","N3 - Vehicles used for the carriage of goods and having a maximum mass exceeding 12 tonnes","Other fuel types","Hire or reward","Co. Clare","Number","5"
"Goods vehicles","2023","N3 - Vehicles used for the carriage of goods and having a maximum mass exceeding 12 tonnes","Other fuel types","Hire or reward","Co. Cork","Number","5"
"Goods vehicles","2023","N3 - Vehicles used for the carriage of goods and having a maximum mass exceeding 12 tonnes","Other fuel types","Hire or reward","Co. Cavan","Number","9"
"Goods vehicles","2023","N3 - Vehicles used for the carriage of goods and having a maximum mass exceeding 12 tonnes","Other fuel types","Hire or reward","Co. Carlow","Number","0"
"Goods vehicles","2023","N3 - Vehicles used for the carriage of goods and having a maximum mass exceeding 12 tonnes","Other fuel types","Hire or reward","Co. Donegal","Number","0"
"Goods vehicles","2023","N3 - Vehicles used for the carriage of goods and having a maximum mass exceeding 12 tonnes","Other fuel types","Hire or reward","Co. Dublin","Number","3"
"Goods vehicles","2023","N3 - Vehicles used for the carriage of goods and having a maximum mass exceeding 12 tonnes","Other fuel types","Hire or reward","Co. Galway","Number","0"
"Goods vehicles","2023","N3 - Vehicles used for the carriage of goods and having a maximum mass exceeding 12 tonnes","Other fuel types","Hire or reward","Co. Kildare","Number","1"
"Goods vehicles","2023","N3 - Vehicles used for the carriage of goods and having a maximum mass exceeding 12 tonnes","Other fuel types","Hire or reward","Co. Kilkenny","Number","0"
"Goods vehicles","2023","N3 - Vehicles used for the carriage of goods and having a maximum mass exceeding 12 tonnes","Other fuel types","Hire or reward","Co. Kerry","Number","0"
"Goods vehicles","2023","N3 - Vehicles used for the carriage of goods and having a maximum mass exceeding 12 tonnes","Other fuel types","Hire or reward","Co. Longford","Number","0"
"Goods vehicles","2023","N3 - Vehicles used for the carriage of goods and having a maximum mass exceeding 12 tonnes","Other fuel types","Hire or reward","Co. Louth","Number","0"
"Goods vehicles","2023","N3 - Vehicles used for the carriage of goods and having a maximum mass exceeding 12 tonnes","Other fuel types","Hire or reward","Co. Limerick","Number","0"
"Goods vehicles","2023","N3 - Vehicles used for the carriage of goods and having a maximum mass exceeding 12 tonnes","Other fuel types","Hire or reward","Co. Leitrim","Number","0"
"Goods vehicles","2023","N3 - Vehicles used for the carriage of goods and having a maximum mass exceeding 12 tonnes","Other fuel types","Hire or reward","Co. Laois","Number","0"
"Goods vehicles","2023","N3 - Vehicles used for the carriage of goods and having a maximum mass exceeding 12 tonnes","Other fuel types","Hire or reward","Co. Meath","Number","0"
"Goods vehicles","2023","N3 - Vehicles used for the carriage of goods and having a maximum mass exceeding 12 tonnes","Other fuel types","Hire or reward","Co. Monaghan","Number","0"
"Goods vehicles","2023","N3 - Vehicles used for the carriage of goods and having a maximum mass exceeding 12 tonnes","Other fuel types","Hire or reward","Co. Mayo","Number","0"
"Goods vehicles","2023","N3 - Vehicles used for the carriage of goods and having a maximum mass exceeding 12 tonnes","Other fuel types","Hire or reward","Co. Offaly","Number","0"
"Goods vehicles","2023","N3 - Vehicles used for the carriage of goods and having a maximum mass exceeding 12 tonnes","Other fuel types","Hire or reward","Co. Roscommon","Number","0"
"Goods vehicles","2023","N3 - Vehicles used for the carriage of goods and having a maximum mass exceeding 12 tonnes","Other fuel types","Hire or reward","Co. Sligo","Number","0"
"Goods vehicles","2023","N3 - Vehicles used for the carriage of goods and having a maximum mass exceeding 12 tonnes","Other fuel types","Hire or reward","Co. Tipperary","Number","0"
"Goods vehicles","2023","N3 - Vehicles used for the carriage of goods and having a maximum mass exceeding 12 tonnes","Other fuel types","Hire or reward","Co. Waterford","Number","0"
"Goods vehicles","2023","N3 - Vehicles used for the carriage of goods and having a maximum mass exceeding 12 tonnes","Other fuel types","Hire or reward","Co. Wicklow","Number","0"
"Goods vehicles","2023","N3 - Vehicles used for the carriage of goods and having a maximum mass exceeding 12 tonnes","Other fuel types","Hire or reward","Co. Westmeath","Number","0"
"Goods vehicles","2023","N3 - Vehicles used for the carriage of goods and having a maximum mass exceeding 12 tonnes","Other fuel types","Hire or reward","Co. Wexford","Number","0"
"Goods vehicles","2023","N3 - Vehicles used for the carriage of goods and having a maximum mass exceeding 12 tonnes","Other fuel types","Hire or reward","Ireland","Number","23"
"Goods vehicles","2023","N3 - Vehicles used for the carriage of goods and having a maximum mass exceeding 12 tonnes","Other fuel types","Own account","Co. Clare","Number","0"
"Goods vehicles","2023","N3 - Vehicles used for the carriage of goods and having a maximum mass exceeding 12 tonnes","Other fuel types","Own account","Co. Cork","Number","8"
"Goods vehicles","2023","N3 - Vehicles used for the carriage of goods and having a maximum mass exceeding 12 tonnes","Other fuel types","Own account","Co. Cavan","Number","4"
"Goods vehicles","2023","N3 - Vehicles used for the carriage of goods and having a maximum mass exceeding 12 tonnes","Other fuel types","Own account","Co. Carlow","Number","1"
"Goods vehicles","2023","N3 - Vehicles used for the carriage of goods and having a maximum mass exceeding 12 tonnes","Other fuel types","Own account","Co. Donegal","Number","0"
"Goods vehicles","2023","N3 - Vehicles used for the carriage of goods and having a maximum mass exceeding 12 tonnes","Other fuel types","Own account","Co. Dublin","Number","41"
"Goods vehicles","2023","N3 - Vehicles used for the carriage of goods and having a maximum mass exceeding 12 tonnes","Other fuel types","Own account","Co. Galway","Number","2"
"Goods vehicles","2023","N3 - Vehicles used for the carriage of goods and having a maximum mass exceeding 12 tonnes","Other fuel types","Own account","Co. Kildare","Number","22"
"Goods vehicles","2023","N3 - Vehicles used for the carriage of goods and having a maximum mass exceeding 12 tonnes","Other fuel types","Own account","Co. Kilkenny","Number","1"
"Goods vehicles","2023","N3 - Vehicles used for the carriage of goods and having a maximum mass exceeding 12 tonnes","Other fuel types","Own account","Co. Kerry","Number","0"
"Goods vehicles","2023","N3 - Vehicles used for the carriage of goods and having a maximum mass exceeding 12 tonnes","Other fuel types","Own account","Co. Longford","Number","1"
"Goods vehicles","2023","N3 - Vehicles used for the carriage of goods and having a maximum mass exceeding 12 tonnes","Other fuel types","Own account","Co. Louth","Number","1"
"Goods vehicles","2023","N3 - Vehicles used for the carriage of goods and having a maximum mass exceeding 12 tonnes","Other fuel types","Own account","Co. Limerick","Number","1"
"Goods vehicles","2023","N3 - Vehicles used for the carriage of goods and having a maximum mass exceeding 12 tonnes","Other fuel types","Own account","Co. Leitrim","Number","0"
"Goods vehicles","2023","N3 - Vehicles used for the carriage of goods and having a maximum mass exceeding 12 tonnes","Other fuel types","Own account","Co. Laois","Number","0"
"Goods vehicles","2023","N3 - Vehicles used for the carriage of goods and having a maximum mass exceeding 12 tonnes","Other fuel types","Own account","Co. Meath","Number","1"
"Goods vehicles","2023","N3 - Vehicles used for the carriage of goods and having a maximum mass exceeding 12 tonnes","Other fuel types","Own account","Co. Monaghan","Number","12"
"Goods vehicles","2023","N3 - Vehicles used for the carriage of goods and having a maximum mass exceeding 12 tonnes","Other fuel types","Own account","Co. Mayo","Number","0"
"Goods vehicles","2023","N3 - Vehicles used for the carriage of goods and having a maximum mass exceeding 12 tonnes","Other fuel types","Own account","Co. Offaly","Number","0"
"Goods vehicles","2023","N3 - Vehicles used for the carriage of goods and having a maximum mass exceeding 12 tonnes","Other fuel types","Own account","Co. Roscommon","Number","1"
"Goods vehicles","2023","N3 - Vehicles used for the carriage of goods and having a maximum mass exceeding 12 tonnes","Other fuel types","Own account","Co. Sligo","Number","0"
"Goods vehicles","2023","N3 - Vehicles used for the carriage of goods and having a maximum mass exceeding 12 tonnes","Other fuel types","Own account","Co. Tipperary","Number","0"
"Goods vehicles","2023","N3 - Vehicles used for the carriage of goods and having a maximum mass exceeding 12 tonnes","Other fuel types","Own account","Co. Waterford","Number","0"
"Goods vehicles","2023","N3 - Vehicles used for the carriage of goods and having a maximum mass exceeding 12 tonnes","Other fuel types","Own account","Co. Wicklow","Number","1"
"Goods vehicles","2023","N3 - Vehicles used for the carriage of goods and having a maximum mass exceeding 12 tonnes","Other fuel types","Own account","Co. Westmeath","Number","0"
"Goods vehicles","2023","N3 - Vehicles used for the carriage of goods and having a maximum mass exceeding 12 tonnes","Other fuel types","Own account","Co. Wexford","Number","1"
"Goods vehicles","2023","N3 - Vehicles used for the carriage of goods and having a maximum mass exceeding 12 tonnes","Other fuel types","Own account","Ireland","Number","98"
"Goods vehicles","2023","N3 - Vehicles used for the carriage of goods and having a maximum mass exceeding 12 tonnes","All fuel types","Main use (own account and hire or reward)","Co. Clare","Number","662"
"Goods vehicles","2023","N3 - Vehicles used for the carriage of goods and having a maximum mass exceeding 12 tonnes","All fuel types","Main use (own account and hire or reward)","Co. Cork","Number","4070"
"Goods vehicles","2023","N3 - Vehicles used for the carriage of goods and having a maximum mass exceeding 12 tonnes","All fuel types","Main use (own account and hire or reward)","Co. Cavan","Number","748"
"Goods vehicles","2023","N3 - Vehicles used for the carriage of goods and having a maximum mass exceeding 12 tonnes","All fuel types","Main use (own account and hire or reward)","Co. Carlow","Number","666"
"Goods vehicles","2023","N3 - Vehicles used for the carriage of goods and having a maximum mass exceeding 12 tonnes","All fuel types","Main use (own account and hire or reward)","Co. Donegal","Number","1109"
"Goods vehicles","2023","N3 - Vehicles used for the carriage of goods and having a maximum mass exceeding 12 tonnes","All fuel types","Main use (own account and hire or reward)","Co. Dublin","Number","7481"
"Goods vehicles","2023","N3 - Vehicles used for the carriage of goods and having a maximum mass exceeding 12 tonnes","All fuel types","Main use (own account and hire or reward)","Co. Galway","Number","1765"
"Goods vehicles","2023","N3 - Vehicles used for the carriage of goods and having a maximum mass exceeding 12 tonnes","All fuel types","Main use (own account and hire or reward)","Co. Kildare","Number","1967"
"Goods vehicles","2023","N3 - Vehicles used for the carriage of goods and having a maximum mass exceeding 12 tonnes","All fuel types","Main use (own account and hire or reward)","Co. Kilkenny","Number","1103"
"Goods vehicles","2023","N3 - Vehicles used for the carriage of goods and having a maximum mass exceeding 12 tonnes","All fuel types","Main use (own account and hire or reward)","Co. Kerry","Number","904"
"Goods vehicles","2023","N3 - Vehicles used for the carriage of goods and having a maximum mass exceeding 12 tonnes","All fuel types","Main use (own account and hire or reward)","Co. Longford","Number","489"
"Goods vehicles","2023","N3 - Vehicles used for the carriage of goods and having a maximum mass exceeding 12 tonnes","All fuel types","Main use (own account and hire or reward)","Co. Louth","Number","843"
"Goods vehicles","2023","N3 - Vehicles used for the carriage of goods and having a maximum mass exceeding 12 tonnes","All fuel types","Main use (own account and hire or reward)","Co. Limerick","Number","1708"
"Goods vehicles","2023","N3 - Vehicles used for the carriage of goods and having a maximum mass exceeding 12 tonnes","All fuel types","Main use (own account and hire or reward)","Co. Leitrim","Number","211"
"Goods vehicles","2023","N3 - Vehicles used for the carriage of goods and having a maximum mass exceeding 12 tonnes","All fuel types","Main use (own account and hire or reward)","Co. Laois","Number","811"
"Goods vehicles","2023","N3 - Vehicles used for the carriage of goods and having a maximum mass exceeding 12 tonnes","All fuel types","Main use (own account and hire or reward)","Co. Meath","Number","1964"
"Goods vehicles","2023","N3 - Vehicles used for the carriage of goods and having a maximum mass exceeding 12 tonnes","All fuel types","Main use (own account and hire or reward)","Co. Monaghan","Number","1409"
"Goods vehicles","2023","N3 - Vehicles used for the carriage of goods and having a maximum mass exceeding 12 tonnes","All fuel types","Main use (own account and hire or reward)","Co. Mayo","Number","939"
"Goods vehicles","2023","N3 - Vehicles used for the carriage of goods and having a maximum mass exceeding 12 tonnes","All fuel types","Main use (own account and hire or reward)","Co. Offaly","Number","559"
"Goods vehicles","2023","N3 - Vehicles used for the carriage of goods and having a maximum mass exceeding 12 tonnes","All fuel types","Main use (own account and hire or reward)","Co. Roscommon","Number","521"
"Goods vehicles","2023","N3 - Vehicles used for the carriage of goods and having a maximum mass exceeding 12 tonnes","All fuel types","Main use (own account and hire or reward)","Co. Sligo","Number","401"
"Goods vehicles","2023","N3 - Vehicles used for the carriage of goods and having a maximum mass exceeding 12 tonnes","All fuel types","Main use (own account and hire or reward)","Co. Tipperary","Number","1534"
"Goods vehicles","2023","N3 - Vehicles used for the carriage of goods and having a maximum mass exceeding 12 tonnes","All fuel types","Main use (own account and hire or reward)","Co. Waterford","Number","502"
"Goods vehicles","2023","N3 - Vehicles used for the carriage of goods and having a maximum mass exceeding 12 tonnes","All fuel types","Main use (own account and hire or reward)","Co. Wicklow","Number","740"
"Goods vehicles","2023","N3 - Vehicles used for the carriage of goods and having a maximum mass exceeding 12 tonnes","All fuel types","Main use (own account and hire or reward)","Co. Westmeath","Number","624"
"Goods vehicles","2023","N3 - Vehicles used for the carriage of goods and having a maximum mass exceeding 12 tonnes","All fuel types","Main use (own account and hire or reward)","Co. Wexford","Number","1923"
"Goods vehicles","2023","N3 - Vehicles used for the carriage of goods and having a maximum mass exceeding 12 tonnes","All fuel types","Main use (own account and hire or reward)","Ireland","Number","35653"
"Goods vehicles","2023","N3 - Vehicles used for the carriage of goods and having a maximum mass exceeding 12 tonnes","All fuel types","Hire or reward","Co. Clare","Number","467"
"Goods vehicles","2023","N3 - Vehicles used for the carriage of goods and having a maximum mass exceeding 12 tonnes","All fuel types","Hire or reward","Co. Cork","Number","834"
"Goods vehicles","2023","N3 - Vehicles used for the carriage of goods and having a maximum mass exceeding 12 tonnes","All fuel types","Hire or reward","Co. Cavan","Number","252"
"Goods vehicles","2023","N3 - Vehicles used for the carriage of goods and having a maximum mass exceeding 12 tonnes","All fuel types","Hire or reward","Co. Carlow","Number","74"
"Goods vehicles","2023","N3 - Vehicles used for the carriage of goods and having a maximum mass exceeding 12 tonnes","All fuel types","Hire or reward","Co. Donegal","Number","388"
"Goods vehicles","2023","N3 - Vehicles used for the carriage of goods and having a maximum mass exceeding 12 tonnes","All fuel types","Hire or reward","Co. Dublin","Number","974"
"Goods vehicles","2023","N3 - Vehicles used for the carriage of goods and having a maximum mass exceeding 12 tonnes","All fuel types","Hire or reward","Co. Galway","Number","314"
"Goods vehicles","2023","N3 - Vehicles used for the carriage of goods and having a maximum mass exceeding 12 tonnes","All fuel types","Hire or reward","Co. Kildare","Number","321"
"Goods vehicles","2023","N3 - Vehicles used for the carriage of goods and having a maximum mass exceeding 12 tonnes","All fuel types","Hire or reward","Co. Kilkenny","Number","176"
"Goods vehicles","2023","N3 - Vehicles used for the carriage of goods and having a maximum mass exceeding 12 tonnes","All fuel types","Hire or reward","Co. Kerry","Number","145"
"Goods vehicles","2023","N3 - Vehicles used for the carriage of goods and having a maximum mass exceeding 12 tonnes","All fuel types","Hire or reward","Co. Longford","Number","50"
"Goods vehicles","2023","N3 - Vehicles used for the carriage of goods and having a maximum mass exceeding 12 tonnes","All fuel types","Hire or reward","Co. Louth","Number","178"
"Goods vehicles","2023","N3 - Vehicles used for the carriage of goods and having a maximum mass exceeding 12 tonnes","All fuel types","Hire or reward","Co. Limerick","Number","280"
"Goods vehicles","2023","N3 - Vehicles used for the carriage of goods and having a maximum mass exceeding 12 tonnes","All fuel types","Hire or reward","Co. Leitrim","Number","69"
"Goods vehicles","2023","N3 - Vehicles used for the carriage of goods and having a maximum mass exceeding 12 tonnes","All fuel types","Hire or reward","Co. Laois","Number","173"
"Goods vehicles","2023","N3 - Vehicles used for the carriage of goods and having a maximum mass exceeding 12 tonnes","All fuel types","Hire or reward","Co. Meath","Number","413"
"Goods vehicles","2023","N3 - Vehicles used for the carriage of goods and having a maximum mass exceeding 12 tonnes","All fuel types","Hire or reward","Co. Monaghan","Number","101"
"Goods vehicles","2023","N3 - Vehicles used for the carriage of goods and having a maximum mass exceeding 12 tonnes","All fuel types","Hire or reward","Co. Mayo","Number","117"
"Goods vehicles","2023","N3 - Vehicles used for the carriage of goods and having a maximum mass exceeding 12 tonnes","All fuel types","Hire or reward","Co. Offaly","Number","207"
"Goods vehicles","2023","N3 - Vehicles used for the carriage of goods and having a maximum mass exceeding 12 tonnes","All fuel types","Hire or reward","Co. Roscommon","Number","96"
"Goods vehicles","2023","N3 - Vehicles used for the carriage of goods and having a maximum mass exceeding 12 tonnes","All fuel types","Hire or reward","Co. Sligo","Number","59"
"Goods vehicles","2023","N3 - Vehicles used for the carriage of goods and having a maximum mass exceeding 12 tonnes","All fuel types","Hire or reward","Co. Tipperary","Number","378"
"Goods vehicles","2023","N3 - Vehicles used for the carriage of goods and having a maximum mass exceeding 12 tonnes","All fuel types","Hire or reward","Co. Waterford","Number","39"
"Goods vehicles","2023","N3 - Vehicles used for the carriage of goods and having a maximum mass exceeding 12 tonnes","All fuel types","Hire or reward","Co. Wicklow","Number","144"
"Goods vehicles","2023","N3 - Vehicles used for the carriage of goods and having a maximum mass exceeding 12 tonnes","All fuel types","Hire or reward","Co. Westmeath","Number","237"
"Goods vehicles","2023","N3 - Vehicles used for the carriage of goods and having a maximum mass exceeding 12 tonnes","All fuel types","Hire or reward","Co. Wexford","Number","622"
"Goods vehicles","2023","N3 - Vehicles used for the carriage of goods and having a maximum mass exceeding 12 tonnes","All fuel types","Hire or reward","Ireland","Number","7108"
"Goods vehicles","2023","N3 - Vehicles used for the carriage of goods and having a maximum mass exceeding 12 tonnes","All fuel types","Own account","Co. Clare","Number","195"
"Goods vehicles","2023","N3 - Vehicles used for the carriage of goods and having a maximum mass exceeding 12 tonnes","All fuel types","Own account","Co. Cork","Number","3236"
"Goods vehicles","2023","N3 - Vehicles used for the carriage of goods and having a maximum mass exceeding 12 tonnes","All fuel types","Own account","Co. Cavan","Number","496"
"Goods vehicles","2023","N3 - Vehicles used for the carriage of goods and having a maximum mass exceeding 12 tonnes","All fuel types","Own account","Co. Carlow","Number","592"
"Goods vehicles","2023","N3 - Vehicles used for the carriage of goods and having a maximum mass exceeding 12 tonnes","All fuel types","Own account","Co. Donegal","Number","721"
"Goods vehicles","2023","N3 - Vehicles used for the carriage of goods and having a maximum mass exceeding 12 tonnes","All fuel types","Own account","Co. Dublin","Number","6507"
"Goods vehicles","2023","N3 - Vehicles used for the carriage of goods and having a maximum mass exceeding 12 tonnes","All fuel types","Own account","Co. Galway","Number","1451"
"Goods vehicles","2023","N3 - Vehicles used for the carriage of goods and having a maximum mass exceeding 12 tonnes","All fuel types","Own account","Co. Kildare","Number","1646"
"Goods vehicles","2023","N3 - Vehicles used for the carriage of goods and having a maximum mass exceeding 12 tonnes","All fuel types","Own account","Co. Kilkenny","Number","927"
"Goods vehicles","2023","N3 - Vehicles used for the carriage of goods and having a maximum mass exceeding 12 tonnes","All fuel types","Own account","Co. Kerry","Number","759"
"Goods vehicles","2023","N3 - Vehicles used for the carriage of goods and having a maximum mass exceeding 12 tonnes","All fuel types","Own account","Co. Longford","Number","439"
"Goods vehicles","2023","N3 - Vehicles used for the carriage of goods and having a maximum mass exceeding 12 tonnes","All fuel types","Own account","Co. Louth","Number","665"
"Goods vehicles","2023","N3 - Vehicles used for the carriage of goods and having a maximum mass exceeding 12 tonnes","All fuel types","Own account","Co. Limerick","Number","1428"
"Goods vehicles","2023","N3 - Vehicles used for the carriage of goods and having a maximum mass exceeding 12 tonnes","All fuel types","Own account","Co. Leitrim","Number","142"
"Goods vehicles","2023","N3 - Vehicles used for the carriage of goods and having a maximum mass exceeding 12 tonnes","All fuel types","Own account","Co. Laois","Number","638"
"Goods vehicles","2023","N3 - Vehicles used for the carriage of goods and having a maximum mass exceeding 12 tonnes","All fuel types","Own account","Co. Meath","Number","1551"
"Goods vehicles","2023","N3 - Vehicles used for the carriage of goods and having a maximum mass exceeding 12 tonnes","All fuel types","Own account","Co. Monaghan","Number","1308"
"Goods vehicles","2023","N3 - Vehicles used for the carriage of goods and having a maximum mass exceeding 12 tonnes","All fuel types","Own account","Co. Mayo","Number","822"
"Goods vehicles","2023","N3 - Vehicles used for the carriage of goods and having a maximum mass exceeding 12 tonnes","All fuel types","Own account","Co. Offaly","Number","352"
"Goods vehicles","2023","N3 - Vehicles used for the carriage of goods and having a maximum mass exceeding 12 tonnes","All fuel types","Own account","Co. Roscommon","Number","425"
"Goods vehicles","2023","N3 - Vehicles used for the carriage of goods and having a maximum mass exceeding 12 tonnes","All fuel types","Own account","Co. Sligo","Number","342"
"Goods vehicles","2023","N3 - Vehicles used for the carriage of goods and having a maximum mass exceeding 12 tonnes","All fuel types","Own account","Co. Tipperary","Number","1156"
"Goods vehicles","2023","N3 - Vehicles used for the carriage of goods and having a maximum mass exceeding 12 tonnes","All fuel types","Own account","Co. Waterford","Number","463"
"Goods vehicles","2023","N3 - Vehicles used for the carriage of goods and having a maximum mass exceeding 12 tonnes","All fuel types","Own account","Co. Wicklow","Number","596"
"Goods vehicles","2023","N3 - Vehicles used for the carriage of goods and having a maximum mass exceeding 12 tonnes","All fuel types","Own account","Co. Westmeath","Number","387"
"Goods vehicles","2023","N3 - Vehicles used for the carriage of goods and having a maximum mass exceeding 12 tonnes","All fuel types","Own account","Co. Wexford","Number","1301"
"Goods vehicles","2023","N3 - Vehicles used for the carriage of goods and having a maximum mass exceeding 12 tonnes","All fuel types","Own account","Ireland","Number","28545"
"Goods vehicles","2024","All vehicle weights","Diesel","Main use (own account and hire or reward)","Co. Clare","Number","10088"
"Goods vehicles","2024","All vehicle weights","Diesel","Main use (own account and hire or reward)","Co. Cork","Number","47892"
"Goods vehicles","2024","All vehicle weights","Diesel","Main use (own account and hire or reward)","Co. Cavan","Number","9591"
"Goods vehicles","2024","All vehicle weights","Diesel","Main use (own account and hire or reward)","Co. Carlow","Number","6570"
"Goods vehicles","2024","All vehicle weights","Diesel","Main use (own account and hire or reward)","Co. Donegal","Number","17929"
"Goods vehicles","2024","All vehicle weights","Diesel","Main use (own account and hire or reward)","Co. Dublin","Number","88761"
"Goods vehicles","2024","All vehicle weights","Diesel","Main use (own account and hire or reward)","Co. Galway","Number","22438"
"Goods vehicles","2024","All vehicle weights","Diesel","Main use (own account and hire or reward)","Co. Kildare","Number","20004"
"Goods vehicles","2024","All vehicle weights","Diesel","Main use (own account and hire or reward)","Co. Kilkenny","Number","9694"
"Goods vehicles","2024","All vehicle weights","Diesel","Main use (own account and hire or reward)","Co. Kerry","Number","13890"
"Goods vehicles","2024","All vehicle weights","Diesel","Main use (own account and hire or reward)","Co. Longford","Number","4738"
"Goods vehicles","2024","All vehicle weights","Diesel","Main use (own account and hire or reward)","Co. Louth","Number","9157"
"Goods vehicles","2024","All vehicle weights","Diesel","Main use (own account and hire or reward)","Co. Limerick","Number","15358"
"Goods vehicles","2024","All vehicle weights","Diesel","Main use (own account and hire or reward)","Co. Leitrim","Number","3945"
"Goods vehicles","2024","All vehicle weights","Diesel","Main use (own account and hire or reward)","Co. Laois","Number","7173"
"Goods vehicles","2024","All vehicle weights","Diesel","Main use (own account and hire or reward)","Co. Meath","Number","18400"
"Goods vehicles","2024","All vehicle weights","Diesel","Main use (own account and hire or reward)","Co. Monaghan","Number","9552"
"Goods vehicles","2024","All vehicle weights","Diesel","Main use (own account and hire or reward)","Co. Mayo","Number","14939"
"Goods vehicles","2024","All vehicle weights","Diesel","Main use (own account and hire or reward)","Co. Offaly","Number","7480"
"Goods vehicles","2024","All vehicle weights","Diesel","Main use (own account and hire or reward)","Co. Roscommon","Number","7093"
"Goods vehicles","2024","All vehicle weights","Diesel","Main use (own account and hire or reward)","Co. Sligo","Number","6690"
"Goods vehicles","2024","All vehicle weights","Diesel","Main use (own account and hire or reward)","Co. Tipperary","Number","16050"
"Goods vehicles","2024","All vehicle weights","Diesel","Main use (own account and hire or reward)","Co. Waterford","Number","8504"
"Goods vehicles","2024","All vehicle weights","Diesel","Main use (own account and hire or reward)","Co. Wicklow","Number","11222"
"Goods vehicles","2024","All vehicle weights","Diesel","Main use (own account and hire or reward)","Co. Westmeath","Number","8974"
"Goods vehicles","2024","All vehicle weights","Diesel","Main use (own account and hire or reward)","Co. Wexford","Number","15916"
"Goods vehicles","2024","All vehicle weights","Diesel","Main use (own account and hire or reward)","Ireland","Number","412048"
"Goods vehicles","2024","All vehicle weights","Diesel","Hire or reward","Co. Clare","Number","710"
"Goods vehicles","2024","All vehicle weights","Diesel","Hire or reward","Co. Cork","Number","2538"
"Goods vehicles","2024","All vehicle weights","Diesel","Hire or reward","Co. Cavan","Number","494"
"Goods vehicles","2024","All vehicle weights","Diesel","Hire or reward","Co. Carlow","Number","230"
"Goods vehicles","2024","All vehicle weights","Diesel","Hire or reward","Co. Donegal","Number","703"
"Goods vehicles","2024","All vehicle weights","Diesel","Hire or reward","Co. Dublin","Number","5819"
"Goods vehicles","2024","All vehicle weights","Diesel","Hire or reward","Co. Galway","Number","756"
"Goods vehicles","2024","All vehicle weights","Diesel","Hire or reward","Co. Kildare","Number","977"
"Goods vehicles","2024","All vehicle weights","Diesel","Hire or reward","Co. Kilkenny","Number","413"
"Goods vehicles","2024","All vehicle weights","Diesel","Hire or reward","Co. Kerry","Number","460"
"Goods vehicles","2024","All vehicle weights","Diesel","Hire or reward","Co. Longford","Number","138"
"Goods vehicles","2024","All vehicle weights","Diesel","Hire or reward","Co. Louth","Number","434"
"Goods vehicles","2024","All vehicle weights","Diesel","Hire or reward","Co. Limerick","Number","634"
"Goods vehicles","2024","All vehicle weights","Diesel","Hire or reward","Co. Leitrim","Number","188"
"Goods vehicles","2024","All vehicle weights","Diesel","Hire or reward","Co. Laois","Number","318"
"Goods vehicles","2024","All vehicle weights","Diesel","Hire or reward","Co. Meath","Number","784"
"Goods vehicles","2024","All vehicle weights","Diesel","Hire or reward","Co. Monaghan","Number","214"
"Goods vehicles","2024","All vehicle weights","Diesel","Hire or reward","Co. Mayo","Number","430"
"Goods vehicles","2024","All vehicle weights","Diesel","Hire or reward","Co. Offaly","Number","356"
"Goods vehicles","2024","All vehicle weights","Diesel","Hire or reward","Co. Roscommon","Number","287"
"Goods vehicles","2024","All vehicle weights","Diesel","Hire or reward","Co. Sligo","Number","321"
"Goods vehicles","2024","All vehicle weights","Diesel","Hire or reward","Co. Tipperary","Number","693"
"Goods vehicles","2024","All vehicle weights","Diesel","Hire or reward","Co. Waterford","Number","186"
"Goods vehicles","2024","All vehicle weights","Diesel","Hire or reward","Co. Wicklow","Number","554"
"Goods vehicles","2024","All vehicle weights","Diesel","Hire or reward","Co. Westmeath","Number","483"
"Goods vehicles","2024","All vehicle weights","Diesel","Hire or reward","Co. Wexford","Number","1249"
"Goods vehicles","2024","All vehicle weights","Diesel","Hire or reward","Ireland","Number","20369"
"Goods vehicles","2024","All vehicle weights","Diesel","Own account","Co. Clare","Number","9378"
"Goods vehicles","2024","All vehicle weights","Diesel","Own account","Co. Cork","Number","45354"
"Goods vehicles","2024","All vehicle weights","Diesel","Own account","Co. Cavan","Number","9097"
"Goods vehicles","2024","All vehicle weights","Diesel","Own account","Co. Carlow","Number","6340"
"Goods vehicles","2024","All vehicle weights","Diesel","Own account","Co. Donegal","Number","17226"
"Goods vehicles","2024","All vehicle weights","Diesel","Own account","Co. Dublin","Number","82942"
"Goods vehicles","2024","All vehicle weights","Diesel","Own account","Co. Galway","Number","21682"
"Goods vehicles","2024","All vehicle weights","Diesel","Own account","Co. Kildare","Number","19027"
"Goods vehicles","2024","All vehicle weights","Diesel","Own account","Co. Kilkenny","Number","9281"
"Goods vehicles","2024","All vehicle weights","Diesel","Own account","Co. Kerry","Number","13430"
"Goods vehicles","2024","All vehicle weights","Diesel","Own account","Co. Longford","Number","4600"
"Goods vehicles","2024","All vehicle weights","Diesel","Own account","Co. Louth","Number","8723"
"Goods vehicles","2024","All vehicle weights","Diesel","Own account","Co. Limerick","Number","14724"
"Goods vehicles","2024","All vehicle weights","Diesel","Own account","Co. Leitrim","Number","3757"
"Goods vehicles","2024","All vehicle weights","Diesel","Own account","Co. Laois","Number","6855"
"Goods vehicles","2024","All vehicle weights","Diesel","Own account","Co. Meath","Number","17616"
"Goods vehicles","2024","All vehicle weights","Diesel","Own account","Co. Monaghan","Number","9338"
"Goods vehicles","2024","All vehicle weights","Diesel","Own account","Co. Mayo","Number","14509"
"Goods vehicles","2024","All vehicle weights","Diesel","Own account","Co. Offaly","Number","7124"
"Goods vehicles","2024","All vehicle weights","Diesel","Own account","Co. Roscommon","Number","6806"
"Goods vehicles","2024","All vehicle weights","Diesel","Own account","Co. Sligo","Number","6369"
"Goods vehicles","2024","All vehicle weights","Diesel","Own account","Co. Tipperary","Number","15357"
"Goods vehicles","2024","All vehicle weights","Diesel","Own account","Co. Waterford","Number","8318"
"Goods vehicles","2024","All vehicle weights","Diesel","Own account","Co. Wicklow","Number","10668"
"Goods vehicles","2024","All vehicle weights","Diesel","Own account","Co. Westmeath","Number","8491"
"Goods vehicles","2024","All vehicle weights","Diesel","Own account","Co. Wexford","Number","14667"
"Goods vehicles","2024","All vehicle weights","Diesel","Own account","Ireland","Number","391679"
"Goods vehicles","2024","All vehicle weights","Battery Electric Vehicles (BEV)","Main use (own account and hire or reward)","Co. Clare","Number","15"
"Goods vehicles","2024","All vehicle weights","Battery Electric Vehicles (BEV)","Main use (own account and hire or reward)","Co. Cork","Number","266"
"Goods vehicles","2024","All vehicle weights","Battery Electric Vehicles (BEV)","Main use (own account and hire or reward)","Co. Cavan","Number","17"
"Goods vehicles","2024","All vehicle weights","Battery Electric Vehicles (BEV)","Main use (own account and hire or reward)","Co. Carlow","Number","5"
"Goods vehicles","2024","All vehicle weights","Battery Electric Vehicles (BEV)","Main use (own account and hire or reward)","Co. Donegal","Number","23"
"Goods vehicles","2024","All vehicle weights","Battery Electric Vehicles (BEV)","Main use (own account and hire or reward)","Co. Dublin","Number","2808"
"Goods vehicles","2024","All vehicle weights","Battery Electric Vehicles (BEV)","Main use (own account and hire or reward)","Co. Galway","Number","46"
"Goods vehicles","2024","All vehicle weights","Battery Electric Vehicles (BEV)","Main use (own account and hire or reward)","Co. Kildare","Number","68"
"Goods vehicles","2024","All vehicle weights","Battery Electric Vehicles (BEV)","Main use (own account and hire or reward)","Co. Kilkenny","Number","28"
"Goods vehicles","2024","All vehicle weights","Battery Electric Vehicles (BEV)","Main use (own account and hire or reward)","Co. Kerry","Number","20"
"Goods vehicles","2024","All vehicle weights","Battery Electric Vehicles (BEV)","Main use (own account and hire or reward)","Co. Longford","Number","2"
"Goods vehicles","2024","All vehicle weights","Battery Electric Vehicles (BEV)","Main use (own account and hire or reward)","Co. Louth","Number","18"
"Goods vehicles","2024","All vehicle weights","Battery Electric Vehicles (BEV)","Main use (own account and hire or reward)","Co. Limerick","Number","49"
"Goods vehicles","2024","All vehicle weights","Battery Electric Vehicles (BEV)","Main use (own account and hire or reward)","Co. Leitrim","Number","4"
"Goods vehicles","2024","All vehicle weights","Battery Electric Vehicles (BEV)","Main use (own account and hire or reward)","Co. Laois","Number","8"
"Goods vehicles","2024","All vehicle weights","Battery Electric Vehicles (BEV)","Main use (own account and hire or reward)","Co. Meath","Number","20"
"Goods vehicles","2024","All vehicle weights","Battery Electric Vehicles (BEV)","Main use (own account and hire or reward)","Co. Monaghan","Number","9"
"Goods vehicles","2024","All vehicle weights","Battery Electric Vehicles (BEV)","Main use (own account and hire or reward)","Co. Mayo","Number","25"
"Goods vehicles","2024","All vehicle weights","Battery Electric Vehicles (BEV)","Main use (own account and hire or reward)","Co. Offaly","Number","9"
"Goods vehicles","2024","All vehicle weights","Battery Electric Vehicles (BEV)","Main use (own account and hire or reward)","Co. Roscommon","Number","9"
"Goods vehicles","2024","All vehicle weights","Battery Electric Vehicles (BEV)","Main use (own account and hire or reward)","Co. Sligo","Number","7"
"Goods vehicles","2024","All vehicle weights","Battery Electric Vehicles (BEV)","Main use (own account and hire or reward)","Co. Tipperary","Number","19"
"Goods vehicles","2024","All vehicle weights","Battery Electric Vehicles (BEV)","Main use (own account and hire or reward)","Co. Waterford","Number","40"
"Goods vehicles","2024","All vehicle weights","Battery Electric Vehicles (BEV)","Main use (own account and hire or reward)","Co. Wicklow","Number","26"
"Goods vehicles","2024","All vehicle weights","Battery Electric Vehicles (BEV)","Main use (own account and hire or reward)","Co. Westmeath","Number","29"
"Goods vehicles","2024","All vehicle weights","Battery Electric Vehicles (BEV)","Main use (own account and hire or reward)","Co. Wexford","Number","30"
"Goods vehicles","2024","All vehicle weights","Battery Electric Vehicles (BEV)","Main use (own account and hire or reward)","Ireland","Number","3600"
"Goods vehicles","2024","All vehicle weights","Battery Electric Vehicles (BEV)","Hire or reward","Co. Clare","Number","1"
"Goods vehicles","2024","All vehicle weights","Battery Electric Vehicles (BEV)","Hire or reward","Co. Cork","Number","10"
"Goods vehicles","2024","All vehicle weights","Battery Electric Vehicles (BEV)","Hire or reward","Co. Cavan","Number",""
"Goods vehicles","2024","All vehicle weights","Battery Electric Vehicles (BEV)","Hire or reward","Co. Carlow","Number",""
"Goods vehicles","2024","All vehicle weights","Battery Electric Vehicles (BEV)","Hire or reward","Co. Donegal","Number",""
"Goods vehicles","2024","All vehicle weights","Battery Electric Vehicles (BEV)","Hire or reward","Co. Dublin","Number","255"
"Goods vehicles","2024","All vehicle weights","Battery Electric Vehicles (BEV)","Hire or reward","Co. Galway","Number",""
"Goods vehicles","2024","All vehicle weights","Battery Electric Vehicles (BEV)","Hire or reward","Co. Kildare","Number","4"
"Goods vehicles","2024","All vehicle weights","Battery Electric Vehicles (BEV)","Hire or reward","Co. Kilkenny","Number",""
"Goods vehicles","2024","All vehicle weights","Battery Electric Vehicles (BEV)","Hire or reward","Co. Kerry","Number","1"
"Goods vehicles","2024","All vehicle weights","Battery Electric Vehicles (BEV)","Hire or reward","Co. Longford","Number",""
"Goods vehicles","2024","All vehicle weights","Battery Electric Vehicles (BEV)","Hire or reward","Co. Louth","Number","3"
"Goods vehicles","2024","All vehicle weights","Battery Electric Vehicles (BEV)","Hire or reward","Co. Limerick","Number",""
"Goods vehicles","2024","All vehicle weights","Battery Electric Vehicles (BEV)","Hire or reward","Co. Leitrim","Number",""
"Goods vehicles","2024","All vehicle weights","Battery Electric Vehicles (BEV)","Hire or reward","Co. Laois","Number",""
"Goods vehicles","2024","All vehicle weights","Battery Electric Vehicles (BEV)","Hire or reward","Co. Meath","Number","1"
"Goods vehicles","2024","All vehicle weights","Battery Electric Vehicles (BEV)","Hire or reward","Co. Monaghan","Number",""
"Goods vehicles","2024","All vehicle weights","Battery Electric Vehicles (BEV)","Hire or reward","Co. Mayo","Number","1"
"Goods vehicles","2024","All vehicle weights","Battery Electric Vehicles (BEV)","Hire or reward","Co. Offaly","Number",""
"Goods vehicles","2024","All vehicle weights","Battery Electric Vehicles (BEV)","Hire or reward","Co. Roscommon","Number",""
"Goods vehicles","2024","All vehicle weights","Battery Electric Vehicles (BEV)","Hire or reward","Co. Sligo","Number",""
"Goods vehicles","2024","All vehicle weights","Battery Electric Vehicles (BEV)","Hire or reward","Co. Tipperary","Number",""
"Goods vehicles","2024","All vehicle weights","Battery Electric Vehicles (BEV)","Hire or reward","Co. Waterford","Number",""
"Goods vehicles","2024","All vehicle weights","Battery Electric Vehicles (BEV)","Hire or reward","Co. Wicklow","Number",""
"Goods vehicles","2024","All vehicle weights","Battery Electric Vehicles (BEV)","Hire or reward","Co. Westmeath","Number",""
"Goods vehicles","2024","All vehicle weights","Battery Electric Vehicles (BEV)","Hire or reward","Co. Wexford","Number","2"
"Goods vehicles","2024","All vehicle weights","Battery Electric Vehicles (BEV)","Hire or reward","Ireland","Number","278"
"Goods vehicles","2024","All vehicle weights","Battery Electric Vehicles (BEV)","Own account","Co. Clare","Number","14"
"Goods vehicles","2024","All vehicle weights","Battery Electric Vehicles (BEV)","Own account","Co. Cork","Number","256"
"Goods vehicles","2024","All vehicle weights","Battery Electric Vehicles (BEV)","Own account","Co. Cavan","Number","17"
"Goods vehicles","2024","All vehicle weights","Battery Electric Vehicles (BEV)","Own account","Co. Carlow","Number","5"
"Goods vehicles","2024","All vehicle weights","Battery Electric Vehicles (BEV)","Own account","Co. Donegal","Number","23"
"Goods vehicles","2024","All vehicle weights","Battery Electric Vehicles (BEV)","Own account","Co. Dublin","Number","2553"
"Goods vehicles","2024","All vehicle weights","Battery Electric Vehicles (BEV)","Own account","Co. Galway","Number","46"
"Goods vehicles","2024","All vehicle weights","Battery Electric Vehicles (BEV)","Own account","Co. Kildare","Number","64"
"Goods vehicles","2024","All vehicle weights","Battery Electric Vehicles (BEV)","Own account","Co. Kilkenny","Number","28"
"Goods vehicles","2024","All vehicle weights","Battery Electric Vehicles (BEV)","Own account","Co. Kerry","Number","19"
"Goods vehicles","2024","All vehicle weights","Battery Electric Vehicles (BEV)","Own account","Co. Longford","Number","2"
"Goods vehicles","2024","All vehicle weights","Battery Electric Vehicles (BEV)","Own account","Co. Louth","Number","15"
"Goods vehicles","2024","All vehicle weights","Battery Electric Vehicles (BEV)","Own account","Co. Limerick","Number","49"
"Goods vehicles","2024","All vehicle weights","Battery Electric Vehicles (BEV)","Own account","Co. Leitrim","Number","4"
"Goods vehicles","2024","All vehicle weights","Battery Electric Vehicles (BEV)","Own account","Co. Laois","Number","8"
"Goods vehicles","2024","All vehicle weights","Battery Electric Vehicles (BEV)","Own account","Co. Meath","Number","19"
"Goods vehicles","2024","All vehicle weights","Battery Electric Vehicles (BEV)","Own account","Co. Monaghan","Number","9"
"Goods vehicles","2024","All vehicle weights","Battery Electric Vehicles (BEV)","Own account","Co. Mayo","Number","24"
"Goods vehicles","2024","All vehicle weights","Battery Electric Vehicles (BEV)","Own account","Co. Offaly","Number","9"
"Goods vehicles","2024","All vehicle weights","Battery Electric Vehicles (BEV)","Own account","Co. Roscommon","Number","9"
"Goods vehicles","2024","All vehicle weights","Battery Electric Vehicles (BEV)","Own account","Co. Sligo","Number","7"
"Goods vehicles","2024","All vehicle weights","Battery Electric Vehicles (BEV)","Own account","Co. Tipperary","Number","19"
"Goods vehicles","2024","All vehicle weights","Battery Electric Vehicles (BEV)","Own account","Co. Waterford","Number","40"
"Goods vehicles","2024","All vehicle weights","Battery Electric Vehicles (BEV)","Own account","Co. Wicklow","Number","26"
"Goods vehicles","2024","All vehicle weights","Battery Electric Vehicles (BEV)","Own account","Co. Westmeath","Number","29"
"Goods vehicles","2024","All vehicle weights","Battery Electric Vehicles (BEV)","Own account","Co. Wexford","Number","28"
"Goods vehicles","2024","All vehicle weights","Battery Electric Vehicles (BEV)","Own account","Ireland","Number","3322"
"Goods vehicles","2024","All vehicle weights","Plug-in hybrid electric vehicles (PHEV)","Main use (own account and hire or reward)","Co. Clare","Number","14"
"Goods vehicles","2024","All vehicle weights","Plug-in hybrid electric vehicles (PHEV)","Main use (own account and hire or reward)","Co. Cork","Number","54"
"Goods vehicles","2024","All vehicle weights","Plug-in hybrid electric vehicles (PHEV)","Main use (own account and hire or reward)","Co. Cavan","Number","15"
"Goods vehicles","2024","All vehicle weights","Plug-in hybrid electric vehicles (PHEV)","Main use (own account and hire or reward)","Co. Carlow","Number","9"
"Goods vehicles","2024","All vehicle weights","Plug-in hybrid electric vehicles (PHEV)","Main use (own account and hire or reward)","Co. Donegal","Number","8"
"Goods vehicles","2024","All vehicle weights","Plug-in hybrid electric vehicles (PHEV)","Main use (own account and hire or reward)","Co. Dublin","Number","260"
"Goods vehicles","2024","All vehicle weights","Plug-in hybrid electric vehicles (PHEV)","Main use (own account and hire or reward)","Co. Galway","Number","62"
"Goods vehicles","2024","All vehicle weights","Plug-in hybrid electric vehicles (PHEV)","Main use (own account and hire or reward)","Co. Kildare","Number","70"
"Goods vehicles","2024","All vehicle weights","Plug-in hybrid electric vehicles (PHEV)","Main use (own account and hire or reward)","Co. Kilkenny","Number","11"
"Goods vehicles","2024","All vehicle weights","Plug-in hybrid electric vehicles (PHEV)","Main use (own account and hire or reward)","Co. Kerry","Number","11"
"Goods vehicles","2024","All vehicle weights","Plug-in hybrid electric vehicles (PHEV)","Main use (own account and hire or reward)","Co. Longford","Number","5"
"Goods vehicles","2024","All vehicle weights","Plug-in hybrid electric vehicles (PHEV)","Main use (own account and hire or reward)","Co. Louth","Number","23"
"Goods vehicles","2024","All vehicle weights","Plug-in hybrid electric vehicles (PHEV)","Main use (own account and hire or reward)","Co. Limerick","Number","14"
"Goods vehicles","2024","All vehicle weights","Plug-in hybrid electric vehicles (PHEV)","Main use (own account and hire or reward)","Co. Leitrim","Number","2"
"Goods vehicles","2024","All vehicle weights","Plug-in hybrid electric vehicles (PHEV)","Main use (own account and hire or reward)","Co. Laois","Number","13"
"Goods vehicles","2024","All vehicle weights","Plug-in hybrid electric vehicles (PHEV)","Main use (own account and hire or reward)","Co. Meath","Number","49"
"Goods vehicles","2024","All vehicle weights","Plug-in hybrid electric vehicles (PHEV)","Main use (own account and hire or reward)","Co. Monaghan","Number","11"
"Goods vehicles","2024","All vehicle weights","Plug-in hybrid electric vehicles (PHEV)","Main use (own account and hire or reward)","Co. Mayo","Number","11"
"Goods vehicles","2024","All vehicle weights","Plug-in hybrid electric vehicles (PHEV)","Main use (own account and hire or reward)","Co. Offaly","Number","9"
"Goods vehicles","2024","All vehicle weights","Plug-in hybrid electric vehicles (PHEV)","Main use (own account and hire or reward)","Co. Roscommon","Number","5"
"Goods vehicles","2024","All vehicle weights","Plug-in hybrid electric vehicles (PHEV)","Main use (own account and hire or reward)","Co. Sligo","Number","12"
"Goods vehicles","2024","All vehicle weights","Plug-in hybrid electric vehicles (PHEV)","Main use (own account and hire or reward)","Co. Tipperary","Number","19"
"Goods vehicles","2024","All vehicle weights","Plug-in hybrid electric vehicles (PHEV)","Main use (own account and hire or reward)","Co. Waterford","Number","5"
"Goods vehicles","2024","All vehicle weights","Plug-in hybrid electric vehicles (PHEV)","Main use (own account and hire or reward)","Co. Wicklow","Number","109"
"Goods vehicles","2024","All vehicle weights","Plug-in hybrid electric vehicles (PHEV)","Main use (own account and hire or reward)","Co. Westmeath","Number","7"
"Goods vehicles","2024","All vehicle weights","Plug-in hybrid electric vehicles (PHEV)","Main use (own account and hire or reward)","Co. Wexford","Number","28"
"Goods vehicles","2024","All vehicle weights","Plug-in hybrid electric vehicles (PHEV)","Main use (own account and hire or reward)","Ireland","Number","836"
"Goods vehicles","2024","All vehicle weights","Plug-in hybrid electric vehicles (PHEV)","Hire or reward","Co. Clare","Number",""
"Goods vehicles","2024","All vehicle weights","Plug-in hybrid electric vehicles (PHEV)","Hire or reward","Co. Cork","Number","3"
"Goods vehicles","2024","All vehicle weights","Plug-in hybrid electric vehicles (PHEV)","Hire or reward","Co. Cavan","Number","1"
"Goods vehicles","2024","All vehicle weights","Plug-in hybrid electric vehicles (PHEV)","Hire or reward","Co. Carlow","Number",""
"Goods vehicles","2024","All vehicle weights","Plug-in hybrid electric vehicles (PHEV)","Hire or reward","Co. Donegal","Number",""
"Goods vehicles","2024","All vehicle weights","Plug-in hybrid electric vehicles (PHEV)","Hire or reward","Co. Dublin","Number","5"
"Goods vehicles","2024","All vehicle weights","Plug-in hybrid electric vehicles (PHEV)","Hire or reward","Co. Galway","Number","1"
"Goods vehicles","2024","All vehicle weights","Plug-in hybrid electric vehicles (PHEV)","Hire or reward","Co. Kildare","Number","6"
"Goods vehicles","2024","All vehicle weights","Plug-in hybrid electric vehicles (PHEV)","Hire or reward","Co. Kilkenny","Number",""
"Goods vehicles","2024","All vehicle weights","Plug-in hybrid electric vehicles (PHEV)","Hire or reward","Co. Kerry","Number",""
"Goods vehicles","2024","All vehicle weights","Plug-in hybrid electric vehicles (PHEV)","Hire or reward","Co. Longford","Number",""
"Goods vehicles","2024","All vehicle weights","Plug-in hybrid electric vehicles (PHEV)","Hire or reward","Co. Louth","Number",""
"Goods vehicles","2024","All vehicle weights","Plug-in hybrid electric vehicles (PHEV)","Hire or reward","Co. Limerick","Number",""
"Goods vehicles","2024","All vehicle weights","Plug-in hybrid electric vehicles (PHEV)","Hire or reward","Co. Leitrim","Number",""
"Goods vehicles","2024","All vehicle weights","Plug-in hybrid electric vehicles (PHEV)","Hire or reward","Co. Laois","Number",""
"Goods vehicles","2024","All vehicle weights","Plug-in hybrid electric vehicles (PHEV)","Hire or reward","Co. Meath","Number",""
"Goods vehicles","2024","All vehicle weights","Plug-in hybrid electric vehicles (PHEV)","Hire or reward","Co. Monaghan","Number",""
"Goods vehicles","2024","All vehicle weights","Plug-in hybrid electric vehicles (PHEV)","Hire or reward","Co. Mayo","Number","1"
"Goods vehicles","2024","All vehicle weights","Plug-in hybrid electric vehicles (PHEV)","Hire or reward","Co. Offaly","Number","1"
"Goods vehicles","2024","All vehicle weights","Plug-in hybrid electric vehicles (PHEV)","Hire or reward","Co. Roscommon","Number","1"
"Goods vehicles","2024","All vehicle weights","Plug-in hybrid electric vehicles (PHEV)","Hire or reward","Co. Sligo","Number","4"
"Goods vehicles","2024","All vehicle weights","Plug-in hybrid electric vehicles (PHEV)","Hire or reward","Co. Tipperary","Number",""
"Goods vehicles","2024","All vehicle weights","Plug-in hybrid electric vehicles (PHEV)","Hire or reward","Co. Waterford","Number",""
"Goods vehicles","2024","All vehicle weights","Plug-in hybrid electric vehicles (PHEV)","Hire or reward","Co. Wicklow","Number","2"
"Goods vehicles","2024","All vehicle weights","Plug-in hybrid electric vehicles (PHEV)","Hire or reward","Co. Westmeath","Number","3"
"Goods vehicles","2024","All vehicle weights","Plug-in hybrid electric vehicles (PHEV)","Hire or reward","Co. Wexford","Number","1"
"Goods vehicles","2024","All vehicle weights","Plug-in hybrid electric vehicles (PHEV)","Hire or reward","Ireland","Number","29"
"Goods vehicles","2024","All vehicle weights","Plug-in hybrid electric vehicles (PHEV)","Own account","Co. Clare","Number","14"
"Goods vehicles","2024","All vehicle weights","Plug-in hybrid electric vehicles (PHEV)","Own account","Co. Cork","Number","51"
"Goods vehicles","2024","All vehicle weights","Plug-in hybrid electric vehicles (PHEV)","Own account","Co. Cavan","Number","14"
"Goods vehicles","2024","All vehicle weights","Plug-in hybrid electric vehicles (PHEV)","Own account","Co. Carlow","Number","9"
"Goods vehicles","2024","All vehicle weights","Plug-in hybrid electric vehicles (PHEV)","Own account","Co. Donegal","Number","8"
"Goods vehicles","2024","All vehicle weights","Plug-in hybrid electric vehicles (PHEV)","Own account","Co. Dublin","Number","255"
"Goods vehicles","2024","All vehicle weights","Plug-in hybrid electric vehicles (PHEV)","Own account","Co. Galway","Number","61"
"Goods vehicles","2024","All vehicle weights","Plug-in hybrid electric vehicles (PHEV)","Own account","Co. Kildare","Number","64"
"Goods vehicles","2024","All vehicle weights","Plug-in hybrid electric vehicles (PHEV)","Own account","Co. Kilkenny","Number","11"
"Goods vehicles","2024","All vehicle weights","Plug-in hybrid electric vehicles (PHEV)","Own account","Co. Kerry","Number","11"
"Goods vehicles","2024","All vehicle weights","Plug-in hybrid electric vehicles (PHEV)","Own account","Co. Longford","Number","5"
"Goods vehicles","2024","All vehicle weights","Plug-in hybrid electric vehicles (PHEV)","Own account","Co. Louth","Number","23"
"Goods vehicles","2024","All vehicle weights","Plug-in hybrid electric vehicles (PHEV)","Own account","Co. Limerick","Number","14"
"Goods vehicles","2024","All vehicle weights","Plug-in hybrid electric vehicles (PHEV)","Own account","Co. Leitrim","Number","2"
"Goods vehicles","2024","All vehicle weights","Plug-in hybrid electric vehicles (PHEV)","Own account","Co. Laois","Number","13"
"Goods vehicles","2024","All vehicle weights","Plug-in hybrid electric vehicles (PHEV)","Own account","Co. Meath","Number","49"
"Goods vehicles","2024","All vehicle weights","Plug-in hybrid electric vehicles (PHEV)","Own account","Co. Monaghan","Number","11"
"Goods vehicles","2024","All vehicle weights","Plug-in hybrid electric vehicles (PHEV)","Own account","Co. Mayo","Number","10"
"Goods vehicles","2024","All vehicle weights","Plug-in hybrid electric vehicles (PHEV)","Own account","Co. Offaly","Number","8"
"Goods vehicles","2024","All vehicle weights","Plug-in hybrid electric vehicles (PHEV)","Own account","Co. Roscommon","Number","4"
"Goods vehicles","2024","All vehicle weights","Plug-in hybrid electric vehicles (PHEV)","Own account","Co. Sligo","Number","8"
"Goods vehicles","2024","All vehicle weights","Plug-in hybrid electric vehicles (PHEV)","Own account","Co. Tipperary","Number","19"
"Goods vehicles","2024","All vehicle weights","Plug-in hybrid electric vehicles (PHEV)","Own account","Co. Waterford","Number","5"
"Goods vehicles","2024","All vehicle weights","Plug-in hybrid electric vehicles (PHEV)","Own account","Co. Wicklow","Number","107"
"Goods vehicles","2024","All vehicle weights","Plug-in hybrid electric vehicles (PHEV)","Own account","Co. Westmeath","Number","4"
"Goods vehicles","2024","All vehicle weights","Plug-in hybrid electric vehicles (PHEV)","Own account","Co. Wexford","Number","27"
"Goods vehicles","2024","All vehicle weights","Plug-in hybrid electric vehicles (PHEV)","Own account","Ireland","Number","807"
"Goods vehicles","2024","All vehicle weights","Other fuel types","Main use (own account and hire or reward)","Co. Clare","Number","28"
"Goods vehicles","2024","All vehicle weights","Other fuel types","Main use (own account and hire or reward)","Co. Cork","Number","272"
"Goods vehicles","2024","All vehicle weights","Other fuel types","Main use (own account and hire or reward)","Co. Cavan","Number","39"
"Goods vehicles","2024","All vehicle weights","Other fuel types","Main use (own account and hire or reward)","Co. Carlow","Number","22"
"Goods vehicles","2024","All vehicle weights","Other fuel types","Main use (own account and hire or reward)","Co. Donegal","Number","48"
"Goods vehicles","2024","All vehicle weights","Other fuel types","Main use (own account and hire or reward)","Co. Dublin","Number","712"
"Goods vehicles","2024","All vehicle weights","Other fuel types","Main use (own account and hire or reward)","Co. Galway","Number","79"
"Goods vehicles","2024","All vehicle weights","Other fuel types","Main use (own account and hire or reward)","Co. Kildare","Number","158"
"Goods vehicles","2024","All vehicle weights","Other fuel types","Main use (own account and hire or reward)","Co. Kilkenny","Number","30"
"Goods vehicles","2024","All vehicle weights","Other fuel types","Main use (own account and hire or reward)","Co. Kerry","Number","49"
"Goods vehicles","2024","All vehicle weights","Other fuel types","Main use (own account and hire or reward)","Co. Longford","Number","10"
"Goods vehicles","2024","All vehicle weights","Other fuel types","Main use (own account and hire or reward)","Co. Louth","Number","32"
"Goods vehicles","2024","All vehicle weights","Other fuel types","Main use (own account and hire or reward)","Co. Limerick","Number","72"
"Goods vehicles","2024","All vehicle weights","Other fuel types","Main use (own account and hire or reward)","Co. Leitrim","Number","8"
"Goods vehicles","2024","All vehicle weights","Other fuel types","Main use (own account and hire or reward)","Co. Laois","Number","33"
"Goods vehicles","2024","All vehicle weights","Other fuel types","Main use (own account and hire or reward)","Co. Meath","Number","82"
"Goods vehicles","2024","All vehicle weights","Other fuel types","Main use (own account and hire or reward)","Co. Monaghan","Number","25"
"Goods vehicles","2024","All vehicle weights","Other fuel types","Main use (own account and hire or reward)","Co. Mayo","Number","39"
"Goods vehicles","2024","All vehicle weights","Other fuel types","Main use (own account and hire or reward)","Co. Offaly","Number","18"
"Goods vehicles","2024","All vehicle weights","Other fuel types","Main use (own account and hire or reward)","Co. Roscommon","Number","17"
"Goods vehicles","2024","All vehicle weights","Other fuel types","Main use (own account and hire or reward)","Co. Sligo","Number","17"
"Goods vehicles","2024","All vehicle weights","Other fuel types","Main use (own account and hire or reward)","Co. Tipperary","Number","39"
"Goods vehicles","2024","All vehicle weights","Other fuel types","Main use (own account and hire or reward)","Co. Waterford","Number","34"
"Goods vehicles","2024","All vehicle weights","Other fuel types","Main use (own account and hire or reward)","Co. Wicklow","Number","85"
"Goods vehicles","2024","All vehicle weights","Other fuel types","Main use (own account and hire or reward)","Co. Westmeath","Number","30"
"Goods vehicles","2024","All vehicle weights","Other fuel types","Main use (own account and hire or reward)","Co. Wexford","Number","45"
"Goods vehicles","2024","All vehicle weights","Other fuel types","Main use (own account and hire or reward)","Ireland","Number","2023"
"Goods vehicles","2024","All vehicle weights","Other fuel types","Hire or reward","Co. Clare","Number","4"
"Goods vehicles","2024","All vehicle weights","Other fuel types","Hire or reward","Co. Cork","Number","13"
"Goods vehicles","2024","All vehicle weights","Other fuel types","Hire or reward","Co. Cavan","Number","9"
"Goods vehicles","2024","All vehicle weights","Other fuel types","Hire or reward","Co. Carlow","Number","2"
"Goods vehicles","2024","All vehicle weights","Other fuel types","Hire or reward","Co. Donegal","Number",""
"Goods vehicles","2024","All vehicle weights","Other fuel types","Hire or reward","Co. Dublin","Number","40"
"Goods vehicles","2024","All vehicle weights","Other fuel types","Hire or reward","Co. Galway","Number",""
"Goods vehicles","2024","All vehicle weights","Other fuel types","Hire or reward","Co. Kildare","Number","9"
"Goods vehicles","2024","All vehicle weights","Other fuel types","Hire or reward","Co. Kilkenny","Number",""
"Goods vehicles","2024","All vehicle weights","Other fuel types","Hire or reward","Co. Kerry","Number",""
"Goods vehicles","2024","All vehicle weights","Other fuel types","Hire or reward","Co. Longford","Number",""
"Goods vehicles","2024","All vehicle weights","Other fuel types","Hire or reward","Co. Louth","Number",""
"Goods vehicles","2024","All vehicle weights","Other fuel types","Hire or reward","Co. Limerick","Number","1"
"Goods vehicles","2024","All vehicle weights","Other fuel types","Hire or reward","Co. Leitrim","Number",""
"Goods vehicles","2024","All vehicle weights","Other fuel types","Hire or reward","Co. Laois","Number",""
"Goods vehicles","2024","All vehicle weights","Other fuel types","Hire or reward","Co. Meath","Number","2"
"Goods vehicles","2024","All vehicle weights","Other fuel types","Hire or reward","Co. Monaghan","Number",""
"Goods vehicles","2024","All vehicle weights","Other fuel types","Hire or reward","Co. Mayo","Number",""
"Goods vehicles","2024","All vehicle weights","Other fuel types","Hire or reward","Co. Offaly","Number","1"
"Goods vehicles","2024","All vehicle weights","Other fuel types","Hire or reward","Co. Roscommon","Number",""
"Goods vehicles","2024","All vehicle weights","Other fuel types","Hire or reward","Co. Sligo","Number",""
"Goods vehicles","2024","All vehicle weights","Other fuel types","Hire or reward","Co. Tipperary","Number","1"
"Goods vehicles","2024","All vehicle weights","Other fuel types","Hire or reward","Co. Waterford","Number","1"
"Goods vehicles","2024","All vehicle weights","Other fuel types","Hire or reward","Co. Wicklow","Number","2"
"Goods vehicles","2024","All vehicle weights","Other fuel types","Hire or reward","Co. Westmeath","Number","1"
"Goods vehicles","2024","All vehicle weights","Other fuel types","Hire or reward","Co. Wexford","Number","1"
"Goods vehicles","2024","All vehicle weights","Other fuel types","Hire or reward","Ireland","Number","87"
"Goods vehicles","2024","All vehicle weights","Other fuel types","Own account","Co. Clare","Number","24"
"Goods vehicles","2024","All vehicle weights","Other fuel types","Own account","Co. Cork","Number","259"
"Goods vehicles","2024","All vehicle weights","Other fuel types","Own account","Co. Cavan","Number","30"
"Goods vehicles","2024","All vehicle weights","Other fuel types","Own account","Co. Carlow","Number","20"
"Goods vehicles","2024","All vehicle weights","Other fuel types","Own account","Co. Donegal","Number","48"
"Goods vehicles","2024","All vehicle weights","Other fuel types","Own account","Co. Dublin","Number","672"
"Goods vehicles","2024","All vehicle weights","Other fuel types","Own account","Co. Galway","Number","79"
"Goods vehicles","2024","All vehicle weights","Other fuel types","Own account","Co. Kildare","Number","149"
"Goods vehicles","2024","All vehicle weights","Other fuel types","Own account","Co. Kilkenny","Number","30"
"Goods vehicles","2024","All vehicle weights","Other fuel types","Own account","Co. Kerry","Number","49"
"Goods vehicles","2024","All vehicle weights","Other fuel types","Own account","Co. Longford","Number","10"
"Goods vehicles","2024","All vehicle weights","Other fuel types","Own account","Co. Louth","Number","32"
"Goods vehicles","2024","All vehicle weights","Other fuel types","Own account","Co. Limerick","Number","71"
"Goods vehicles","2024","All vehicle weights","Other fuel types","Own account","Co. Leitrim","Number","8"
"Goods vehicles","2024","All vehicle weights","Other fuel types","Own account","Co. Laois","Number","33"
"Goods vehicles","2024","All vehicle weights","Other fuel types","Own account","Co. Meath","Number","80"
"Goods vehicles","2024","All vehicle weights","Other fuel types","Own account","Co. Monaghan","Number","25"
"Goods vehicles","2024","All vehicle weights","Other fuel types","Own account","Co. Mayo","Number","39"
"Goods vehicles","2024","All vehicle weights","Other fuel types","Own account","Co. Offaly","Number","17"
"Goods vehicles","2024","All vehicle weights","Other fuel types","Own account","Co. Roscommon","Number","17"
"Goods vehicles","2024","All vehicle weights","Other fuel types","Own account","Co. Sligo","Number","17"
"Goods vehicles","2024","All vehicle weights","Other fuel types","Own account","Co. Tipperary","Number","38"
"Goods vehicles","2024","All vehicle weights","Other fuel types","Own account","Co. Waterford","Number","33"
"Goods vehicles","2024","All vehicle weights","Other fuel types","Own account","Co. Wicklow","Number","83"
"Goods vehicles","2024","All vehicle weights","Other fuel types","Own account","Co. Westmeath","Number","29"
"Goods vehicles","2024","All vehicle weights","Other fuel types","Own account","Co. Wexford","Number","44"
"Goods vehicles","2024","All vehicle weights","Other fuel types","Own account","Ireland","Number","1936"
"Goods vehicles","2024","All vehicle weights","All fuel types","Main use (own account and hire or reward)","Co. Clare","Number","10145"
"Goods vehicles","2024","All vehicle weights","All fuel types","Main use (own account and hire or reward)","Co. Cork","Number","48484"
"Goods vehicles","2024","All vehicle weights","All fuel types","Main use (own account and hire or reward)","Co. Cavan","Number","9662"
"Goods vehicles","2024","All vehicle weights","All fuel types","Main use (own account and hire or reward)","Co. Carlow","Number","6606"
"Goods vehicles","2024","All vehicle weights","All fuel types","Main use (own account and hire or reward)","Co. Donegal","Number","18008"
"Goods vehicles","2024","All vehicle weights","All fuel types","Main use (own account and hire or reward)","Co. Dublin","Number","92541"
"Goods vehicles","2024","All vehicle weights","All fuel types","Main use (own account and hire or reward)","Co. Galway","Number","22625"
"Goods vehicles","2024","All vehicle weights","All fuel types","Main use (own account and hire or reward)","Co. Kildare","Number","20300"
"Goods vehicles","2024","All vehicle weights","All fuel types","Main use (own account and hire or reward)","Co. Kilkenny","Number","9763"
"Goods vehicles","2024","All vehicle weights","All fuel types","Main use (own account and hire or reward)","Co. Kerry","Number","13970"
"Goods vehicles","2024","All vehicle weights","All fuel types","Main use (own account and hire or reward)","Co. Longford","Number","4755"
"Goods vehicles","2024","All vehicle weights","All fuel types","Main use (own account and hire or reward)","Co. Louth","Number","9230"
"Goods vehicles","2024","All vehicle weights","All fuel types","Main use (own account and hire or reward)","Co. Limerick","Number","15493"
"Goods vehicles","2024","All vehicle weights","All fuel types","Main use (own account and hire or reward)","Co. Leitrim","Number","3959"
"Goods vehicles","2024","All vehicle weights","All fuel types","Main use (own account and hire or reward)","Co. Laois","Number","7227"
"Goods vehicles","2024","All vehicle weights","All fuel types","Main use (own account and hire or reward)","Co. Meath","Number","18551"
"Goods vehicles","2024","All vehicle weights","All fuel types","Main use (own account and hire or reward)","Co. Monaghan","Number","9597"
"Goods vehicles","2024","All vehicle weights","All fuel types","Main use (own account and hire or reward)","Co. Mayo","Number","15014"
"Goods vehicles","2024","All vehicle weights","All fuel types","Main use (own account and hire or reward)","Co. Offaly","Number","7516"
"Goods vehicles","2024","All vehicle weights","All fuel types","Main use (own account and hire or reward)","Co. Roscommon","Number","7124"
"Goods vehicles","2024","All vehicle weights","All fuel types","Main use (own account and hire or reward)","Co. Sligo","Number","6726"
"Goods vehicles","2024","All vehicle weights","All fuel types","Main use (own account and hire or reward)","Co. Tipperary","Number","16127"
"Goods vehicles","2024","All vehicle weights","All fuel types","Main use (own account and hire or reward)","Co. Waterford","Number","8583"
"Goods vehicles","2024","All vehicle weights","All fuel types","Main use (own account and hire or reward)","Co. Wicklow","Number","11442"
"Goods vehicles","2024","All vehicle weights","All fuel types","Main use (own account and hire or reward)","Co. Westmeath","Number","9040"
"Goods vehicles","2024","All vehicle weights","All fuel types","Main use (own account and hire or reward)","Co. Wexford","Number","16019"
"Goods vehicles","2024","All vehicle weights","All fuel types","Main use (own account and hire or reward)","Ireland","Number","418507"
"Goods vehicles","2024","All vehicle weights","All fuel types","Hire or reward","Co. Clare","Number","715"
"Goods vehicles","2024","All vehicle weights","All fuel types","Hire or reward","Co. Cork","Number","2564"
"Goods vehicles","2024","All vehicle weights","All fuel types","Hire or reward","Co. Cavan","Number","504"
"Goods vehicles","2024","All vehicle weights","All fuel types","Hire or reward","Co. Carlow","Number","232"
"Goods vehicles","2024","All vehicle weights","All fuel types","Hire or reward","Co. Donegal","Number","703"
"Goods vehicles","2024","All vehicle weights","All fuel types","Hire or reward","Co. Dublin","Number","6119"
"Goods vehicles","2024","All vehicle weights","All fuel types","Hire or reward","Co. Galway","Number","757"
"Goods vehicles","2024","All vehicle weights","All fuel types","Hire or reward","Co. Kildare","Number","996"
"Goods vehicles","2024","All vehicle weights","All fuel types","Hire or reward","Co. Kilkenny","Number","413"
"Goods vehicles","2024","All vehicle weights","All fuel types","Hire or reward","Co. Kerry","Number","461"
"Goods vehicles","2024","All vehicle weights","All fuel types","Hire or reward","Co. Longford","Number","138"
"Goods vehicles","2024","All vehicle weights","All fuel types","Hire or reward","Co. Louth","Number","437"
"Goods vehicles","2024","All vehicle weights","All fuel types","Hire or reward","Co. Limerick","Number","635"
"Goods vehicles","2024","All vehicle weights","All fuel types","Hire or reward","Co. Leitrim","Number","188"
"Goods vehicles","2024","All vehicle weights","All fuel types","Hire or reward","Co. Laois","Number","318"
"Goods vehicles","2024","All vehicle weights","All fuel types","Hire or reward","Co. Meath","Number","787"
"Goods vehicles","2024","All vehicle weights","All fuel types","Hire or reward","Co. Monaghan","Number","214"
"Goods vehicles","2024","All vehicle weights","All fuel types","Hire or reward","Co. Mayo","Number","432"
"Goods vehicles","2024","All vehicle weights","All fuel types","Hire or reward","Co. Offaly","Number","358"
"Goods vehicles","2024","All vehicle weights","All fuel types","Hire or reward","Co. Roscommon","Number","288"
"Goods vehicles","2024","All vehicle weights","All fuel types","Hire or reward","Co. Sligo","Number","325"
"Goods vehicles","2024","All vehicle weights","All fuel types","Hire or reward","Co. Tipperary","Number","694"
"Goods vehicles","2024","All vehicle weights","All fuel types","Hire or reward","Co. Waterford","Number","187"
"Goods vehicles","2024","All vehicle weights","All fuel types","Hire or reward","Co. Wicklow","Number","558"
"Goods vehicles","2024","All vehicle weights","All fuel types","Hire or reward","Co. Westmeath","Number","487"
"Goods vehicles","2024","All vehicle weights","All fuel types","Hire or reward","Co. Wexford","Number","1253"
"Goods vehicles","2024","All vehicle weights","All fuel types","Hire or reward","Ireland","Number","20763"
"Goods vehicles","2024","All vehicle weights","All fuel types","Own account","Co. Clare","Number","9430"
"Goods vehicles","2024","All vehicle weights","All fuel types","Own account","Co. Cork","Number","45920"
"Goods vehicles","2024","All vehicle weights","All fuel types","Own account","Co. Cavan","Number","9158"
"Goods vehicles","2024","All vehicle weights","All fuel types","Own account","Co. Carlow","Number","6374"
"Goods vehicles","2024","All vehicle weights","All fuel types","Own account","Co. Donegal","Number","17305"
"Goods vehicles","2024","All vehicle weights","All fuel types","Own account","Co. Dublin","Number","86422"
"Goods vehicles","2024","All vehicle weights","All fuel types","Own account","Co. Galway","Number","21868"
"Goods vehicles","2024","All vehicle weights","All fuel types","Own account","Co. Kildare","Number","19304"
"Goods vehicles","2024","All vehicle weights","All fuel types","Own account","Co. Kilkenny","Number","9350"
"Goods vehicles","2024","All vehicle weights","All fuel types","Own account","Co. Kerry","Number","13509"
"Goods vehicles","2024","All vehicle weights","All fuel types","Own account","Co. Longford","Number","4617"
"Goods vehicles","2024","All vehicle weights","All fuel types","Own account","Co. Louth","Number","8793"
"Goods vehicles","2024","All vehicle weights","All fuel types","Own account","Co. Limerick","Number","14858"
"Goods vehicles","2024","All vehicle weights","All fuel types","Own account","Co. Leitrim","Number","3771"
"Goods vehicles","2024","All vehicle weights","All fuel types","Own account","Co. Laois","Number","6909"
"Goods vehicles","2024","All vehicle weights","All fuel types","Own account","Co. Meath","Number","17764"
"Goods vehicles","2024","All vehicle weights","All fuel types","Own account","Co. Monaghan","Number","9383"
"Goods vehicles","2024","All vehicle weights","All fuel types","Own account","Co. Mayo","Number","14582"
"Goods vehicles","2024","All vehicle weights","All fuel types","Own account","Co. Offaly","Number","7158"
"Goods vehicles","2024","All vehicle weights","All fuel types","Own account","Co. Roscommon","Number","6836"
"Goods vehicles","2024","All vehicle weights","All fuel types","Own account","Co. Sligo","Number","6401"
"Goods vehicles","2024","All vehicle weights","All fuel types","Own account","Co. Tipperary","Number","15433"
"Goods vehicles","2024","All vehicle weights","All fuel types","Own account","Co. Waterford","Number","8396"
"Goods vehicles","2024","All vehicle weights","All fuel types","Own account","Co. Wicklow","Number","10884"
"Goods vehicles","2024","All vehicle weights","All fuel types","Own account","Co. Westmeath","Number","8553"
"Goods vehicles","2024","All vehicle weights","All fuel types","Own account","Co. Wexford","Number","14766"
"Goods vehicles","2024","All vehicle weights","All fuel types","Own account","Ireland","Number","397744"
"Goods vehicles","2024","N1 - Vehicles used for the carriage of goods and having a maximum mass not exceeding 3.5 tonnes","Diesel","Main use (own account and hire or reward)","Co. Clare","Number","9209"
"Goods vehicles","2024","N1 - Vehicles used for the carriage of goods and having a maximum mass not exceeding 3.5 tonnes","Diesel","Main use (own account and hire or reward)","Co. Cork","Number","42450"
"Goods vehicles","2024","N1 - Vehicles used for the carriage of goods and having a maximum mass not exceeding 3.5 tonnes","Diesel","Main use (own account and hire or reward)","Co. Cavan","Number","8701"
"Goods vehicles","2024","N1 - Vehicles used for the carriage of goods and having a maximum mass not exceeding 3.5 tonnes","Diesel","Main use (own account and hire or reward)","Co. Carlow","Number","5728"
"Goods vehicles","2024","N1 - Vehicles used for the carriage of goods and having a maximum mass not exceeding 3.5 tonnes","Diesel","Main use (own account and hire or reward)","Co. Donegal","Number","16524"
"Goods vehicles","2024","N1 - Vehicles used for the carriage of goods and having a maximum mass not exceeding 3.5 tonnes","Diesel","Main use (own account and hire or reward)","Co. Dublin","Number","78770"
"Goods vehicles","2024","N1 - Vehicles used for the carriage of goods and having a maximum mass not exceeding 3.5 tonnes","Diesel","Main use (own account and hire or reward)","Co. Galway","Number","20188"
"Goods vehicles","2024","N1 - Vehicles used for the carriage of goods and having a maximum mass not exceeding 3.5 tonnes","Diesel","Main use (own account and hire or reward)","Co. Kildare","Number","17587"
"Goods vehicles","2024","N1 - Vehicles used for the carriage of goods and having a maximum mass not exceeding 3.5 tonnes","Diesel","Main use (own account and hire or reward)","Co. Kilkenny","Number","8356"
"Goods vehicles","2024","N1 - Vehicles used for the carriage of goods and having a maximum mass not exceeding 3.5 tonnes","Diesel","Main use (own account and hire or reward)","Co. Kerry","Number","12646"
"Goods vehicles","2024","N1 - Vehicles used for the carriage of goods and having a maximum mass not exceeding 3.5 tonnes","Diesel","Main use (own account and hire or reward)","Co. Longford","Number","4144"
"Goods vehicles","2024","N1 - Vehicles used for the carriage of goods and having a maximum mass not exceeding 3.5 tonnes","Diesel","Main use (own account and hire or reward)","Co. Louth","Number","8103"
"Goods vehicles","2024","N1 - Vehicles used for the carriage of goods and having a maximum mass not exceeding 3.5 tonnes","Diesel","Main use (own account and hire or reward)","Co. Limerick","Number","13235"
"Goods vehicles","2024","N1 - Vehicles used for the carriage of goods and having a maximum mass not exceeding 3.5 tonnes","Diesel","Main use (own account and hire or reward)","Co. Leitrim","Number","3692"
"Goods vehicles","2024","N1 - Vehicles used for the carriage of goods and having a maximum mass not exceeding 3.5 tonnes","Diesel","Main use (own account and hire or reward)","Co. Laois","Number","6220"
"Goods vehicles","2024","N1 - Vehicles used for the carriage of goods and having a maximum mass not exceeding 3.5 tonnes","Diesel","Main use (own account and hire or reward)","Co. Meath","Number","15912"
"Goods vehicles","2024","N1 - Vehicles used for the carriage of goods and having a maximum mass not exceeding 3.5 tonnes","Diesel","Main use (own account and hire or reward)","Co. Monaghan","Number","7947"
"Goods vehicles","2024","N1 - Vehicles used for the carriage of goods and having a maximum mass not exceeding 3.5 tonnes","Diesel","Main use (own account and hire or reward)","Co. Mayo","Number","13520"
"Goods vehicles","2024","N1 - Vehicles used for the carriage of goods and having a maximum mass not exceeding 3.5 tonnes","Diesel","Main use (own account and hire or reward)","Co. Offaly","Number","6682"
"Goods vehicles","2024","N1 - Vehicles used for the carriage of goods and having a maximum mass not exceeding 3.5 tonnes","Diesel","Main use (own account and hire or reward)","Co. Roscommon","Number","6412"
"Goods vehicles","2024","N1 - Vehicles used for the carriage of goods and having a maximum mass not exceeding 3.5 tonnes","Diesel","Main use (own account and hire or reward)","Co. Sligo","Number","6138"
"Goods vehicles","2024","N1 - Vehicles used for the carriage of goods and having a maximum mass not exceeding 3.5 tonnes","Diesel","Main use (own account and hire or reward)","Co. Tipperary","Number","14142"
"Goods vehicles","2024","N1 - Vehicles used for the carriage of goods and having a maximum mass not exceeding 3.5 tonnes","Diesel","Main use (own account and hire or reward)","Co. Waterford","Number","7808"
"Goods vehicles","2024","N1 - Vehicles used for the carriage of goods and having a maximum mass not exceeding 3.5 tonnes","Diesel","Main use (own account and hire or reward)","Co. Wicklow","Number","10161"
"Goods vehicles","2024","N1 - Vehicles used for the carriage of goods and having a maximum mass not exceeding 3.5 tonnes","Diesel","Main use (own account and hire or reward)","Co. Westmeath","Number","8177"
"Goods vehicles","2024","N1 - Vehicles used for the carriage of goods and having a maximum mass not exceeding 3.5 tonnes","Diesel","Main use (own account and hire or reward)","Co. Wexford","Number","13527"
"Goods vehicles","2024","N1 - Vehicles used for the carriage of goods and having a maximum mass not exceeding 3.5 tonnes","Diesel","Main use (own account and hire or reward)","Ireland","Number","365979"
"Goods vehicles","2024","N1 - Vehicles used for the carriage of goods and having a maximum mass not exceeding 3.5 tonnes","Diesel","Hire or reward","Co. Clare","Number","146"
"Goods vehicles","2024","N1 - Vehicles used for the carriage of goods and having a maximum mass not exceeding 3.5 tonnes","Diesel","Hire or reward","Co. Cork","Number","1517"
"Goods vehicles","2024","N1 - Vehicles used for the carriage of goods and having a maximum mass not exceeding 3.5 tonnes","Diesel","Hire or reward","Co. Cavan","Number","229"
"Goods vehicles","2024","N1 - Vehicles used for the carriage of goods and having a maximum mass not exceeding 3.5 tonnes","Diesel","Hire or reward","Co. Carlow","Number","144"
"Goods vehicles","2024","N1 - Vehicles used for the carriage of goods and having a maximum mass not exceeding 3.5 tonnes","Diesel","Hire or reward","Co. Donegal","Number","249"
"Goods vehicles","2024","N1 - Vehicles used for the carriage of goods and having a maximum mass not exceeding 3.5 tonnes","Diesel","Hire or reward","Co. Dublin","Number","4632"
"Goods vehicles","2024","N1 - Vehicles used for the carriage of goods and having a maximum mass not exceeding 3.5 tonnes","Diesel","Hire or reward","Co. Galway","Number","405"
"Goods vehicles","2024","N1 - Vehicles used for the carriage of goods and having a maximum mass not exceeding 3.5 tonnes","Diesel","Hire or reward","Co. Kildare","Number","609"
"Goods vehicles","2024","N1 - Vehicles used for the carriage of goods and having a maximum mass not exceeding 3.5 tonnes","Diesel","Hire or reward","Co. Kilkenny","Number","172"
"Goods vehicles","2024","N1 - Vehicles used for the carriage of goods and having a maximum mass not exceeding 3.5 tonnes","Diesel","Hire or reward","Co. Kerry","Number","276"
"Goods vehicles","2024","N1 - Vehicles used for the carriage of goods and having a maximum mass not exceeding 3.5 tonnes","Diesel","Hire or reward","Co. Longford","Number","83"
"Goods vehicles","2024","N1 - Vehicles used for the carriage of goods and having a maximum mass not exceeding 3.5 tonnes","Diesel","Hire or reward","Co. Louth","Number","226"
"Goods vehicles","2024","N1 - Vehicles used for the carriage of goods and having a maximum mass not exceeding 3.5 tonnes","Diesel","Hire or reward","Co. Limerick","Number","333"
"Goods vehicles","2024","N1 - Vehicles used for the carriage of goods and having a maximum mass not exceeding 3.5 tonnes","Diesel","Hire or reward","Co. Leitrim","Number","115"
"Goods vehicles","2024","N1 - Vehicles used for the carriage of goods and having a maximum mass not exceeding 3.5 tonnes","Diesel","Hire or reward","Co. Laois","Number","137"
"Goods vehicles","2024","N1 - Vehicles used for the carriage of goods and having a maximum mass not exceeding 3.5 tonnes","Diesel","Hire or reward","Co. Meath","Number","368"
"Goods vehicles","2024","N1 - Vehicles used for the carriage of goods and having a maximum mass not exceeding 3.5 tonnes","Diesel","Hire or reward","Co. Monaghan","Number","113"
"Goods vehicles","2024","N1 - Vehicles used for the carriage of goods and having a maximum mass not exceeding 3.5 tonnes","Diesel","Hire or reward","Co. Mayo","Number","285"
"Goods vehicles","2024","N1 - Vehicles used for the carriage of goods and having a maximum mass not exceeding 3.5 tonnes","Diesel","Hire or reward","Co. Offaly","Number","123"
"Goods vehicles","2024","N1 - Vehicles used for the carriage of goods and having a maximum mass not exceeding 3.5 tonnes","Diesel","Hire or reward","Co. Roscommon","Number","172"
"Goods vehicles","2024","N1 - Vehicles used for the carriage of goods and having a maximum mass not exceeding 3.5 tonnes","Diesel","Hire or reward","Co. Sligo","Number","218"
"Goods vehicles","2024","N1 - Vehicles used for the carriage of goods and having a maximum mass not exceeding 3.5 tonnes","Diesel","Hire or reward","Co. Tipperary","Number","270"
"Goods vehicles","2024","N1 - Vehicles used for the carriage of goods and having a maximum mass not exceeding 3.5 tonnes","Diesel","Hire or reward","Co. Waterford","Number","149"
"Goods vehicles","2024","N1 - Vehicles used for the carriage of goods and having a maximum mass not exceeding 3.5 tonnes","Diesel","Hire or reward","Co. Wicklow","Number","353"
"Goods vehicles","2024","N1 - Vehicles used for the carriage of goods and having a maximum mass not exceeding 3.5 tonnes","Diesel","Hire or reward","Co. Westmeath","Number","207"
"Goods vehicles","2024","N1 - Vehicles used for the carriage of goods and having a maximum mass not exceeding 3.5 tonnes","Diesel","Hire or reward","Co. Wexford","Number","624"
"Goods vehicles","2024","N1 - Vehicles used for the carriage of goods and having a maximum mass not exceeding 3.5 tonnes","Diesel","Hire or reward","Ireland","Number","12155"
"Goods vehicles","2024","N1 - Vehicles used for the carriage of goods and having a maximum mass not exceeding 3.5 tonnes","Diesel","Own account","Co. Clare","Number","9063"
"Goods vehicles","2024","N1 - Vehicles used for the carriage of goods and having a maximum mass not exceeding 3.5 tonnes","Diesel","Own account","Co. Cork","Number","40933"
"Goods vehicles","2024","N1 - Vehicles used for the carriage of goods and having a maximum mass not exceeding 3.5 tonnes","Diesel","Own account","Co. Cavan","Number","8472"
"Goods vehicles","2024","N1 - Vehicles used for the carriage of goods and having a maximum mass not exceeding 3.5 tonnes","Diesel","Own account","Co. Carlow","Number","5584"
"Goods vehicles","2024","N1 - Vehicles used for the carriage of goods and having a maximum mass not exceeding 3.5 tonnes","Diesel","Own account","Co. Donegal","Number","16275"
"Goods vehicles","2024","N1 - Vehicles used for the carriage of goods and having a maximum mass not exceeding 3.5 tonnes","Diesel","Own account","Co. Dublin","Number","74138"
"Goods vehicles","2024","N1 - Vehicles used for the carriage of goods and having a maximum mass not exceeding 3.5 tonnes","Diesel","Own account","Co. Galway","Number","19783"
"Goods vehicles","2024","N1 - Vehicles used for the carriage of goods and having a maximum mass not exceeding 3.5 tonnes","Diesel","Own account","Co. Kildare","Number","16978"
"Goods vehicles","2024","N1 - Vehicles used for the carriage of goods and having a maximum mass not exceeding 3.5 tonnes","Diesel","Own account","Co. Kilkenny","Number","8184"
"Goods vehicles","2024","N1 - Vehicles used for the carriage of goods and having a maximum mass not exceeding 3.5 tonnes","Diesel","Own account","Co. Kerry","Number","12370"
"Goods vehicles","2024","N1 - Vehicles used for the carriage of goods and having a maximum mass not exceeding 3.5 tonnes","Diesel","Own account","Co. Longford","Number","4061"
"Goods vehicles","2024","N1 - Vehicles used for the carriage of goods and having a maximum mass not exceeding 3.5 tonnes","Diesel","Own account","Co. Louth","Number","7877"
"Goods vehicles","2024","N1 - Vehicles used for the carriage of goods and having a maximum mass not exceeding 3.5 tonnes","Diesel","Own account","Co. Limerick","Number","12902"
"Goods vehicles","2024","N1 - Vehicles used for the carriage of goods and having a maximum mass not exceeding 3.5 tonnes","Diesel","Own account","Co. Leitrim","Number","3577"
"Goods vehicles","2024","N1 - Vehicles used for the carriage of goods and having a maximum mass not exceeding 3.5 tonnes","Diesel","Own account","Co. Laois","Number","6083"
"Goods vehicles","2024","N1 - Vehicles used for the carriage of goods and having a maximum mass not exceeding 3.5 tonnes","Diesel","Own account","Co. Meath","Number","15544"
"Goods vehicles","2024","N1 - Vehicles used for the carriage of goods and having a maximum mass not exceeding 3.5 tonnes","Diesel","Own account","Co. Monaghan","Number","7834"
"Goods vehicles","2024","N1 - Vehicles used for the carriage of goods and having a maximum mass not exceeding 3.5 tonnes","Diesel","Own account","Co. Mayo","Number","13235"
"Goods vehicles","2024","N1 - Vehicles used for the carriage of goods and having a maximum mass not exceeding 3.5 tonnes","Diesel","Own account","Co. Offaly","Number","6559"
"Goods vehicles","2024","N1 - Vehicles used for the carriage of goods and having a maximum mass not exceeding 3.5 tonnes","Diesel","Own account","Co. Roscommon","Number","6240"
"Goods vehicles","2024","N1 - Vehicles used for the carriage of goods and having a maximum mass not exceeding 3.5 tonnes","Diesel","Own account","Co. Sligo","Number","5920"
"Goods vehicles","2024","N1 - Vehicles used for the carriage of goods and having a maximum mass not exceeding 3.5 tonnes","Diesel","Own account","Co. Tipperary","Number","13872"
"Goods vehicles","2024","N1 - Vehicles used for the carriage of goods and having a maximum mass not exceeding 3.5 tonnes","Diesel","Own account","Co. Waterford","Number","7659"
"Goods vehicles","2024","N1 - Vehicles used for the carriage of goods and having a maximum mass not exceeding 3.5 tonnes","Diesel","Own account","Co. Wicklow","Number","9808"
"Goods vehicles","2024","N1 - Vehicles used for the carriage of goods and having a maximum mass not exceeding 3.5 tonnes","Diesel","Own account","Co. Westmeath","Number","7970"
"Goods vehicles","2024","N1 - Vehicles used for the carriage of goods and having a maximum mass not exceeding 3.5 tonnes","Diesel","Own account","Co. Wexford","Number","12903"
"Goods vehicles","2024","N1 - Vehicles used for the carriage of goods and having a maximum mass not exceeding 3.5 tonnes","Diesel","Own account","Ireland","Number","353824"
"Goods vehicles","2024","N1 - Vehicles used for the carriage of goods and having a maximum mass not exceeding 3.5 tonnes","Battery Electric Vehicles (BEV)","Main use (own account and hire or reward)","Co. Clare","Number","13"
"Goods vehicles","2024","N1 - Vehicles used for the carriage of goods and having a maximum mass not exceeding 3.5 tonnes","Battery Electric Vehicles (BEV)","Main use (own account and hire or reward)","Co. Cork","Number","258"
"Goods vehicles","2024","N1 - Vehicles used for the carriage of goods and having a maximum mass not exceeding 3.5 tonnes","Battery Electric Vehicles (BEV)","Main use (own account and hire or reward)","Co. Cavan","Number","17"
"Goods vehicles","2024","N1 - Vehicles used for the carriage of goods and having a maximum mass not exceeding 3.5 tonnes","Battery Electric Vehicles (BEV)","Main use (own account and hire or reward)","Co. Carlow","Number","5"
"Goods vehicles","2024","N1 - Vehicles used for the carriage of goods and having a maximum mass not exceeding 3.5 tonnes","Battery Electric Vehicles (BEV)","Main use (own account and hire or reward)","Co. Donegal","Number","23"
"Goods vehicles","2024","N1 - Vehicles used for the carriage of goods and having a maximum mass not exceeding 3.5 tonnes","Battery Electric Vehicles (BEV)","Main use (own account and hire or reward)","Co. Dublin","Number","2754"
"Goods vehicles","2024","N1 - Vehicles used for the carriage of goods and having a maximum mass not exceeding 3.5 tonnes","Battery Electric Vehicles (BEV)","Main use (own account and hire or reward)","Co. Galway","Number","45"
"Goods vehicles","2024","N1 - Vehicles used for the carriage of goods and having a maximum mass not exceeding 3.5 tonnes","Battery Electric Vehicles (BEV)","Main use (own account and hire or reward)","Co. Kildare","Number","68"
"Goods vehicles","2024","N1 - Vehicles used for the carriage of goods and having a maximum mass not exceeding 3.5 tonnes","Battery Electric Vehicles (BEV)","Main use (own account and hire or reward)","Co. Kilkenny","Number","28"
"Goods vehicles","2024","N1 - Vehicles used for the carriage of goods and having a maximum mass not exceeding 3.5 tonnes","Battery Electric Vehicles (BEV)","Main use (own account and hire or reward)","Co. Kerry","Number","20"
"Goods vehicles","2024","N1 - Vehicles used for the carriage of goods and having a maximum mass not exceeding 3.5 tonnes","Battery Electric Vehicles (BEV)","Main use (own account and hire or reward)","Co. Longford","Number","2"
"Goods vehicles","2024","N1 - Vehicles used for the carriage of goods and having a maximum mass not exceeding 3.5 tonnes","Battery Electric Vehicles (BEV)","Main use (own account and hire or reward)","Co. Louth","Number","16"
"Goods vehicles","2024","N1 - Vehicles used for the carriage of goods and having a maximum mass not exceeding 3.5 tonnes","Battery Electric Vehicles (BEV)","Main use (own account and hire or reward)","Co. Limerick","Number","48"
"Goods vehicles","2024","N1 - Vehicles used for the carriage of goods and having a maximum mass not exceeding 3.5 tonnes","Battery Electric Vehicles (BEV)","Main use (own account and hire or reward)","Co. Leitrim","Number","4"
"Goods vehicles","2024","N1 - Vehicles used for the carriage of goods and having a maximum mass not exceeding 3.5 tonnes","Battery Electric Vehicles (BEV)","Main use (own account and hire or reward)","Co. Laois","Number","8"
"Goods vehicles","2024","N1 - Vehicles used for the carriage of goods and having a maximum mass not exceeding 3.5 tonnes","Battery Electric Vehicles (BEV)","Main use (own account and hire or reward)","Co. Meath","Number","20"
"Goods vehicles","2024","N1 - Vehicles used for the carriage of goods and having a maximum mass not exceeding 3.5 tonnes","Battery Electric Vehicles (BEV)","Main use (own account and hire or reward)","Co. Monaghan","Number","9"
"Goods vehicles","2024","N1 - Vehicles used for the carriage of goods and having a maximum mass not exceeding 3.5 tonnes","Battery Electric Vehicles (BEV)","Main use (own account and hire or reward)","Co. Mayo","Number","25"
"Goods vehicles","2024","N1 - Vehicles used for the carriage of goods and having a maximum mass not exceeding 3.5 tonnes","Battery Electric Vehicles (BEV)","Main use (own account and hire or reward)","Co. Offaly","Number","9"
"Goods vehicles","2024","N1 - Vehicles used for the carriage of goods and having a maximum mass not exceeding 3.5 tonnes","Battery Electric Vehicles (BEV)","Main use (own account and hire or reward)","Co. Roscommon","Number","9"
"Goods vehicles","2024","N1 - Vehicles used for the carriage of goods and having a maximum mass not exceeding 3.5 tonnes","Battery Electric Vehicles (BEV)","Main use (own account and hire or reward)","Co. Sligo","Number","7"
"Goods vehicles","2024","N1 - Vehicles used for the carriage of goods and having a maximum mass not exceeding 3.5 tonnes","Battery Electric Vehicles (BEV)","Main use (own account and hire or reward)","Co. Tipperary","Number","19"
"Goods vehicles","2024","N1 - Vehicles used for the carriage of goods and having a maximum mass not exceeding 3.5 tonnes","Battery Electric Vehicles (BEV)","Main use (own account and hire or reward)","Co. Waterford","Number","40"
"Goods vehicles","2024","N1 - Vehicles used for the carriage of goods and having a maximum mass not exceeding 3.5 tonnes","Battery Electric Vehicles (BEV)","Main use (own account and hire or reward)","Co. Wicklow","Number","26"
"Goods vehicles","2024","N1 - Vehicles used for the carriage of goods and having a maximum mass not exceeding 3.5 tonnes","Battery Electric Vehicles (BEV)","Main use (own account and hire or reward)","Co. Westmeath","Number","29"
"Goods vehicles","2024","N1 - Vehicles used for the carriage of goods and having a maximum mass not exceeding 3.5 tonnes","Battery Electric Vehicles (BEV)","Main use (own account and hire or reward)","Co. Wexford","Number","30"
"Goods vehicles","2024","N1 - Vehicles used for the carriage of goods and having a maximum mass not exceeding 3.5 tonnes","Battery Electric Vehicles (BEV)","Main use (own account and hire or reward)","Ireland","Number","3532"
"Goods vehicles","2024","N1 - Vehicles used for the carriage of goods and having a maximum mass not exceeding 3.5 tonnes","Battery Electric Vehicles (BEV)","Hire or reward","Co. Clare","Number",""
"Goods vehicles","2024","N1 - Vehicles used for the carriage of goods and having a maximum mass not exceeding 3.5 tonnes","Battery Electric Vehicles (BEV)","Hire or reward","Co. Cork","Number","7"
"Goods vehicles","2024","N1 - Vehicles used for the carriage of goods and having a maximum mass not exceeding 3.5 tonnes","Battery Electric Vehicles (BEV)","Hire or reward","Co. Cavan","Number",""
"Goods vehicles","2024","N1 - Vehicles used for the carriage of goods and having a maximum mass not exceeding 3.5 tonnes","Battery Electric Vehicles (BEV)","Hire or reward","Co. Carlow","Number",""
"Goods vehicles","2024","N1 - Vehicles used for the carriage of goods and having a maximum mass not exceeding 3.5 tonnes","Battery Electric Vehicles (BEV)","Hire or reward","Co. Donegal","Number",""
"Goods vehicles","2024","N1 - Vehicles used for the carriage of goods and having a maximum mass not exceeding 3.5 tonnes","Battery Electric Vehicles (BEV)","Hire or reward","Co. Dublin","Number","248"
"Goods vehicles","2024","N1 - Vehicles used for the carriage of goods and having a maximum mass not exceeding 3.5 tonnes","Battery Electric Vehicles (BEV)","Hire or reward","Co. Galway","Number",""
"Goods vehicles","2024","N1 - Vehicles used for the carriage of goods and having a maximum mass not exceeding 3.5 tonnes","Battery Electric Vehicles (BEV)","Hire or reward","Co. Kildare","Number","4"
"Goods vehicles","2024","N1 - Vehicles used for the carriage of goods and having a maximum mass not exceeding 3.5 tonnes","Battery Electric Vehicles (BEV)","Hire or reward","Co. Kilkenny","Number",""
"Goods vehicles","2024","N1 - Vehicles used for the carriage of goods and having a maximum mass not exceeding 3.5 tonnes","Battery Electric Vehicles (BEV)","Hire or reward","Co. Kerry","Number","1"
"Goods vehicles","2024","N1 - Vehicles used for the carriage of goods and having a maximum mass not exceeding 3.5 tonnes","Battery Electric Vehicles (BEV)","Hire or reward","Co. Longford","Number",""
"Goods vehicles","2024","N1 - Vehicles used for the carriage of goods and having a maximum mass not exceeding 3.5 tonnes","Battery Electric Vehicles (BEV)","Hire or reward","Co. Louth","Number","1"
"Goods vehicles","2024","N1 - Vehicles used for the carriage of goods and having a maximum mass not exceeding 3.5 tonnes","Battery Electric Vehicles (BEV)","Hire or reward","Co. Limerick","Number",""
"Goods vehicles","2024","N1 - Vehicles used for the carriage of goods and having a maximum mass not exceeding 3.5 tonnes","Battery Electric Vehicles (BEV)","Hire or reward","Co. Leitrim","Number",""
"Goods vehicles","2024","N1 - Vehicles used for the carriage of goods and having a maximum mass not exceeding 3.5 tonnes","Battery Electric Vehicles (BEV)","Hire or reward","Co. Laois","Number",""
"Goods vehicles","2024","N1 - Vehicles used for the carriage of goods and having a maximum mass not exceeding 3.5 tonnes","Battery Electric Vehicles (BEV)","Hire or reward","Co. Meath","Number","1"
"Goods vehicles","2024","N1 - Vehicles used for the carriage of goods and having a maximum mass not exceeding 3.5 tonnes","Battery Electric Vehicles (BEV)","Hire or reward","Co. Monaghan","Number",""
"Goods vehicles","2024","N1 - Vehicles used for the carriage of goods and having a maximum mass not exceeding 3.5 tonnes","Battery Electric Vehicles (BEV)","Hire or reward","Co. Mayo","Number","1"
"Goods vehicles","2024","N1 - Vehicles used for the carriage of goods and having a maximum mass not exceeding 3.5 tonnes","Battery Electric Vehicles (BEV)","Hire or reward","Co. Offaly","Number",""
"Goods vehicles","2024","N1 - Vehicles used for the carriage of goods and having a maximum mass not exceeding 3.5 tonnes","Battery Electric Vehicles (BEV)","Hire or reward","Co. Roscommon","Number",""
"Goods vehicles","2024","N1 - Vehicles used for the carriage of goods and having a maximum mass not exceeding 3.5 tonnes","Battery Electric Vehicles (BEV)","Hire or reward","Co. Sligo","Number",""
"Goods vehicles","2024","N1 - Vehicles used for the carriage of goods and having a maximum mass not exceeding 3.5 tonnes","Battery Electric Vehicles (BEV)","Hire or reward","Co. Tipperary","Number",""
"Goods vehicles","2024","N1 - Vehicles used for the carriage of goods and having a maximum mass not exceeding 3.5 tonnes","Battery Electric Vehicles (BEV)","Hire or reward","Co. Waterford","Number",""
"Goods vehicles","2024","N1 - Vehicles used for the carriage of goods and having a maximum mass not exceeding 3.5 tonnes","Battery Electric Vehicles (BEV)","Hire or reward","Co. Wicklow","Number",""
"Goods vehicles","2024","N1 - Vehicles used for the carriage of goods and having a maximum mass not exceeding 3.5 tonnes","Battery Electric Vehicles (BEV)","Hire or reward","Co. Westmeath","Number",""
"Goods vehicles","2024","N1 - Vehicles used for the carriage of goods and having a maximum mass not exceeding 3.5 tonnes","Battery Electric Vehicles (BEV)","Hire or reward","Co. Wexford","Number","2"
"Goods vehicles","2024","N1 - Vehicles used for the carriage of goods and having a maximum mass not exceeding 3.5 tonnes","Battery Electric Vehicles (BEV)","Hire or reward","Ireland","Number","265"
"Goods vehicles","2024","N1 - Vehicles used for the carriage of goods and having a maximum mass not exceeding 3.5 tonnes","Battery Electric Vehicles (BEV)","Own account","Co. Clare","Number","13"
"Goods vehicles","2024","N1 - Vehicles used for the carriage of goods and having a maximum mass not exceeding 3.5 tonnes","Battery Electric Vehicles (BEV)","Own account","Co. Cork","Number","251"
"Goods vehicles","2024","N1 - Vehicles used for the carriage of goods and having a maximum mass not exceeding 3.5 tonnes","Battery Electric Vehicles (BEV)","Own account","Co. Cavan","Number","17"
"Goods vehicles","2024","N1 - Vehicles used for the carriage of goods and having a maximum mass not exceeding 3.5 tonnes","Battery Electric Vehicles (BEV)","Own account","Co. Carlow","Number","5"
"Goods vehicles","2024","N1 - Vehicles used for the carriage of goods and having a maximum mass not exceeding 3.5 tonnes","Battery Electric Vehicles (BEV)","Own account","Co. Donegal","Number","23"
"Goods vehicles","2024","N1 - Vehicles used for the carriage of goods and having a maximum mass not exceeding 3.5 tonnes","Battery Electric Vehicles (BEV)","Own account","Co. Dublin","Number","2506"
"Goods vehicles","2024","N1 - Vehicles used for the carriage of goods and having a maximum mass not exceeding 3.5 tonnes","Battery Electric Vehicles (BEV)","Own account","Co. Galway","Number","45"
"Goods vehicles","2024","N1 - Vehicles used for the carriage of goods and having a maximum mass not exceeding 3.5 tonnes","Battery Electric Vehicles (BEV)","Own account","Co. Kildare","Number","64"
"Goods vehicles","2024","N1 - Vehicles used for the carriage of goods and having a maximum mass not exceeding 3.5 tonnes","Battery Electric Vehicles (BEV)","Own account","Co. Kilkenny","Number","28"
"Goods vehicles","2024","N1 - Vehicles used for the carriage of goods and having a maximum mass not exceeding 3.5 tonnes","Battery Electric Vehicles (BEV)","Own account","Co. Kerry","Number","19"
"Goods vehicles","2024","N1 - Vehicles used for the carriage of goods and having a maximum mass not exceeding 3.5 tonnes","Battery Electric Vehicles (BEV)","Own account","Co. Longford","Number","2"
"Goods vehicles","2024","N1 - Vehicles used for the carriage of goods and having a maximum mass not exceeding 3.5 tonnes","Battery Electric Vehicles (BEV)","Own account","Co. Louth","Number","15"
"Goods vehicles","2024","N1 - Vehicles used for the carriage of goods and having a maximum mass not exceeding 3.5 tonnes","Battery Electric Vehicles (BEV)","Own account","Co. Limerick","Number","48"
"Goods vehicles","2024","N1 - Vehicles used for the carriage of goods and having a maximum mass not exceeding 3.5 tonnes","Battery Electric Vehicles (BEV)","Own account","Co. Leitrim","Number","4"
"Goods vehicles","2024","N1 - Vehicles used for the carriage of goods and having a maximum mass not exceeding 3.5 tonnes","Battery Electric Vehicles (BEV)","Own account","Co. Laois","Number","8"
"Goods vehicles","2024","N1 - Vehicles used for the carriage of goods and having a maximum mass not exceeding 3.5 tonnes","Battery Electric Vehicles (BEV)","Own account","Co. Meath","Number","19"
"Goods vehicles","2024","N1 - Vehicles used for the carriage of goods and having a maximum mass not exceeding 3.5 tonnes","Battery Electric Vehicles (BEV)","Own account","Co. Monaghan","Number","9"
"Goods vehicles","2024","N1 - Vehicles used for the carriage of goods and having a maximum mass not exceeding 3.5 tonnes","Battery Electric Vehicles (BEV)","Own account","Co. Mayo","Number","24"
"Goods vehicles","2024","N1 - Vehicles used for the carriage of goods and having a maximum mass not exceeding 3.5 tonnes","Battery Electric Vehicles (BEV)","Own account","Co. Offaly","Number","9"
"Goods vehicles","2024","N1 - Vehicles used for the carriage of goods and having a maximum mass not exceeding 3.5 tonnes","Battery Electric Vehicles (BEV)","Own account","Co. Roscommon","Number","9"
"Goods vehicles","2024","N1 - Vehicles used for the carriage of goods and having a maximum mass not exceeding 3.5 tonnes","Battery Electric Vehicles (BEV)","Own account","Co. Sligo","Number","7"
"Goods vehicles","2024","N1 - Vehicles used for the carriage of goods and having a maximum mass not exceeding 3.5 tonnes","Battery Electric Vehicles (BEV)","Own account","Co. Tipperary","Number","19"
"Goods vehicles","2024","N1 - Vehicles used for the carriage of goods and having a maximum mass not exceeding 3.5 tonnes","Battery Electric Vehicles (BEV)","Own account","Co. Waterford","Number","40"
"Goods vehicles","2024","N1 - Vehicles used for the carriage of goods and having a maximum mass not exceeding 3.5 tonnes","Battery Electric Vehicles (BEV)","Own account","Co. Wicklow","Number","26"
"Goods vehicles","2024","N1 - Vehicles used for the carriage of goods and having a maximum mass not exceeding 3.5 tonnes","Battery Electric Vehicles (BEV)","Own account","Co. Westmeath","Number","29"
"Goods vehicles","2024","N1 - Vehicles used for the carriage of goods and having a maximum mass not exceeding 3.5 tonnes","Battery Electric Vehicles (BEV)","Own account","Co. Wexford","Number","28"
"Goods vehicles","2024","N1 - Vehicles used for the carriage of goods and having a maximum mass not exceeding 3.5 tonnes","Battery Electric Vehicles (BEV)","Own account","Ireland","Number","3267"
"Goods vehicles","2024","N1 - Vehicles used for the carriage of goods and having a maximum mass not exceeding 3.5 tonnes","Plug-in hybrid electric vehicles (PHEV)","Main use (own account and hire or reward)","Co. Clare","Number","14"
"Goods vehicles","2024","N1 - Vehicles used for the carriage of goods and having a maximum mass not exceeding 3.5 tonnes","Plug-in hybrid electric vehicles (PHEV)","Main use (own account and hire or reward)","Co. Cork","Number","54"
"Goods vehicles","2024","N1 - Vehicles used for the carriage of goods and having a maximum mass not exceeding 3.5 tonnes","Plug-in hybrid electric vehicles (PHEV)","Main use (own account and hire or reward)","Co. Cavan","Number","15"
"Goods vehicles","2024","N1 - Vehicles used for the carriage of goods and having a maximum mass not exceeding 3.5 tonnes","Plug-in hybrid electric vehicles (PHEV)","Main use (own account and hire or reward)","Co. Carlow","Number","9"
"Goods vehicles","2024","N1 - Vehicles used for the carriage of goods and having a maximum mass not exceeding 3.5 tonnes","Plug-in hybrid electric vehicles (PHEV)","Main use (own account and hire or reward)","Co. Donegal","Number","8"
"Goods vehicles","2024","N1 - Vehicles used for the carriage of goods and having a maximum mass not exceeding 3.5 tonnes","Plug-in hybrid electric vehicles (PHEV)","Main use (own account and hire or reward)","Co. Dublin","Number","259"
"Goods vehicles","2024","N1 - Vehicles used for the carriage of goods and having a maximum mass not exceeding 3.5 tonnes","Plug-in hybrid electric vehicles (PHEV)","Main use (own account and hire or reward)","Co. Galway","Number","62"
"Goods vehicles","2024","N1 - Vehicles used for the carriage of goods and having a maximum mass not exceeding 3.5 tonnes","Plug-in hybrid electric vehicles (PHEV)","Main use (own account and hire or reward)","Co. Kildare","Number","70"
"Goods vehicles","2024","N1 - Vehicles used for the carriage of goods and having a maximum mass not exceeding 3.5 tonnes","Plug-in hybrid electric vehicles (PHEV)","Main use (own account and hire or reward)","Co. Kilkenny","Number","11"
"Goods vehicles","2024","N1 - Vehicles used for the carriage of goods and having a maximum mass not exceeding 3.5 tonnes","Plug-in hybrid electric vehicles (PHEV)","Main use (own account and hire or reward)","Co. Kerry","Number","11"
"Goods vehicles","2024","N1 - Vehicles used for the carriage of goods and having a maximum mass not exceeding 3.5 tonnes","Plug-in hybrid electric vehicles (PHEV)","Main use (own account and hire or reward)","Co. Longford","Number","5"
"Goods vehicles","2024","N1 - Vehicles used for the carriage of goods and having a maximum mass not exceeding 3.5 tonnes","Plug-in hybrid electric vehicles (PHEV)","Main use (own account and hire or reward)","Co. Louth","Number","23"
"Goods vehicles","2024","N1 - Vehicles used for the carriage of goods and having a maximum mass not exceeding 3.5 tonnes","Plug-in hybrid electric vehicles (PHEV)","Main use (own account and hire or reward)","Co. Limerick","Number","14"
"Goods vehicles","2024","N1 - Vehicles used for the carriage of goods and having a maximum mass not exceeding 3.5 tonnes","Plug-in hybrid electric vehicles (PHEV)","Main use (own account and hire or reward)","Co. Leitrim","Number","2"
"Goods vehicles","2024","N1 - Vehicles used for the carriage of goods and having a maximum mass not exceeding 3.5 tonnes","Plug-in hybrid electric vehicles (PHEV)","Main use (own account and hire or reward)","Co. Laois","Number","13"
"Goods vehicles","2024","N1 - Vehicles used for the carriage of goods and having a maximum mass not exceeding 3.5 tonnes","Plug-in hybrid electric vehicles (PHEV)","Main use (own account and hire or reward)","Co. Meath","Number","49"
"Goods vehicles","2024","N1 - Vehicles used for the carriage of goods and having a maximum mass not exceeding 3.5 tonnes","Plug-in hybrid electric vehicles (PHEV)","Main use (own account and hire or reward)","Co. Monaghan","Number","11"
"Goods vehicles","2024","N1 - Vehicles used for the carriage of goods and having a maximum mass not exceeding 3.5 tonnes","Plug-in hybrid electric vehicles (PHEV)","Main use (own account and hire or reward)","Co. Mayo","Number","11"
"Goods vehicles","2024","N1 - Vehicles used for the carriage of goods and having a maximum mass not exceeding 3.5 tonnes","Plug-in hybrid electric vehicles (PHEV)","Main use (own account and hire or reward)","Co. Offaly","Number","9"
"Goods vehicles","2024","N1 - Vehicles used for the carriage of goods and having a maximum mass not exceeding 3.5 tonnes","Plug-in hybrid electric vehicles (PHEV)","Main use (own account and hire or reward)","Co. Roscommon","Number","5"
"Goods vehicles","2024","N1 - Vehicles used for the carriage of goods and having a maximum mass not exceeding 3.5 tonnes","Plug-in hybrid electric vehicles (PHEV)","Main use (own account and hire or reward)","Co. Sligo","Number","12"
"Goods vehicles","2024","N1 - Vehicles used for the carriage of goods and having a maximum mass not exceeding 3.5 tonnes","Plug-in hybrid electric vehicles (PHEV)","Main use (own account and hire or reward)","Co. Tipperary","Number","16"
"Goods vehicles","2024","N1 - Vehicles used for the carriage of goods and having a maximum mass not exceeding 3.5 tonnes","Plug-in hybrid electric vehicles (PHEV)","Main use (own account and hire or reward)","Co. Waterford","Number","5"
"Goods vehicles","2024","N1 - Vehicles used for the carriage of goods and having a maximum mass not exceeding 3.5 tonnes","Plug-in hybrid electric vehicles (PHEV)","Main use (own account and hire or reward)","Co. Wicklow","Number","109"
"Goods vehicles","2024","N1 - Vehicles used for the carriage of goods and having a maximum mass not exceeding 3.5 tonnes","Plug-in hybrid electric vehicles (PHEV)","Main use (own account and hire or reward)","Co. Westmeath","Number","7"
"Goods vehicles","2024","N1 - Vehicles used for the carriage of goods and having a maximum mass not exceeding 3.5 tonnes","Plug-in hybrid electric vehicles (PHEV)","Main use (own account and hire or reward)","Co. Wexford","Number","28"
"Goods vehicles","2024","N1 - Vehicles used for the carriage of goods and having a maximum mass not exceeding 3.5 tonnes","Plug-in hybrid electric vehicles (PHEV)","Main use (own account and hire or reward)","Ireland","Number","832"
"Goods vehicles","2024","N1 - Vehicles used for the carriage of goods and having a maximum mass not exceeding 3.5 tonnes","Plug-in hybrid electric vehicles (PHEV)","Hire or reward","Co. Clare","Number",""
"Goods vehicles","2024","N1 - Vehicles used for the carriage of goods and having a maximum mass not exceeding 3.5 tonnes","Plug-in hybrid electric vehicles (PHEV)","Hire or reward","Co. Cork","Number","3"
"Goods vehicles","2024","N1 - Vehicles used for the carriage of goods and having a maximum mass not exceeding 3.5 tonnes","Plug-in hybrid electric vehicles (PHEV)","Hire or reward","Co. Cavan","Number","1"
"Goods vehicles","2024","N1 - Vehicles used for the carriage of goods and having a maximum mass not exceeding 3.5 tonnes","Plug-in hybrid electric vehicles (PHEV)","Hire or reward","Co. Carlow","Number",""
"Goods vehicles","2024","N1 - Vehicles used for the carriage of goods and having a maximum mass not exceeding 3.5 tonnes","Plug-in hybrid electric vehicles (PHEV)","Hire or reward","Co. Donegal","Number",""
"Goods vehicles","2024","N1 - Vehicles used for the carriage of goods and having a maximum mass not exceeding 3.5 tonnes","Plug-in hybrid electric vehicles (PHEV)","Hire or reward","Co. Dublin","Number","5"
"Goods vehicles","2024","N1 - Vehicles used for the carriage of goods and having a maximum mass not exceeding 3.5 tonnes","Plug-in hybrid electric vehicles (PHEV)","Hire or reward","Co. Galway","Number","1"
"Goods vehicles","2024","N1 - Vehicles used for the carriage of goods and having a maximum mass not exceeding 3.5 tonnes","Plug-in hybrid electric vehicles (PHEV)","Hire or reward","Co. Kildare","Number","6"
"Goods vehicles","2024","N1 - Vehicles used for the carriage of goods and having a maximum mass not exceeding 3.5 tonnes","Plug-in hybrid electric vehicles (PHEV)","Hire or reward","Co. Kilkenny","Number",""
"Goods vehicles","2024","N1 - Vehicles used for the carriage of goods and having a maximum mass not exceeding 3.5 tonnes","Plug-in hybrid electric vehicles (PHEV)","Hire or reward","Co. Kerry","Number",""
"Goods vehicles","2024","N1 - Vehicles used for the carriage of goods and having a maximum mass not exceeding 3.5 tonnes","Plug-in hybrid electric vehicles (PHEV)","Hire or reward","Co. Longford","Number",""
"Goods vehicles","2024","N1 - Vehicles used for the carriage of goods and having a maximum mass not exceeding 3.5 tonnes","Plug-in hybrid electric vehicles (PHEV)","Hire or reward","Co. Louth","Number",""
"Goods vehicles","2024","N1 - Vehicles used for the carriage of goods and having a maximum mass not exceeding 3.5 tonnes","Plug-in hybrid electric vehicles (PHEV)","Hire or reward","Co. Limerick","Number",""
"Goods vehicles","2024","N1 - Vehicles used for the carriage of goods and having a maximum mass not exceeding 3.5 tonnes","Plug-in hybrid electric vehicles (PHEV)","Hire or reward","Co. Leitrim","Number",""
"Goods vehicles","2024","N1 - Vehicles used for the carriage of goods and having a maximum mass not exceeding 3.5 tonnes","Plug-in hybrid electric vehicles (PHEV)","Hire or reward","Co. Laois","Number",""
"Goods vehicles","2024","N1 - Vehicles used for the carriage of goods and having a maximum mass not exceeding 3.5 tonnes","Plug-in hybrid electric vehicles (PHEV)","Hire or reward","Co. Meath","Number",""
"Goods vehicles","2024","N1 - Vehicles used for the carriage of goods and having a maximum mass not exceeding 3.5 tonnes","Plug-in hybrid electric vehicles (PHEV)","Hire or reward","Co. Monaghan","Number",""
"Goods vehicles","2024","N1 - Vehicles used for the carriage of goods and having a maximum mass not exceeding 3.5 tonnes","Plug-in hybrid electric vehicles (PHEV)","Hire or reward","Co. Mayo","Number","1"
"Goods vehicles","2024","N1 - Vehicles used for the carriage of goods and having a maximum mass not exceeding 3.5 tonnes","Plug-in hybrid electric vehicles (PHEV)","Hire or reward","Co. Offaly","Number","1"
"Goods vehicles","2024","N1 - Vehicles used for the carriage of goods and having a maximum mass not exceeding 3.5 tonnes","Plug-in hybrid electric vehicles (PHEV)","Hire or reward","Co. Roscommon","Number","1"
"Goods vehicles","2024","N1 - Vehicles used for the carriage of goods and having a maximum mass not exceeding 3.5 tonnes","Plug-in hybrid electric vehicles (PHEV)","Hire or reward","Co. Sligo","Number","4"
"Goods vehicles","2024","N1 - Vehicles used for the carriage of goods and having a maximum mass not exceeding 3.5 tonnes","Plug-in hybrid electric vehicles (PHEV)","Hire or reward","Co. Tipperary","Number",""
"Goods vehicles","2024","N1 - Vehicles used for the carriage of goods and having a maximum mass not exceeding 3.5 tonnes","Plug-in hybrid electric vehicles (PHEV)","Hire or reward","Co. Waterford","Number",""
"Goods vehicles","2024","N1 - Vehicles used for the carriage of goods and having a maximum mass not exceeding 3.5 tonnes","Plug-in hybrid electric vehicles (PHEV)","Hire or reward","Co. Wicklow","Number","2"
"Goods vehicles","2024","N1 - Vehicles used for the carriage of goods and having a maximum mass not exceeding 3.5 tonnes","Plug-in hybrid electric vehicles (PHEV)","Hire or reward","Co. Westmeath","Number","3"
"Goods vehicles","2024","N1 - Vehicles used for the carriage of goods and having a maximum mass not exceeding 3.5 tonnes","Plug-in hybrid electric vehicles (PHEV)","Hire or reward","Co. Wexford","Number","1"
"Goods vehicles","2024","N1 - Vehicles used for the carriage of goods and having a maximum mass not exceeding 3.5 tonnes","Plug-in hybrid electric vehicles (PHEV)","Hire or reward","Ireland","Number","29"
"Goods vehicles","2024","N1 - Vehicles used for the carriage of goods and having a maximum mass not exceeding 3.5 tonnes","Plug-in hybrid electric vehicles (PHEV)","Own account","Co. Clare","Number","14"
"Goods vehicles","2024","N1 - Vehicles used for the carriage of goods and having a maximum mass not exceeding 3.5 tonnes","Plug-in hybrid electric vehicles (PHEV)","Own account","Co. Cork","Number","51"
"Goods vehicles","2024","N1 - Vehicles used for the carriage of goods and having a maximum mass not exceeding 3.5 tonnes","Plug-in hybrid electric vehicles (PHEV)","Own account","Co. Cavan","Number","14"
"Goods vehicles","2024","N1 - Vehicles used for the carriage of goods and having a maximum mass not exceeding 3.5 tonnes","Plug-in hybrid electric vehicles (PHEV)","Own account","Co. Carlow","Number","9"
"Goods vehicles","2024","N1 - Vehicles used for the carriage of goods and having a maximum mass not exceeding 3.5 tonnes","Plug-in hybrid electric vehicles (PHEV)","Own account","Co. Donegal","Number","8"
"Goods vehicles","2024","N1 - Vehicles used for the carriage of goods and having a maximum mass not exceeding 3.5 tonnes","Plug-in hybrid electric vehicles (PHEV)","Own account","Co. Dublin","Number","254"
"Goods vehicles","2024","N1 - Vehicles used for the carriage of goods and having a maximum mass not exceeding 3.5 tonnes","Plug-in hybrid electric vehicles (PHEV)","Own account","Co. Galway","Number","61"
"Goods vehicles","2024","N1 - Vehicles used for the carriage of goods and having a maximum mass not exceeding 3.5 tonnes","Plug-in hybrid electric vehicles (PHEV)","Own account","Co. Kildare","Number","64"
"Goods vehicles","2024","N1 - Vehicles used for the carriage of goods and having a maximum mass not exceeding 3.5 tonnes","Plug-in hybrid electric vehicles (PHEV)","Own account","Co. Kilkenny","Number","11"
"Goods vehicles","2024","N1 - Vehicles used for the carriage of goods and having a maximum mass not exceeding 3.5 tonnes","Plug-in hybrid electric vehicles (PHEV)","Own account","Co. Kerry","Number","11"
"Goods vehicles","2024","N1 - Vehicles used for the carriage of goods and having a maximum mass not exceeding 3.5 tonnes","Plug-in hybrid electric vehicles (PHEV)","Own account","Co. Longford","Number","5"
"Goods vehicles","2024","N1 - Vehicles used for the carriage of goods and having a maximum mass not exceeding 3.5 tonnes","Plug-in hybrid electric vehicles (PHEV)","Own account","Co. Louth","Number","23"
"Goods vehicles","2024","N1 - Vehicles used for the carriage of goods and having a maximum mass not exceeding 3.5 tonnes","Plug-in hybrid electric vehicles (PHEV)","Own account","Co. Limerick","Number","14"
"Goods vehicles","2024","N1 - Vehicles used for the carriage of goods and having a maximum mass not exceeding 3.5 tonnes","Plug-in hybrid electric vehicles (PHEV)","Own account","Co. Leitrim","Number","2"
"Goods vehicles","2024","N1 - Vehicles used for the carriage of goods and having a maximum mass not exceeding 3.5 tonnes","Plug-in hybrid electric vehicles (PHEV)","Own account","Co. Laois","Number","13"
"Goods vehicles","2024","N1 - Vehicles used for the carriage of goods and having a maximum mass not exceeding 3.5 tonnes","Plug-in hybrid electric vehicles (PHEV)","Own account","Co. Meath","Number","49"
"Goods vehicles","2024","N1 - Vehicles used for the carriage of goods and having a maximum mass not exceeding 3.5 tonnes","Plug-in hybrid electric vehicles (PHEV)","Own account","Co. Monaghan","Number","11"
"Goods vehicles","2024","N1 - Vehicles used for the carriage of goods and having a maximum mass not exceeding 3.5 tonnes","Plug-in hybrid electric vehicles (PHEV)","Own account","Co. Mayo","Number","10"
"Goods vehicles","2024","N1 - Vehicles used for the carriage of goods and having a maximum mass not exceeding 3.5 tonnes","Plug-in hybrid electric vehicles (PHEV)","Own account","Co. Offaly","Number","8"
"Goods vehicles","2024","N1 - Vehicles used for the carriage of goods and having a maximum mass not exceeding 3.5 tonnes","Plug-in hybrid electric vehicles (PHEV)","Own account","Co. Roscommon","Number","4"
"Goods vehicles","2024","N1 - Vehicles used for the carriage of goods and having a maximum mass not exceeding 3.5 tonnes","Plug-in hybrid electric vehicles (PHEV)","Own account","Co. Sligo","Number","8"
"Goods vehicles","2024","N1 - Vehicles used for the carriage of goods and having a maximum mass not exceeding 3.5 tonnes","Plug-in hybrid electric vehicles (PHEV)","Own account","Co. Tipperary","Number","16"
"Goods vehicles","2024","N1 - Vehicles used for the carriage of goods and having a maximum mass not exceeding 3.5 tonnes","Plug-in hybrid electric vehicles (PHEV)","Own account","Co. Waterford","Number","5"
"Goods vehicles","2024","N1 - Vehicles used for the carriage of goods and having a maximum mass not exceeding 3.5 tonnes","Plug-in hybrid electric vehicles (PHEV)","Own account","Co. Wicklow","Number","107"
"Goods vehicles","2024","N1 - Vehicles used for the carriage of goods and having a maximum mass not exceeding 3.5 tonnes","Plug-in hybrid electric vehicles (PHEV)","Own account","Co. Westmeath","Number","4"
"Goods vehicles","2024","N1 - Vehicles used for the carriage of goods and having a maximum mass not exceeding 3.5 tonnes","Plug-in hybrid electric vehicles (PHEV)","Own account","Co. Wexford","Number","27"
"Goods vehicles","2024","N1 - Vehicles used for the carriage of goods and having a maximum mass not exceeding 3.5 tonnes","Plug-in hybrid electric vehicles (PHEV)","Own account","Ireland","Number","803"
"Goods vehicles","2024","N1 - Vehicles used for the carriage of goods and having a maximum mass not exceeding 3.5 tonnes","Other fuel types","Main use (own account and hire or reward)","Co. Clare","Number","24"
"Goods vehicles","2024","N1 - Vehicles used for the carriage of goods and having a maximum mass not exceeding 3.5 tonnes","Other fuel types","Main use (own account and hire or reward)","Co. Cork","Number","256"
"Goods vehicles","2024","N1 - Vehicles used for the carriage of goods and having a maximum mass not exceeding 3.5 tonnes","Other fuel types","Main use (own account and hire or reward)","Co. Cavan","Number","26"
"Goods vehicles","2024","N1 - Vehicles used for the carriage of goods and having a maximum mass not exceeding 3.5 tonnes","Other fuel types","Main use (own account and hire or reward)","Co. Carlow","Number","21"
"Goods vehicles","2024","N1 - Vehicles used for the carriage of goods and having a maximum mass not exceeding 3.5 tonnes","Other fuel types","Main use (own account and hire or reward)","Co. Donegal","Number","48"
"Goods vehicles","2024","N1 - Vehicles used for the carriage of goods and having a maximum mass not exceeding 3.5 tonnes","Other fuel types","Main use (own account and hire or reward)","Co. Dublin","Number","608"
"Goods vehicles","2024","N1 - Vehicles used for the carriage of goods and having a maximum mass not exceeding 3.5 tonnes","Other fuel types","Main use (own account and hire or reward)","Co. Galway","Number","76"
"Goods vehicles","2024","N1 - Vehicles used for the carriage of goods and having a maximum mass not exceeding 3.5 tonnes","Other fuel types","Main use (own account and hire or reward)","Co. Kildare","Number","137"
"Goods vehicles","2024","N1 - Vehicles used for the carriage of goods and having a maximum mass not exceeding 3.5 tonnes","Other fuel types","Main use (own account and hire or reward)","Co. Kilkenny","Number","30"
"Goods vehicles","2024","N1 - Vehicles used for the carriage of goods and having a maximum mass not exceeding 3.5 tonnes","Other fuel types","Main use (own account and hire or reward)","Co. Kerry","Number","49"
"Goods vehicles","2024","N1 - Vehicles used for the carriage of goods and having a maximum mass not exceeding 3.5 tonnes","Other fuel types","Main use (own account and hire or reward)","Co. Longford","Number","9"
"Goods vehicles","2024","N1 - Vehicles used for the carriage of goods and having a maximum mass not exceeding 3.5 tonnes","Other fuel types","Main use (own account and hire or reward)","Co. Louth","Number","31"
"Goods vehicles","2024","N1 - Vehicles used for the carriage of goods and having a maximum mass not exceeding 3.5 tonnes","Other fuel types","Main use (own account and hire or reward)","Co. Limerick","Number","69"
"Goods vehicles","2024","N1 - Vehicles used for the carriage of goods and having a maximum mass not exceeding 3.5 tonnes","Other fuel types","Main use (own account and hire or reward)","Co. Leitrim","Number","8"
"Goods vehicles","2024","N1 - Vehicles used for the carriage of goods and having a maximum mass not exceeding 3.5 tonnes","Other fuel types","Main use (own account and hire or reward)","Co. Laois","Number","33"
"Goods vehicles","2024","N1 - Vehicles used for the carriage of goods and having a maximum mass not exceeding 3.5 tonnes","Other fuel types","Main use (own account and hire or reward)","Co. Meath","Number","71"
"Goods vehicles","2024","N1 - Vehicles used for the carriage of goods and having a maximum mass not exceeding 3.5 tonnes","Other fuel types","Main use (own account and hire or reward)","Co. Monaghan","Number","23"
"Goods vehicles","2024","N1 - Vehicles used for the carriage of goods and having a maximum mass not exceeding 3.5 tonnes","Other fuel types","Main use (own account and hire or reward)","Co. Mayo","Number","39"
"Goods vehicles","2024","N1 - Vehicles used for the carriage of goods and having a maximum mass not exceeding 3.5 tonnes","Other fuel types","Main use (own account and hire or reward)","Co. Offaly","Number","18"
"Goods vehicles","2024","N1 - Vehicles used for the carriage of goods and having a maximum mass not exceeding 3.5 tonnes","Other fuel types","Main use (own account and hire or reward)","Co. Roscommon","Number","17"
"Goods vehicles","2024","N1 - Vehicles used for the carriage of goods and having a maximum mass not exceeding 3.5 tonnes","Other fuel types","Main use (own account and hire or reward)","Co. Sligo","Number","17"
"Goods vehicles","2024","N1 - Vehicles used for the carriage of goods and having a maximum mass not exceeding 3.5 tonnes","Other fuel types","Main use (own account and hire or reward)","Co. Tipperary","Number","39"
"Goods vehicles","2024","N1 - Vehicles used for the carriage of goods and having a maximum mass not exceeding 3.5 tonnes","Other fuel types","Main use (own account and hire or reward)","Co. Waterford","Number","34"
"Goods vehicles","2024","N1 - Vehicles used for the carriage of goods and having a maximum mass not exceeding 3.5 tonnes","Other fuel types","Main use (own account and hire or reward)","Co. Wicklow","Number","84"
"Goods vehicles","2024","N1 - Vehicles used for the carriage of goods and having a maximum mass not exceeding 3.5 tonnes","Other fuel types","Main use (own account and hire or reward)","Co. Westmeath","Number","29"
"Goods vehicles","2024","N1 - Vehicles used for the carriage of goods and having a maximum mass not exceeding 3.5 tonnes","Other fuel types","Main use (own account and hire or reward)","Co. Wexford","Number","45"
"Goods vehicles","2024","N1 - Vehicles used for the carriage of goods and having a maximum mass not exceeding 3.5 tonnes","Other fuel types","Main use (own account and hire or reward)","Ireland","Number","1841"
"Goods vehicles","2024","N1 - Vehicles used for the carriage of goods and having a maximum mass not exceeding 3.5 tonnes","Other fuel types","Hire or reward","Co. Clare","Number",""
"Goods vehicles","2024","N1 - Vehicles used for the carriage of goods and having a maximum mass not exceeding 3.5 tonnes","Other fuel types","Hire or reward","Co. Cork","Number","8"
"Goods vehicles","2024","N1 - Vehicles used for the carriage of goods and having a maximum mass not exceeding 3.5 tonnes","Other fuel types","Hire or reward","Co. Cavan","Number",""
"Goods vehicles","2024","N1 - Vehicles used for the carriage of goods and having a maximum mass not exceeding 3.5 tonnes","Other fuel types","Hire or reward","Co. Carlow","Number","2"
"Goods vehicles","2024","N1 - Vehicles used for the carriage of goods and having a maximum mass not exceeding 3.5 tonnes","Other fuel types","Hire or reward","Co. Donegal","Number",""
"Goods vehicles","2024","N1 - Vehicles used for the carriage of goods and having a maximum mass not exceeding 3.5 tonnes","Other fuel types","Hire or reward","Co. Dublin","Number","37"
"Goods vehicles","2024","N1 - Vehicles used for the carriage of goods and having a maximum mass not exceeding 3.5 tonnes","Other fuel types","Hire or reward","Co. Galway","Number",""
"Goods vehicles","2024","N1 - Vehicles used for the carriage of goods and having a maximum mass not exceeding 3.5 tonnes","Other fuel types","Hire or reward","Co. Kildare","Number","8"
"Goods vehicles","2024","N1 - Vehicles used for the carriage of goods and having a maximum mass not exceeding 3.5 tonnes","Other fuel types","Hire or reward","Co. Kilkenny","Number",""
"Goods vehicles","2024","N1 - Vehicles used for the carriage of goods and having a maximum mass not exceeding 3.5 tonnes","Other fuel types","Hire or reward","Co. Kerry","Number",""
"Goods vehicles","2024","N1 - Vehicles used for the carriage of goods and having a maximum mass not exceeding 3.5 tonnes","Other fuel types","Hire or reward","Co. Longford","Number",""
"Goods vehicles","2024","N1 - Vehicles used for the carriage of goods and having a maximum mass not exceeding 3.5 tonnes","Other fuel types","Hire or reward","Co. Louth","Number",""
"Goods vehicles","2024","N1 - Vehicles used for the carriage of goods and having a maximum mass not exceeding 3.5 tonnes","Other fuel types","Hire or reward","Co. Limerick","Number",""
"Goods vehicles","2024","N1 - Vehicles used for the carriage of goods and having a maximum mass not exceeding 3.5 tonnes","Other fuel types","Hire or reward","Co. Leitrim","Number",""
"Goods vehicles","2024","N1 - Vehicles used for the carriage of goods and having a maximum mass not exceeding 3.5 tonnes","Other fuel types","Hire or reward","Co. Laois","Number",""
"Goods vehicles","2024","N1 - Vehicles used for the carriage of goods and having a maximum mass not exceeding 3.5 tonnes","Other fuel types","Hire or reward","Co. Meath","Number","2"
"Goods vehicles","2024","N1 - Vehicles used for the carriage of goods and having a maximum mass not exceeding 3.5 tonnes","Other fuel types","Hire or reward","Co. Monaghan","Number",""
"Goods vehicles","2024","N1 - Vehicles used for the carriage of goods and having a maximum mass not exceeding 3.5 tonnes","Other fuel types","Hire or reward","Co. Mayo","Number",""
"Goods vehicles","2024","N1 - Vehicles used for the carriage of goods and having a maximum mass not exceeding 3.5 tonnes","Other fuel types","Hire or reward","Co. Offaly","Number","1"
"Goods vehicles","2024","N1 - Vehicles used for the carriage of goods and having a maximum mass not exceeding 3.5 tonnes","Other fuel types","Hire or reward","Co. Roscommon","Number",""
"Goods vehicles","2024","N1 - Vehicles used for the carriage of goods and having a maximum mass not exceeding 3.5 tonnes","Other fuel types","Hire or reward","Co. Sligo","Number",""
"Goods vehicles","2024","N1 - Vehicles used for the carriage of goods and having a maximum mass not exceeding 3.5 tonnes","Other fuel types","Hire or reward","Co. Tipperary","Number","1"
"Goods vehicles","2024","N1 - Vehicles used for the carriage of goods and having a maximum mass not exceeding 3.5 tonnes","Other fuel types","Hire or reward","Co. Waterford","Number","1"
"Goods vehicles","2024","N1 - Vehicles used for the carriage of goods and having a maximum mass not exceeding 3.5 tonnes","Other fuel types","Hire or reward","Co. Wicklow","Number","2"
"Goods vehicles","2024","N1 - Vehicles used for the carriage of goods and having a maximum mass not exceeding 3.5 tonnes","Other fuel types","Hire or reward","Co. Westmeath","Number","1"
"Goods vehicles","2024","N1 - Vehicles used for the carriage of goods and having a maximum mass not exceeding 3.5 tonnes","Other fuel types","Hire or reward","Co. Wexford","Number","1"
"Goods vehicles","2024","N1 - Vehicles used for the carriage of goods and having a maximum mass not exceeding 3.5 tonnes","Other fuel types","Hire or reward","Ireland","Number","64"
"Goods vehicles","2024","N1 - Vehicles used for the carriage of goods and having a maximum mass not exceeding 3.5 tonnes","Other fuel types","Own account","Co. Clare","Number","24"
"Goods vehicles","2024","N1 - Vehicles used for the carriage of goods and having a maximum mass not exceeding 3.5 tonnes","Other fuel types","Own account","Co. Cork","Number","248"
"Goods vehicles","2024","N1 - Vehicles used for the carriage of goods and having a maximum mass not exceeding 3.5 tonnes","Other fuel types","Own account","Co. Cavan","Number","26"
"Goods vehicles","2024","N1 - Vehicles used for the carriage of goods and having a maximum mass not exceeding 3.5 tonnes","Other fuel types","Own account","Co. Carlow","Number","19"
"Goods vehicles","2024","N1 - Vehicles used for the carriage of goods and having a maximum mass not exceeding 3.5 tonnes","Other fuel types","Own account","Co. Donegal","Number","48"
"Goods vehicles","2024","N1 - Vehicles used for the carriage of goods and having a maximum mass not exceeding 3.5 tonnes","Other fuel types","Own account","Co. Dublin","Number","571"
"Goods vehicles","2024","N1 - Vehicles used for the carriage of goods and having a maximum mass not exceeding 3.5 tonnes","Other fuel types","Own account","Co. Galway","Number","76"
"Goods vehicles","2024","N1 - Vehicles used for the carriage of goods and having a maximum mass not exceeding 3.5 tonnes","Other fuel types","Own account","Co. Kildare","Number","129"
"Goods vehicles","2024","N1 - Vehicles used for the carriage of goods and having a maximum mass not exceeding 3.5 tonnes","Other fuel types","Own account","Co. Kilkenny","Number","30"
"Goods vehicles","2024","N1 - Vehicles used for the carriage of goods and having a maximum mass not exceeding 3.5 tonnes","Other fuel types","Own account","Co. Kerry","Number","49"
"Goods vehicles","2024","N1 - Vehicles used for the carriage of goods and having a maximum mass not exceeding 3.5 tonnes","Other fuel types","Own account","Co. Longford","Number","9"
"Goods vehicles","2024","N1 - Vehicles used for the carriage of goods and having a maximum mass not exceeding 3.5 tonnes","Other fuel types","Own account","Co. Louth","Number","31"
"Goods vehicles","2024","N1 - Vehicles used for the carriage of goods and having a maximum mass not exceeding 3.5 tonnes","Other fuel types","Own account","Co. Limerick","Number","69"
"Goods vehicles","2024","N1 - Vehicles used for the carriage of goods and having a maximum mass not exceeding 3.5 tonnes","Other fuel types","Own account","Co. Leitrim","Number","8"
"Goods vehicles","2024","N1 - Vehicles used for the carriage of goods and having a maximum mass not exceeding 3.5 tonnes","Other fuel types","Own account","Co. Laois","Number","33"
"Goods vehicles","2024","N1 - Vehicles used for the carriage of goods and having a maximum mass not exceeding 3.5 tonnes","Other fuel types","Own account","Co. Meath","Number","69"
"Goods vehicles","2024","N1 - Vehicles used for the carriage of goods and having a maximum mass not exceeding 3.5 tonnes","Other fuel types","Own account","Co. Monaghan","Number","23"
"Goods vehicles","2024","N1 - Vehicles used for the carriage of goods and having a maximum mass not exceeding 3.5 tonnes","Other fuel types","Own account","Co. Mayo","Number","39"
"Goods vehicles","2024","N1 - Vehicles used for the carriage of goods and having a maximum mass not exceeding 3.5 tonnes","Other fuel types","Own account","Co. Offaly","Number","17"
"Goods vehicles","2024","N1 - Vehicles used for the carriage of goods and having a maximum mass not exceeding 3.5 tonnes","Other fuel types","Own account","Co. Roscommon","Number","17"
"Goods vehicles","2024","N1 - Vehicles used for the carriage of goods and having a maximum mass not exceeding 3.5 tonnes","Other fuel types","Own account","Co. Sligo","Number","17"
"Goods vehicles","2024","N1 - Vehicles used for the carriage of goods and having a maximum mass not exceeding 3.5 tonnes","Other fuel types","Own account","Co. Tipperary","Number","38"
"Goods vehicles","2024","N1 - Vehicles used for the carriage of goods and having a maximum mass not exceeding 3.5 tonnes","Other fuel types","Own account","Co. Waterford","Number","33"
"Goods vehicles","2024","N1 - Vehicles used for the carriage of goods and having a maximum mass not exceeding 3.5 tonnes","Other fuel types","Own account","Co. Wicklow","Number","82"
"Goods vehicles","2024","N1 - Vehicles used for the carriage of goods and having a maximum mass not exceeding 3.5 tonnes","Other fuel types","Own account","Co. Westmeath","Number","28"
"Goods vehicles","2024","N1 - Vehicles used for the carriage of goods and having a maximum mass not exceeding 3.5 tonnes","Other fuel types","Own account","Co. Wexford","Number","44"
"Goods vehicles","2024","N1 - Vehicles used for the carriage of goods and having a maximum mass not exceeding 3.5 tonnes","Other fuel types","Own account","Ireland","Number","1777"
"Goods vehicles","2024","N1 - Vehicles used for the carriage of goods and having a maximum mass not exceeding 3.5 tonnes","All fuel types","Main use (own account and hire or reward)","Co. Clare","Number","9260"
"Goods vehicles","2024","N1 - Vehicles used for the carriage of goods and having a maximum mass not exceeding 3.5 tonnes","All fuel types","Main use (own account and hire or reward)","Co. Cork","Number","43018"
"Goods vehicles","2024","N1 - Vehicles used for the carriage of goods and having a maximum mass not exceeding 3.5 tonnes","All fuel types","Main use (own account and hire or reward)","Co. Cavan","Number","8759"
"Goods vehicles","2024","N1 - Vehicles used for the carriage of goods and having a maximum mass not exceeding 3.5 tonnes","All fuel types","Main use (own account and hire or reward)","Co. Carlow","Number","5763"
"Goods vehicles","2024","N1 - Vehicles used for the carriage of goods and having a maximum mass not exceeding 3.5 tonnes","All fuel types","Main use (own account and hire or reward)","Co. Donegal","Number","16603"
"Goods vehicles","2024","N1 - Vehicles used for the carriage of goods and having a maximum mass not exceeding 3.5 tonnes","All fuel types","Main use (own account and hire or reward)","Co. Dublin","Number","82391"
"Goods vehicles","2024","N1 - Vehicles used for the carriage of goods and having a maximum mass not exceeding 3.5 tonnes","All fuel types","Main use (own account and hire or reward)","Co. Galway","Number","20371"
"Goods vehicles","2024","N1 - Vehicles used for the carriage of goods and having a maximum mass not exceeding 3.5 tonnes","All fuel types","Main use (own account and hire or reward)","Co. Kildare","Number","17862"
"Goods vehicles","2024","N1 - Vehicles used for the carriage of goods and having a maximum mass not exceeding 3.5 tonnes","All fuel types","Main use (own account and hire or reward)","Co. Kilkenny","Number","8425"
"Goods vehicles","2024","N1 - Vehicles used for the carriage of goods and having a maximum mass not exceeding 3.5 tonnes","All fuel types","Main use (own account and hire or reward)","Co. Kerry","Number","12726"
"Goods vehicles","2024","N1 - Vehicles used for the carriage of goods and having a maximum mass not exceeding 3.5 tonnes","All fuel types","Main use (own account and hire or reward)","Co. Longford","Number","4160"
"Goods vehicles","2024","N1 - Vehicles used for the carriage of goods and having a maximum mass not exceeding 3.5 tonnes","All fuel types","Main use (own account and hire or reward)","Co. Louth","Number","8173"
"Goods vehicles","2024","N1 - Vehicles used for the carriage of goods and having a maximum mass not exceeding 3.5 tonnes","All fuel types","Main use (own account and hire or reward)","Co. Limerick","Number","13366"
"Goods vehicles","2024","N1 - Vehicles used for the carriage of goods and having a maximum mass not exceeding 3.5 tonnes","All fuel types","Main use (own account and hire or reward)","Co. Leitrim","Number","3706"
"Goods vehicles","2024","N1 - Vehicles used for the carriage of goods and having a maximum mass not exceeding 3.5 tonnes","All fuel types","Main use (own account and hire or reward)","Co. Laois","Number","6274"
"Goods vehicles","2024","N1 - Vehicles used for the carriage of goods and having a maximum mass not exceeding 3.5 tonnes","All fuel types","Main use (own account and hire or reward)","Co. Meath","Number","16052"
"Goods vehicles","2024","N1 - Vehicles used for the carriage of goods and having a maximum mass not exceeding 3.5 tonnes","All fuel types","Main use (own account and hire or reward)","Co. Monaghan","Number","7990"
"Goods vehicles","2024","N1 - Vehicles used for the carriage of goods and having a maximum mass not exceeding 3.5 tonnes","All fuel types","Main use (own account and hire or reward)","Co. Mayo","Number","13595"
"Goods vehicles","2024","N1 - Vehicles used for the carriage of goods and having a maximum mass not exceeding 3.5 tonnes","All fuel types","Main use (own account and hire or reward)","Co. Offaly","Number","6718"
"Goods vehicles","2024","N1 - Vehicles used for the carriage of goods and having a maximum mass not exceeding 3.5 tonnes","All fuel types","Main use (own account and hire or reward)","Co. Roscommon","Number","6443"
"Goods vehicles","2024","N1 - Vehicles used for the carriage of goods and having a maximum mass not exceeding 3.5 tonnes","All fuel types","Main use (own account and hire or reward)","Co. Sligo","Number","6174"
"Goods vehicles","2024","N1 - Vehicles used for the carriage of goods and having a maximum mass not exceeding 3.5 tonnes","All fuel types","Main use (own account and hire or reward)","Co. Tipperary","Number","14216"
"Goods vehicles","2024","N1 - Vehicles used for the carriage of goods and having a maximum mass not exceeding 3.5 tonnes","All fuel types","Main use (own account and hire or reward)","Co. Waterford","Number","7887"
"Goods vehicles","2024","N1 - Vehicles used for the carriage of goods and having a maximum mass not exceeding 3.5 tonnes","All fuel types","Main use (own account and hire or reward)","Co. Wicklow","Number","10380"
"Goods vehicles","2024","N1 - Vehicles used for the carriage of goods and having a maximum mass not exceeding 3.5 tonnes","All fuel types","Main use (own account and hire or reward)","Co. Westmeath","Number","8242"
"Goods vehicles","2024","N1 - Vehicles used for the carriage of goods and having a maximum mass not exceeding 3.5 tonnes","All fuel types","Main use (own account and hire or reward)","Co. Wexford","Number","13630"
"Goods vehicles","2024","N1 - Vehicles used for the carriage of goods and having a maximum mass not exceeding 3.5 tonnes","All fuel types","Main use (own account and hire or reward)","Ireland","Number","372184"
"Goods vehicles","2024","N1 - Vehicles used for the carriage of goods and having a maximum mass not exceeding 3.5 tonnes","All fuel types","Hire or reward","Co. Clare","Number","146"
"Goods vehicles","2024","N1 - Vehicles used for the carriage of goods and having a maximum mass not exceeding 3.5 tonnes","All fuel types","Hire or reward","Co. Cork","Number","1535"
"Goods vehicles","2024","N1 - Vehicles used for the carriage of goods and having a maximum mass not exceeding 3.5 tonnes","All fuel types","Hire or reward","Co. Cavan","Number","230"
"Goods vehicles","2024","N1 - Vehicles used for the carriage of goods and having a maximum mass not exceeding 3.5 tonnes","All fuel types","Hire or reward","Co. Carlow","Number","146"
"Goods vehicles","2024","N1 - Vehicles used for the carriage of goods and having a maximum mass not exceeding 3.5 tonnes","All fuel types","Hire or reward","Co. Donegal","Number","249"
"Goods vehicles","2024","N1 - Vehicles used for the carriage of goods and having a maximum mass not exceeding 3.5 tonnes","All fuel types","Hire or reward","Co. Dublin","Number","4922"
"Goods vehicles","2024","N1 - Vehicles used for the carriage of goods and having a maximum mass not exceeding 3.5 tonnes","All fuel types","Hire or reward","Co. Galway","Number","406"
"Goods vehicles","2024","N1 - Vehicles used for the carriage of goods and having a maximum mass not exceeding 3.5 tonnes","All fuel types","Hire or reward","Co. Kildare","Number","627"
"Goods vehicles","2024","N1 - Vehicles used for the carriage of goods and having a maximum mass not exceeding 3.5 tonnes","All fuel types","Hire or reward","Co. Kilkenny","Number","172"
"Goods vehicles","2024","N1 - Vehicles used for the carriage of goods and having a maximum mass not exceeding 3.5 tonnes","All fuel types","Hire or reward","Co. Kerry","Number","277"
"Goods vehicles","2024","N1 - Vehicles used for the carriage of goods and having a maximum mass not exceeding 3.5 tonnes","All fuel types","Hire or reward","Co. Longford","Number","83"
"Goods vehicles","2024","N1 - Vehicles used for the carriage of goods and having a maximum mass not exceeding 3.5 tonnes","All fuel types","Hire or reward","Co. Louth","Number","227"
"Goods vehicles","2024","N1 - Vehicles used for the carriage of goods and having a maximum mass not exceeding 3.5 tonnes","All fuel types","Hire or reward","Co. Limerick","Number","333"
"Goods vehicles","2024","N1 - Vehicles used for the carriage of goods and having a maximum mass not exceeding 3.5 tonnes","All fuel types","Hire or reward","Co. Leitrim","Number","115"
"Goods vehicles","2024","N1 - Vehicles used for the carriage of goods and having a maximum mass not exceeding 3.5 tonnes","All fuel types","Hire or reward","Co. Laois","Number","137"
"Goods vehicles","2024","N1 - Vehicles used for the carriage of goods and having a maximum mass not exceeding 3.5 tonnes","All fuel types","Hire or reward","Co. Meath","Number","371"
"Goods vehicles","2024","N1 - Vehicles used for the carriage of goods and having a maximum mass not exceeding 3.5 tonnes","All fuel types","Hire or reward","Co. Monaghan","Number","113"
"Goods vehicles","2024","N1 - Vehicles used for the carriage of goods and having a maximum mass not exceeding 3.5 tonnes","All fuel types","Hire or reward","Co. Mayo","Number","287"
"Goods vehicles","2024","N1 - Vehicles used for the carriage of goods and having a maximum mass not exceeding 3.5 tonnes","All fuel types","Hire or reward","Co. Offaly","Number","125"
"Goods vehicles","2024","N1 - Vehicles used for the carriage of goods and having a maximum mass not exceeding 3.5 tonnes","All fuel types","Hire or reward","Co. Roscommon","Number","173"
"Goods vehicles","2024","N1 - Vehicles used for the carriage of goods and having a maximum mass not exceeding 3.5 tonnes","All fuel types","Hire or reward","Co. Sligo","Number","222"
"Goods vehicles","2024","N1 - Vehicles used for the carriage of goods and having a maximum mass not exceeding 3.5 tonnes","All fuel types","Hire or reward","Co. Tipperary","Number","271"
"Goods vehicles","2024","N1 - Vehicles used for the carriage of goods and having a maximum mass not exceeding 3.5 tonnes","All fuel types","Hire or reward","Co. Waterford","Number","150"
"Goods vehicles","2024","N1 - Vehicles used for the carriage of goods and having a maximum mass not exceeding 3.5 tonnes","All fuel types","Hire or reward","Co. Wicklow","Number","357"
"Goods vehicles","2024","N1 - Vehicles used for the carriage of goods and having a maximum mass not exceeding 3.5 tonnes","All fuel types","Hire or reward","Co. Westmeath","Number","211"
"Goods vehicles","2024","N1 - Vehicles used for the carriage of goods and having a maximum mass not exceeding 3.5 tonnes","All fuel types","Hire or reward","Co. Wexford","Number","628"
"Goods vehicles","2024","N1 - Vehicles used for the carriage of goods and having a maximum mass not exceeding 3.5 tonnes","All fuel types","Hire or reward","Ireland","Number","12513"
"Goods vehicles","2024","N1 - Vehicles used for the carriage of goods and having a maximum mass not exceeding 3.5 tonnes","All fuel types","Own account","Co. Clare","Number","9114"
"Goods vehicles","2024","N1 - Vehicles used for the carriage of goods and having a maximum mass not exceeding 3.5 tonnes","All fuel types","Own account","Co. Cork","Number","41483"
"Goods vehicles","2024","N1 - Vehicles used for the carriage of goods and having a maximum mass not exceeding 3.5 tonnes","All fuel types","Own account","Co. Cavan","Number","8529"
"Goods vehicles","2024","N1 - Vehicles used for the carriage of goods and having a maximum mass not exceeding 3.5 tonnes","All fuel types","Own account","Co. Carlow","Number","5617"
"Goods vehicles","2024","N1 - Vehicles used for the carriage of goods and having a maximum mass not exceeding 3.5 tonnes","All fuel types","Own account","Co. Donegal","Number","16354"
"Goods vehicles","2024","N1 - Vehicles used for the carriage of goods and having a maximum mass not exceeding 3.5 tonnes","All fuel types","Own account","Co. Dublin","Number","77469"
"Goods vehicles","2024","N1 - Vehicles used for the carriage of goods and having a maximum mass not exceeding 3.5 tonnes","All fuel types","Own account","Co. Galway","Number","19965"
"Goods vehicles","2024","N1 - Vehicles used for the carriage of goods and having a maximum mass not exceeding 3.5 tonnes","All fuel types","Own account","Co. Kildare","Number","17235"
"Goods vehicles","2024","N1 - Vehicles used for the carriage of goods and having a maximum mass not exceeding 3.5 tonnes","All fuel types","Own account","Co. Kilkenny","Number","8253"
"Goods vehicles","2024","N1 - Vehicles used for the carriage of goods and having a maximum mass not exceeding 3.5 tonnes","All fuel types","Own account","Co. Kerry","Number","12449"
"Goods vehicles","2024","N1 - Vehicles used for the carriage of goods and having a maximum mass not exceeding 3.5 tonnes","All fuel types","Own account","Co. Longford","Number","4077"
"Goods vehicles","2024","N1 - Vehicles used for the carriage of goods and having a maximum mass not exceeding 3.5 tonnes","All fuel types","Own account","Co. Louth","Number","7946"
"Goods vehicles","2024","N1 - Vehicles used for the carriage of goods and having a maximum mass not exceeding 3.5 tonnes","All fuel types","Own account","Co. Limerick","Number","13033"
"Goods vehicles","2024","N1 - Vehicles used for the carriage of goods and having a maximum mass not exceeding 3.5 tonnes","All fuel types","Own account","Co. Leitrim","Number","3591"
"Goods vehicles","2024","N1 - Vehicles used for the carriage of goods and having a maximum mass not exceeding 3.5 tonnes","All fuel types","Own account","Co. Laois","Number","6137"
"Goods vehicles","2024","N1 - Vehicles used for the carriage of goods and having a maximum mass not exceeding 3.5 tonnes","All fuel types","Own account","Co. Meath","Number","15681"
"Goods vehicles","2024","N1 - Vehicles used for the carriage of goods and having a maximum mass not exceeding 3.5 tonnes","All fuel types","Own account","Co. Monaghan","Number","7877"
"Goods vehicles","2024","N1 - Vehicles used for the carriage of goods and having a maximum mass not exceeding 3.5 tonnes","All fuel types","Own account","Co. Mayo","Number","13308"
"Goods vehicles","2024","N1 - Vehicles used for the carriage of goods and having a maximum mass not exceeding 3.5 tonnes","All fuel types","Own account","Co. Offaly","Number","6593"
"Goods vehicles","2024","N1 - Vehicles used for the carriage of goods and having a maximum mass not exceeding 3.5 tonnes","All fuel types","Own account","Co. Roscommon","Number","6270"
"Goods vehicles","2024","N1 - Vehicles used for the carriage of goods and having a maximum mass not exceeding 3.5 tonnes","All fuel types","Own account","Co. Sligo","Number","5952"
"Goods vehicles","2024","N1 - Vehicles used for the carriage of goods and having a maximum mass not exceeding 3.5 tonnes","All fuel types","Own account","Co. Tipperary","Number","13945"
"Goods vehicles","2024","N1 - Vehicles used for the carriage of goods and having a maximum mass not exceeding 3.5 tonnes","All fuel types","Own account","Co. Waterford","Number","7737"
"Goods vehicles","2024","N1 - Vehicles used for the carriage of goods and having a maximum mass not exceeding 3.5 tonnes","All fuel types","Own account","Co. Wicklow","Number","10023"
"Goods vehicles","2024","N1 - Vehicles used for the carriage of goods and having a maximum mass not exceeding 3.5 tonnes","All fuel types","Own account","Co. Westmeath","Number","8031"
"Goods vehicles","2024","N1 - Vehicles used for the carriage of goods and having a maximum mass not exceeding 3.5 tonnes","All fuel types","Own account","Co. Wexford","Number","13002"
"Goods vehicles","2024","N1 - Vehicles used for the carriage of goods and having a maximum mass not exceeding 3.5 tonnes","All fuel types","Own account","Ireland","Number","359671"
"Goods vehicles","2024","N2 - Vehicles used for the carriage of goods and having a maximum mass exceeding 3.5 tonnes but not exceeding 12 tonnes","Diesel","Main use (own account and hire or reward)","Co. Clare","Number","202"
"Goods vehicles","2024","N2 - Vehicles used for the carriage of goods and having a maximum mass exceeding 3.5 tonnes but not exceeding 12 tonnes","Diesel","Main use (own account and hire or reward)","Co. Cork","Number","1145"
"Goods vehicles","2024","N2 - Vehicles used for the carriage of goods and having a maximum mass exceeding 3.5 tonnes but not exceeding 12 tonnes","Diesel","Main use (own account and hire or reward)","Co. Cavan","Number","133"
"Goods vehicles","2024","N2 - Vehicles used for the carriage of goods and having a maximum mass exceeding 3.5 tonnes but not exceeding 12 tonnes","Diesel","Main use (own account and hire or reward)","Co. Carlow","Number","143"
"Goods vehicles","2024","N2 - Vehicles used for the carriage of goods and having a maximum mass exceeding 3.5 tonnes but not exceeding 12 tonnes","Diesel","Main use (own account and hire or reward)","Co. Donegal","Number","237"
"Goods vehicles","2024","N2 - Vehicles used for the carriage of goods and having a maximum mass exceeding 3.5 tonnes but not exceeding 12 tonnes","Diesel","Main use (own account and hire or reward)","Co. Dublin","Number","2217"
"Goods vehicles","2024","N2 - Vehicles used for the carriage of goods and having a maximum mass exceeding 3.5 tonnes but not exceeding 12 tonnes","Diesel","Main use (own account and hire or reward)","Co. Galway","Number","426"
"Goods vehicles","2024","N2 - Vehicles used for the carriage of goods and having a maximum mass exceeding 3.5 tonnes but not exceeding 12 tonnes","Diesel","Main use (own account and hire or reward)","Co. Kildare","Number","403"
"Goods vehicles","2024","N2 - Vehicles used for the carriage of goods and having a maximum mass exceeding 3.5 tonnes but not exceeding 12 tonnes","Diesel","Main use (own account and hire or reward)","Co. Kilkenny","Number","231"
"Goods vehicles","2024","N2 - Vehicles used for the carriage of goods and having a maximum mass exceeding 3.5 tonnes but not exceeding 12 tonnes","Diesel","Main use (own account and hire or reward)","Co. Kerry","Number","330"
"Goods vehicles","2024","N2 - Vehicles used for the carriage of goods and having a maximum mass exceeding 3.5 tonnes but not exceeding 12 tonnes","Diesel","Main use (own account and hire or reward)","Co. Longford","Number","89"
"Goods vehicles","2024","N2 - Vehicles used for the carriage of goods and having a maximum mass exceeding 3.5 tonnes but not exceeding 12 tonnes","Diesel","Main use (own account and hire or reward)","Co. Louth","Number","193"
"Goods vehicles","2024","N2 - Vehicles used for the carriage of goods and having a maximum mass exceeding 3.5 tonnes but not exceeding 12 tonnes","Diesel","Main use (own account and hire or reward)","Co. Limerick","Number","421"
"Goods vehicles","2024","N2 - Vehicles used for the carriage of goods and having a maximum mass exceeding 3.5 tonnes but not exceeding 12 tonnes","Diesel","Main use (own account and hire or reward)","Co. Leitrim","Number","46"
"Goods vehicles","2024","N2 - Vehicles used for the carriage of goods and having a maximum mass exceeding 3.5 tonnes but not exceeding 12 tonnes","Diesel","Main use (own account and hire or reward)","Co. Laois","Number","136"
"Goods vehicles","2024","N2 - Vehicles used for the carriage of goods and having a maximum mass exceeding 3.5 tonnes but not exceeding 12 tonnes","Diesel","Main use (own account and hire or reward)","Co. Meath","Number","427"
"Goods vehicles","2024","N2 - Vehicles used for the carriage of goods and having a maximum mass exceeding 3.5 tonnes but not exceeding 12 tonnes","Diesel","Main use (own account and hire or reward)","Co. Monaghan","Number","121"
"Goods vehicles","2024","N2 - Vehicles used for the carriage of goods and having a maximum mass exceeding 3.5 tonnes but not exceeding 12 tonnes","Diesel","Main use (own account and hire or reward)","Co. Mayo","Number","416"
"Goods vehicles","2024","N2 - Vehicles used for the carriage of goods and having a maximum mass exceeding 3.5 tonnes but not exceeding 12 tonnes","Diesel","Main use (own account and hire or reward)","Co. Offaly","Number","188"
"Goods vehicles","2024","N2 - Vehicles used for the carriage of goods and having a maximum mass exceeding 3.5 tonnes but not exceeding 12 tonnes","Diesel","Main use (own account and hire or reward)","Co. Roscommon","Number","139"
"Goods vehicles","2024","N2 - Vehicles used for the carriage of goods and having a maximum mass exceeding 3.5 tonnes but not exceeding 12 tonnes","Diesel","Main use (own account and hire or reward)","Co. Sligo","Number","131"
"Goods vehicles","2024","N2 - Vehicles used for the carriage of goods and having a maximum mass exceeding 3.5 tonnes but not exceeding 12 tonnes","Diesel","Main use (own account and hire or reward)","Co. Tipperary","Number","357"
"Goods vehicles","2024","N2 - Vehicles used for the carriage of goods and having a maximum mass exceeding 3.5 tonnes but not exceeding 12 tonnes","Diesel","Main use (own account and hire or reward)","Co. Waterford","Number","181"
"Goods vehicles","2024","N2 - Vehicles used for the carriage of goods and having a maximum mass exceeding 3.5 tonnes but not exceeding 12 tonnes","Diesel","Main use (own account and hire or reward)","Co. Wicklow","Number","303"
"Goods vehicles","2024","N2 - Vehicles used for the carriage of goods and having a maximum mass exceeding 3.5 tonnes but not exceeding 12 tonnes","Diesel","Main use (own account and hire or reward)","Co. Westmeath","Number","180"
"Goods vehicles","2024","N2 - Vehicles used for the carriage of goods and having a maximum mass exceeding 3.5 tonnes but not exceeding 12 tonnes","Diesel","Main use (own account and hire or reward)","Co. Wexford","Number","414"
"Goods vehicles","2024","N2 - Vehicles used for the carriage of goods and having a maximum mass exceeding 3.5 tonnes but not exceeding 12 tonnes","Diesel","Main use (own account and hire or reward)","Ireland","Number","9209"
"Goods vehicles","2024","N2 - Vehicles used for the carriage of goods and having a maximum mass exceeding 3.5 tonnes but not exceeding 12 tonnes","Diesel","Hire or reward","Co. Clare","Number","82"
"Goods vehicles","2024","N2 - Vehicles used for the carriage of goods and having a maximum mass exceeding 3.5 tonnes but not exceeding 12 tonnes","Diesel","Hire or reward","Co. Cork","Number","131"
"Goods vehicles","2024","N2 - Vehicles used for the carriage of goods and having a maximum mass exceeding 3.5 tonnes but not exceeding 12 tonnes","Diesel","Hire or reward","Co. Cavan","Number","21"
"Goods vehicles","2024","N2 - Vehicles used for the carriage of goods and having a maximum mass exceeding 3.5 tonnes but not exceeding 12 tonnes","Diesel","Hire or reward","Co. Carlow","Number","9"
"Goods vehicles","2024","N2 - Vehicles used for the carriage of goods and having a maximum mass exceeding 3.5 tonnes but not exceeding 12 tonnes","Diesel","Hire or reward","Co. Donegal","Number","47"
"Goods vehicles","2024","N2 - Vehicles used for the carriage of goods and having a maximum mass exceeding 3.5 tonnes but not exceeding 12 tonnes","Diesel","Hire or reward","Co. Dublin","Number","202"
"Goods vehicles","2024","N2 - Vehicles used for the carriage of goods and having a maximum mass exceeding 3.5 tonnes but not exceeding 12 tonnes","Diesel","Hire or reward","Co. Galway","Number","36"
"Goods vehicles","2024","N2 - Vehicles used for the carriage of goods and having a maximum mass exceeding 3.5 tonnes but not exceeding 12 tonnes","Diesel","Hire or reward","Co. Kildare","Number","31"
"Goods vehicles","2024","N2 - Vehicles used for the carriage of goods and having a maximum mass exceeding 3.5 tonnes but not exceeding 12 tonnes","Diesel","Hire or reward","Co. Kilkenny","Number","16"
"Goods vehicles","2024","N2 - Vehicles used for the carriage of goods and having a maximum mass exceeding 3.5 tonnes but not exceeding 12 tonnes","Diesel","Hire or reward","Co. Kerry","Number","28"
"Goods vehicles","2024","N2 - Vehicles used for the carriage of goods and having a maximum mass exceeding 3.5 tonnes but not exceeding 12 tonnes","Diesel","Hire or reward","Co. Longford","Number","7"
"Goods vehicles","2024","N2 - Vehicles used for the carriage of goods and having a maximum mass exceeding 3.5 tonnes but not exceeding 12 tonnes","Diesel","Hire or reward","Co. Louth","Number","27"
"Goods vehicles","2024","N2 - Vehicles used for the carriage of goods and having a maximum mass exceeding 3.5 tonnes but not exceeding 12 tonnes","Diesel","Hire or reward","Co. Limerick","Number","33"
"Goods vehicles","2024","N2 - Vehicles used for the carriage of goods and having a maximum mass exceeding 3.5 tonnes but not exceeding 12 tonnes","Diesel","Hire or reward","Co. Leitrim","Number","6"
"Goods vehicles","2024","N2 - Vehicles used for the carriage of goods and having a maximum mass exceeding 3.5 tonnes but not exceeding 12 tonnes","Diesel","Hire or reward","Co. Laois","Number","10"
"Goods vehicles","2024","N2 - Vehicles used for the carriage of goods and having a maximum mass exceeding 3.5 tonnes but not exceeding 12 tonnes","Diesel","Hire or reward","Co. Meath","Number","45"
"Goods vehicles","2024","N2 - Vehicles used for the carriage of goods and having a maximum mass exceeding 3.5 tonnes but not exceeding 12 tonnes","Diesel","Hire or reward","Co. Monaghan","Number","10"
"Goods vehicles","2024","N2 - Vehicles used for the carriage of goods and having a maximum mass exceeding 3.5 tonnes but not exceeding 12 tonnes","Diesel","Hire or reward","Co. Mayo","Number","14"
"Goods vehicles","2024","N2 - Vehicles used for the carriage of goods and having a maximum mass exceeding 3.5 tonnes but not exceeding 12 tonnes","Diesel","Hire or reward","Co. Offaly","Number","29"
"Goods vehicles","2024","N2 - Vehicles used for the carriage of goods and having a maximum mass exceeding 3.5 tonnes but not exceeding 12 tonnes","Diesel","Hire or reward","Co. Roscommon","Number","16"
"Goods vehicles","2024","N2 - Vehicles used for the carriage of goods and having a maximum mass exceeding 3.5 tonnes but not exceeding 12 tonnes","Diesel","Hire or reward","Co. Sligo","Number","22"
"Goods vehicles","2024","N2 - Vehicles used for the carriage of goods and having a maximum mass exceeding 3.5 tonnes but not exceeding 12 tonnes","Diesel","Hire or reward","Co. Tipperary","Number","39"
"Goods vehicles","2024","N2 - Vehicles used for the carriage of goods and having a maximum mass exceeding 3.5 tonnes but not exceeding 12 tonnes","Diesel","Hire or reward","Co. Waterford","Number","6"
"Goods vehicles","2024","N2 - Vehicles used for the carriage of goods and having a maximum mass exceeding 3.5 tonnes but not exceeding 12 tonnes","Diesel","Hire or reward","Co. Wicklow","Number","36"
"Goods vehicles","2024","N2 - Vehicles used for the carriage of goods and having a maximum mass exceeding 3.5 tonnes but not exceeding 12 tonnes","Diesel","Hire or reward","Co. Westmeath","Number","40"
"Goods vehicles","2024","N2 - Vehicles used for the carriage of goods and having a maximum mass exceeding 3.5 tonnes but not exceeding 12 tonnes","Diesel","Hire or reward","Co. Wexford","Number","41"
"Goods vehicles","2024","N2 - Vehicles used for the carriage of goods and having a maximum mass exceeding 3.5 tonnes but not exceeding 12 tonnes","Diesel","Hire or reward","Ireland","Number","984"
"Goods vehicles","2024","N2 - Vehicles used for the carriage of goods and having a maximum mass exceeding 3.5 tonnes but not exceeding 12 tonnes","Diesel","Own account","Co. Clare","Number","120"
"Goods vehicles","2024","N2 - Vehicles used for the carriage of goods and having a maximum mass exceeding 3.5 tonnes but not exceeding 12 tonnes","Diesel","Own account","Co. Cork","Number","1014"
"Goods vehicles","2024","N2 - Vehicles used for the carriage of goods and having a maximum mass exceeding 3.5 tonnes but not exceeding 12 tonnes","Diesel","Own account","Co. Cavan","Number","112"
"Goods vehicles","2024","N2 - Vehicles used for the carriage of goods and having a maximum mass exceeding 3.5 tonnes but not exceeding 12 tonnes","Diesel","Own account","Co. Carlow","Number","134"
"Goods vehicles","2024","N2 - Vehicles used for the carriage of goods and having a maximum mass exceeding 3.5 tonnes but not exceeding 12 tonnes","Diesel","Own account","Co. Donegal","Number","190"
"Goods vehicles","2024","N2 - Vehicles used for the carriage of goods and having a maximum mass exceeding 3.5 tonnes but not exceeding 12 tonnes","Diesel","Own account","Co. Dublin","Number","2015"
"Goods vehicles","2024","N2 - Vehicles used for the carriage of goods and having a maximum mass exceeding 3.5 tonnes but not exceeding 12 tonnes","Diesel","Own account","Co. Galway","Number","390"
"Goods vehicles","2024","N2 - Vehicles used for the carriage of goods and having a maximum mass exceeding 3.5 tonnes but not exceeding 12 tonnes","Diesel","Own account","Co. Kildare","Number","372"
"Goods vehicles","2024","N2 - Vehicles used for the carriage of goods and having a maximum mass exceeding 3.5 tonnes but not exceeding 12 tonnes","Diesel","Own account","Co. Kilkenny","Number","215"
"Goods vehicles","2024","N2 - Vehicles used for the carriage of goods and having a maximum mass exceeding 3.5 tonnes but not exceeding 12 tonnes","Diesel","Own account","Co. Kerry","Number","302"
"Goods vehicles","2024","N2 - Vehicles used for the carriage of goods and having a maximum mass exceeding 3.5 tonnes but not exceeding 12 tonnes","Diesel","Own account","Co. Longford","Number","82"
"Goods vehicles","2024","N2 - Vehicles used for the carriage of goods and having a maximum mass exceeding 3.5 tonnes but not exceeding 12 tonnes","Diesel","Own account","Co. Louth","Number","166"
"Goods vehicles","2024","N2 - Vehicles used for the carriage of goods and having a maximum mass exceeding 3.5 tonnes but not exceeding 12 tonnes","Diesel","Own account","Co. Limerick","Number","388"
"Goods vehicles","2024","N2 - Vehicles used for the carriage of goods and having a maximum mass exceeding 3.5 tonnes but not exceeding 12 tonnes","Diesel","Own account","Co. Leitrim","Number","40"
"Goods vehicles","2024","N2 - Vehicles used for the carriage of goods and having a maximum mass exceeding 3.5 tonnes but not exceeding 12 tonnes","Diesel","Own account","Co. Laois","Number","126"
"Goods vehicles","2024","N2 - Vehicles used for the carriage of goods and having a maximum mass exceeding 3.5 tonnes but not exceeding 12 tonnes","Diesel","Own account","Co. Meath","Number","382"
"Goods vehicles","2024","N2 - Vehicles used for the carriage of goods and having a maximum mass exceeding 3.5 tonnes but not exceeding 12 tonnes","Diesel","Own account","Co. Monaghan","Number","111"
"Goods vehicles","2024","N2 - Vehicles used for the carriage of goods and having a maximum mass exceeding 3.5 tonnes but not exceeding 12 tonnes","Diesel","Own account","Co. Mayo","Number","402"
"Goods vehicles","2024","N2 - Vehicles used for the carriage of goods and having a maximum mass exceeding 3.5 tonnes but not exceeding 12 tonnes","Diesel","Own account","Co. Offaly","Number","159"
"Goods vehicles","2024","N2 - Vehicles used for the carriage of goods and having a maximum mass exceeding 3.5 tonnes but not exceeding 12 tonnes","Diesel","Own account","Co. Roscommon","Number","123"
"Goods vehicles","2024","N2 - Vehicles used for the carriage of goods and having a maximum mass exceeding 3.5 tonnes but not exceeding 12 tonnes","Diesel","Own account","Co. Sligo","Number","109"
"Goods vehicles","2024","N2 - Vehicles used for the carriage of goods and having a maximum mass exceeding 3.5 tonnes but not exceeding 12 tonnes","Diesel","Own account","Co. Tipperary","Number","318"
"Goods vehicles","2024","N2 - Vehicles used for the carriage of goods and having a maximum mass exceeding 3.5 tonnes but not exceeding 12 tonnes","Diesel","Own account","Co. Waterford","Number","175"
"Goods vehicles","2024","N2 - Vehicles used for the carriage of goods and having a maximum mass exceeding 3.5 tonnes but not exceeding 12 tonnes","Diesel","Own account","Co. Wicklow","Number","267"
"Goods vehicles","2024","N2 - Vehicles used for the carriage of goods and having a maximum mass exceeding 3.5 tonnes but not exceeding 12 tonnes","Diesel","Own account","Co. Westmeath","Number","140"
"Goods vehicles","2024","N2 - Vehicles used for the carriage of goods and having a maximum mass exceeding 3.5 tonnes but not exceeding 12 tonnes","Diesel","Own account","Co. Wexford","Number","373"
"Goods vehicles","2024","N2 - Vehicles used for the carriage of goods and having a maximum mass exceeding 3.5 tonnes but not exceeding 12 tonnes","Diesel","Own account","Ireland","Number","8225"
"Goods vehicles","2024","N2 - Vehicles used for the carriage of goods and having a maximum mass exceeding 3.5 tonnes but not exceeding 12 tonnes","Battery Electric Vehicles (BEV)","Main use (own account and hire or reward)","Co. Clare","Number","1"
"Goods vehicles","2024","N2 - Vehicles used for the carriage of goods and having a maximum mass exceeding 3.5 tonnes but not exceeding 12 tonnes","Battery Electric Vehicles (BEV)","Main use (own account and hire or reward)","Co. Cork","Number","2"
"Goods vehicles","2024","N2 - Vehicles used for the carriage of goods and having a maximum mass exceeding 3.5 tonnes but not exceeding 12 tonnes","Battery Electric Vehicles (BEV)","Main use (own account and hire or reward)","Co. Cavan","Number",""
"Goods vehicles","2024","N2 - Vehicles used for the carriage of goods and having a maximum mass exceeding 3.5 tonnes but not exceeding 12 tonnes","Battery Electric Vehicles (BEV)","Main use (own account and hire or reward)","Co. Carlow","Number",""
"Goods vehicles","2024","N2 - Vehicles used for the carriage of goods and having a maximum mass exceeding 3.5 tonnes but not exceeding 12 tonnes","Battery Electric Vehicles (BEV)","Main use (own account and hire or reward)","Co. Donegal","Number",""
"Goods vehicles","2024","N2 - Vehicles used for the carriage of goods and having a maximum mass exceeding 3.5 tonnes but not exceeding 12 tonnes","Battery Electric Vehicles (BEV)","Main use (own account and hire or reward)","Co. Dublin","Number","25"
"Goods vehicles","2024","N2 - Vehicles used for the carriage of goods and having a maximum mass exceeding 3.5 tonnes but not exceeding 12 tonnes","Battery Electric Vehicles (BEV)","Main use (own account and hire or reward)","Co. Galway","Number",""
"Goods vehicles","2024","N2 - Vehicles used for the carriage of goods and having a maximum mass exceeding 3.5 tonnes but not exceeding 12 tonnes","Battery Electric Vehicles (BEV)","Main use (own account and hire or reward)","Co. Kildare","Number",""
"Goods vehicles","2024","N2 - Vehicles used for the carriage of goods and having a maximum mass exceeding 3.5 tonnes but not exceeding 12 tonnes","Battery Electric Vehicles (BEV)","Main use (own account and hire or reward)","Co. Kilkenny","Number",""
"Goods vehicles","2024","N2 - Vehicles used for the carriage of goods and having a maximum mass exceeding 3.5 tonnes but not exceeding 12 tonnes","Battery Electric Vehicles (BEV)","Main use (own account and hire or reward)","Co. Kerry","Number",""
"Goods vehicles","2024","N2 - Vehicles used for the carriage of goods and having a maximum mass exceeding 3.5 tonnes but not exceeding 12 tonnes","Battery Electric Vehicles (BEV)","Main use (own account and hire or reward)","Co. Longford","Number",""
"Goods vehicles","2024","N2 - Vehicles used for the carriage of goods and having a maximum mass exceeding 3.5 tonnes but not exceeding 12 tonnes","Battery Electric Vehicles (BEV)","Main use (own account and hire or reward)","Co. Louth","Number",""
"Goods vehicles","2024","N2 - Vehicles used for the carriage of goods and having a maximum mass exceeding 3.5 tonnes but not exceeding 12 tonnes","Battery Electric Vehicles (BEV)","Main use (own account and hire or reward)","Co. Limerick","Number",""
"Goods vehicles","2024","N2 - Vehicles used for the carriage of goods and having a maximum mass exceeding 3.5 tonnes but not exceeding 12 tonnes","Battery Electric Vehicles (BEV)","Main use (own account and hire or reward)","Co. Leitrim","Number",""
"Goods vehicles","2024","N2 - Vehicles used for the carriage of goods and having a maximum mass exceeding 3.5 tonnes but not exceeding 12 tonnes","Battery Electric Vehicles (BEV)","Main use (own account and hire or reward)","Co. Laois","Number",""
"Goods vehicles","2024","N2 - Vehicles used for the carriage of goods and having a maximum mass exceeding 3.5 tonnes but not exceeding 12 tonnes","Battery Electric Vehicles (BEV)","Main use (own account and hire or reward)","Co. Meath","Number",""
"Goods vehicles","2024","N2 - Vehicles used for the carriage of goods and having a maximum mass exceeding 3.5 tonnes but not exceeding 12 tonnes","Battery Electric Vehicles (BEV)","Main use (own account and hire or reward)","Co. Monaghan","Number",""
"Goods vehicles","2024","N2 - Vehicles used for the carriage of goods and having a maximum mass exceeding 3.5 tonnes but not exceeding 12 tonnes","Battery Electric Vehicles (BEV)","Main use (own account and hire or reward)","Co. Mayo","Number",""
"Goods vehicles","2024","N2 - Vehicles used for the carriage of goods and having a maximum mass exceeding 3.5 tonnes but not exceeding 12 tonnes","Battery Electric Vehicles (BEV)","Main use (own account and hire or reward)","Co. Offaly","Number",""
"Goods vehicles","2024","N2 - Vehicles used for the carriage of goods and having a maximum mass exceeding 3.5 tonnes but not exceeding 12 tonnes","Battery Electric Vehicles (BEV)","Main use (own account and hire or reward)","Co. Roscommon","Number",""
"Goods vehicles","2024","N2 - Vehicles used for the carriage of goods and having a maximum mass exceeding 3.5 tonnes but not exceeding 12 tonnes","Battery Electric Vehicles (BEV)","Main use (own account and hire or reward)","Co. Sligo","Number",""
"Goods vehicles","2024","N2 - Vehicles used for the carriage of goods and having a maximum mass exceeding 3.5 tonnes but not exceeding 12 tonnes","Battery Electric Vehicles (BEV)","Main use (own account and hire or reward)","Co. Tipperary","Number",""
"Goods vehicles","2024","N2 - Vehicles used for the carriage of goods and having a maximum mass exceeding 3.5 tonnes but not exceeding 12 tonnes","Battery Electric Vehicles (BEV)","Main use (own account and hire or reward)","Co. Waterford","Number",""
"Goods vehicles","2024","N2 - Vehicles used for the carriage of goods and having a maximum mass exceeding 3.5 tonnes but not exceeding 12 tonnes","Battery Electric Vehicles (BEV)","Main use (own account and hire or reward)","Co. Wicklow","Number",""
"Goods vehicles","2024","N2 - Vehicles used for the carriage of goods and having a maximum mass exceeding 3.5 tonnes but not exceeding 12 tonnes","Battery Electric Vehicles (BEV)","Main use (own account and hire or reward)","Co. Westmeath","Number",""
"Goods vehicles","2024","N2 - Vehicles used for the carriage of goods and having a maximum mass exceeding 3.5 tonnes but not exceeding 12 tonnes","Battery Electric Vehicles (BEV)","Main use (own account and hire or reward)","Co. Wexford","Number",""
"Goods vehicles","2024","N2 - Vehicles used for the carriage of goods and having a maximum mass exceeding 3.5 tonnes but not exceeding 12 tonnes","Battery Electric Vehicles (BEV)","Main use (own account and hire or reward)","Ireland","Number","28"
"Goods vehicles","2024","N2 - Vehicles used for the carriage of goods and having a maximum mass exceeding 3.5 tonnes but not exceeding 12 tonnes","Battery Electric Vehicles (BEV)","Hire or reward","Co. Clare","Number",""
"Goods vehicles","2024","N2 - Vehicles used for the carriage of goods and having a maximum mass exceeding 3.5 tonnes but not exceeding 12 tonnes","Battery Electric Vehicles (BEV)","Hire or reward","Co. Cork","Number",""
"Goods vehicles","2024","N2 - Vehicles used for the carriage of goods and having a maximum mass exceeding 3.5 tonnes but not exceeding 12 tonnes","Battery Electric Vehicles (BEV)","Hire or reward","Co. Cavan","Number",""
"Goods vehicles","2024","N2 - Vehicles used for the carriage of goods and having a maximum mass exceeding 3.5 tonnes but not exceeding 12 tonnes","Battery Electric Vehicles (BEV)","Hire or reward","Co. Carlow","Number",""
"Goods vehicles","2024","N2 - Vehicles used for the carriage of goods and having a maximum mass exceeding 3.5 tonnes but not exceeding 12 tonnes","Battery Electric Vehicles (BEV)","Hire or reward","Co. Donegal","Number",""
"Goods vehicles","2024","N2 - Vehicles used for the carriage of goods and having a maximum mass exceeding 3.5 tonnes but not exceeding 12 tonnes","Battery Electric Vehicles (BEV)","Hire or reward","Co. Dublin","Number","2"
"Goods vehicles","2024","N2 - Vehicles used for the carriage of goods and having a maximum mass exceeding 3.5 tonnes but not exceeding 12 tonnes","Battery Electric Vehicles (BEV)","Hire or reward","Co. Galway","Number",""
"Goods vehicles","2024","N2 - Vehicles used for the carriage of goods and having a maximum mass exceeding 3.5 tonnes but not exceeding 12 tonnes","Battery Electric Vehicles (BEV)","Hire or reward","Co. Kildare","Number",""
"Goods vehicles","2024","N2 - Vehicles used for the carriage of goods and having a maximum mass exceeding 3.5 tonnes but not exceeding 12 tonnes","Battery Electric Vehicles (BEV)","Hire or reward","Co. Kilkenny","Number",""
"Goods vehicles","2024","N2 - Vehicles used for the carriage of goods and having a maximum mass exceeding 3.5 tonnes but not exceeding 12 tonnes","Battery Electric Vehicles (BEV)","Hire or reward","Co. Kerry","Number",""
"Goods vehicles","2024","N2 - Vehicles used for the carriage of goods and having a maximum mass exceeding 3.5 tonnes but not exceeding 12 tonnes","Battery Electric Vehicles (BEV)","Hire or reward","Co. Longford","Number",""
"Goods vehicles","2024","N2 - Vehicles used for the carriage of goods and having a maximum mass exceeding 3.5 tonnes but not exceeding 12 tonnes","Battery Electric Vehicles (BEV)","Hire or reward","Co. Louth","Number",""
"Goods vehicles","2024","N2 - Vehicles used for the carriage of goods and having a maximum mass exceeding 3.5 tonnes but not exceeding 12 tonnes","Battery Electric Vehicles (BEV)","Hire or reward","Co. Limerick","Number",""
"Goods vehicles","2024","N2 - Vehicles used for the carriage of goods and having a maximum mass exceeding 3.5 tonnes but not exceeding 12 tonnes","Battery Electric Vehicles (BEV)","Hire or reward","Co. Leitrim","Number",""
"Goods vehicles","2024","N2 - Vehicles used for the carriage of goods and having a maximum mass exceeding 3.5 tonnes but not exceeding 12 tonnes","Battery Electric Vehicles (BEV)","Hire or reward","Co. Laois","Number",""
"Goods vehicles","2024","N2 - Vehicles used for the carriage of goods and having a maximum mass exceeding 3.5 tonnes but not exceeding 12 tonnes","Battery Electric Vehicles (BEV)","Hire or reward","Co. Meath","Number",""
"Goods vehicles","2024","N2 - Vehicles used for the carriage of goods and having a maximum mass exceeding 3.5 tonnes but not exceeding 12 tonnes","Battery Electric Vehicles (BEV)","Hire or reward","Co. Monaghan","Number",""
"Goods vehicles","2024","N2 - Vehicles used for the carriage of goods and having a maximum mass exceeding 3.5 tonnes but not exceeding 12 tonnes","Battery Electric Vehicles (BEV)","Hire or reward","Co. Mayo","Number",""
"Goods vehicles","2024","N2 - Vehicles used for the carriage of goods and having a maximum mass exceeding 3.5 tonnes but not exceeding 12 tonnes","Battery Electric Vehicles (BEV)","Hire or reward","Co. Offaly","Number",""
"Goods vehicles","2024","N2 - Vehicles used for the carriage of goods and having a maximum mass exceeding 3.5 tonnes but not exceeding 12 tonnes","Battery Electric Vehicles (BEV)","Hire or reward","Co. Roscommon","Number",""
"Goods vehicles","2024","N2 - Vehicles used for the carriage of goods and having a maximum mass exceeding 3.5 tonnes but not exceeding 12 tonnes","Battery Electric Vehicles (BEV)","Hire or reward","Co. Sligo","Number",""
"Goods vehicles","2024","N2 - Vehicles used for the carriage of goods and having a maximum mass exceeding 3.5 tonnes but not exceeding 12 tonnes","Battery Electric Vehicles (BEV)","Hire or reward","Co. Tipperary","Number",""
"Goods vehicles","2024","N2 - Vehicles used for the carriage of goods and having a maximum mass exceeding 3.5 tonnes but not exceeding 12 tonnes","Battery Electric Vehicles (BEV)","Hire or reward","Co. Waterford","Number",""
"Goods vehicles","2024","N2 - Vehicles used for the carriage of goods and having a maximum mass exceeding 3.5 tonnes but not exceeding 12 tonnes","Battery Electric Vehicles (BEV)","Hire or reward","Co. Wicklow","Number",""
"Goods vehicles","2024","N2 - Vehicles used for the carriage of goods and having a maximum mass exceeding 3.5 tonnes but not exceeding 12 tonnes","Battery Electric Vehicles (BEV)","Hire or reward","Co. Westmeath","Number",""
"Goods vehicles","2024","N2 - Vehicles used for the carriage of goods and having a maximum mass exceeding 3.5 tonnes but not exceeding 12 tonnes","Battery Electric Vehicles (BEV)","Hire or reward","Co. Wexford","Number",""
"Goods vehicles","2024","N2 - Vehicles used for the carriage of goods and having a maximum mass exceeding 3.5 tonnes but not exceeding 12 tonnes","Battery Electric Vehicles (BEV)","Hire or reward","Ireland","Number","2"
"Goods vehicles","2024","N2 - Vehicles used for the carriage of goods and having a maximum mass exceeding 3.5 tonnes but not exceeding 12 tonnes","Battery Electric Vehicles (BEV)","Own account","Co. Clare","Number","1"
"Goods vehicles","2024","N2 - Vehicles used for the carriage of goods and having a maximum mass exceeding 3.5 tonnes but not exceeding 12 tonnes","Battery Electric Vehicles (BEV)","Own account","Co. Cork","Number","2"
"Goods vehicles","2024","N2 - Vehicles used for the carriage of goods and having a maximum mass exceeding 3.5 tonnes but not exceeding 12 tonnes","Battery Electric Vehicles (BEV)","Own account","Co. Cavan","Number",""
"Goods vehicles","2024","N2 - Vehicles used for the carriage of goods and having a maximum mass exceeding 3.5 tonnes but not exceeding 12 tonnes","Battery Electric Vehicles (BEV)","Own account","Co. Carlow","Number",""
"Goods vehicles","2024","N2 - Vehicles used for the carriage of goods and having a maximum mass exceeding 3.5 tonnes but not exceeding 12 tonnes","Battery Electric Vehicles (BEV)","Own account","Co. Donegal","Number",""
"Goods vehicles","2024","N2 - Vehicles used for the carriage of goods and having a maximum mass exceeding 3.5 tonnes but not exceeding 12 tonnes","Battery Electric Vehicles (BEV)","Own account","Co. Dublin","Number","23"
"Goods vehicles","2024","N2 - Vehicles used for the carriage of goods and having a maximum mass exceeding 3.5 tonnes but not exceeding 12 tonnes","Battery Electric Vehicles (BEV)","Own account","Co. Galway","Number",""
"Goods vehicles","2024","N2 - Vehicles used for the carriage of goods and having a maximum mass exceeding 3.5 tonnes but not exceeding 12 tonnes","Battery Electric Vehicles (BEV)","Own account","Co. Kildare","Number",""
"Goods vehicles","2024","N2 - Vehicles used for the carriage of goods and having a maximum mass exceeding 3.5 tonnes but not exceeding 12 tonnes","Battery Electric Vehicles (BEV)","Own account","Co. Kilkenny","Number",""
"Goods vehicles","2024","N2 - Vehicles used for the carriage of goods and having a maximum mass exceeding 3.5 tonnes but not exceeding 12 tonnes","Battery Electric Vehicles (BEV)","Own account","Co. Kerry","Number",""
"Goods vehicles","2024","N2 - Vehicles used for the carriage of goods and having a maximum mass exceeding 3.5 tonnes but not exceeding 12 tonnes","Battery Electric Vehicles (BEV)","Own account","Co. Longford","Number",""
"Goods vehicles","2024","N2 - Vehicles used for the carriage of goods and having a maximum mass exceeding 3.5 tonnes but not exceeding 12 tonnes","Battery Electric Vehicles (BEV)","Own account","Co. Louth","Number",""
"Goods vehicles","2024","N2 - Vehicles used for the carriage of goods and having a maximum mass exceeding 3.5 tonnes but not exceeding 12 tonnes","Battery Electric Vehicles (BEV)","Own account","Co. Limerick","Number",""
"Goods vehicles","2024","N2 - Vehicles used for the carriage of goods and having a maximum mass exceeding 3.5 tonnes but not exceeding 12 tonnes","Battery Electric Vehicles (BEV)","Own account","Co. Leitrim","Number",""
"Goods vehicles","2024","N2 - Vehicles used for the carriage of goods and having a maximum mass exceeding 3.5 tonnes but not exceeding 12 tonnes","Battery Electric Vehicles (BEV)","Own account","Co. Laois","Number",""
"Goods vehicles","2024","N2 - Vehicles used for the carriage of goods and having a maximum mass exceeding 3.5 tonnes but not exceeding 12 tonnes","Battery Electric Vehicles (BEV)","Own account","Co. Meath","Number",""
"Goods vehicles","2024","N2 - Vehicles used for the carriage of goods and having a maximum mass exceeding 3.5 tonnes but not exceeding 12 tonnes","Battery Electric Vehicles (BEV)","Own account","Co. Monaghan","Number",""
"Goods vehicles","2024","N2 - Vehicles used for the carriage of goods and having a maximum mass exceeding 3.5 tonnes but not exceeding 12 tonnes","Battery Electric Vehicles (BEV)","Own account","Co. Mayo","Number",""
"Goods vehicles","2024","N2 - Vehicles used for the carriage of goods and having a maximum mass exceeding 3.5 tonnes but not exceeding 12 tonnes","Battery Electric Vehicles (BEV)","Own account","Co. Offaly","Number",""
"Goods vehicles","2024","N2 - Vehicles used for the carriage of goods and having a maximum mass exceeding 3.5 tonnes but not exceeding 12 tonnes","Battery Electric Vehicles (BEV)","Own account","Co. Roscommon","Number",""
"Goods vehicles","2024","N2 - Vehicles used for the carriage of goods and having a maximum mass exceeding 3.5 tonnes but not exceeding 12 tonnes","Battery Electric Vehicles (BEV)","Own account","Co. Sligo","Number",""
"Goods vehicles","2024","N2 - Vehicles used for the carriage of goods and having a maximum mass exceeding 3.5 tonnes but not exceeding 12 tonnes","Battery Electric Vehicles (BEV)","Own account","Co. Tipperary","Number",""
"Goods vehicles","2024","N2 - Vehicles used for the carriage of goods and having a maximum mass exceeding 3.5 tonnes but not exceeding 12 tonnes","Battery Electric Vehicles (BEV)","Own account","Co. Waterford","Number",""
"Goods vehicles","2024","N2 - Vehicles used for the carriage of goods and having a maximum mass exceeding 3.5 tonnes but not exceeding 12 tonnes","Battery Electric Vehicles (BEV)","Own account","Co. Wicklow","Number",""
"Goods vehicles","2024","N2 - Vehicles used for the carriage of goods and having a maximum mass exceeding 3.5 tonnes but not exceeding 12 tonnes","Battery Electric Vehicles (BEV)","Own account","Co. Westmeath","Number",""
"Goods vehicles","2024","N2 - Vehicles used for the carriage of goods and having a maximum mass exceeding 3.5 tonnes but not exceeding 12 tonnes","Battery Electric Vehicles (BEV)","Own account","Co. Wexford","Number",""
"Goods vehicles","2024","N2 - Vehicles used for the carriage of goods and having a maximum mass exceeding 3.5 tonnes but not exceeding 12 tonnes","Battery Electric Vehicles (BEV)","Own account","Ireland","Number","26"
"Goods vehicles","2024","N2 - Vehicles used for the carriage of goods and having a maximum mass exceeding 3.5 tonnes but not exceeding 12 tonnes","Plug-in hybrid electric vehicles (PHEV)","Main use (own account and hire or reward)","Co. Clare","Number",""
"Goods vehicles","2024","N2 - Vehicles used for the carriage of goods and having a maximum mass exceeding 3.5 tonnes but not exceeding 12 tonnes","Plug-in hybrid electric vehicles (PHEV)","Main use (own account and hire or reward)","Co. Cork","Number",""
"Goods vehicles","2024","N2 - Vehicles used for the carriage of goods and having a maximum mass exceeding 3.5 tonnes but not exceeding 12 tonnes","Plug-in hybrid electric vehicles (PHEV)","Main use (own account and hire or reward)","Co. Cavan","Number",""
"Goods vehicles","2024","N2 - Vehicles used for the carriage of goods and having a maximum mass exceeding 3.5 tonnes but not exceeding 12 tonnes","Plug-in hybrid electric vehicles (PHEV)","Main use (own account and hire or reward)","Co. Carlow","Number",""
"Goods vehicles","2024","N2 - Vehicles used for the carriage of goods and having a maximum mass exceeding 3.5 tonnes but not exceeding 12 tonnes","Plug-in hybrid electric vehicles (PHEV)","Main use (own account and hire or reward)","Co. Donegal","Number",""
"Goods vehicles","2024","N2 - Vehicles used for the carriage of goods and having a maximum mass exceeding 3.5 tonnes but not exceeding 12 tonnes","Plug-in hybrid electric vehicles (PHEV)","Main use (own account and hire or reward)","Co. Dublin","Number","1"
"Goods vehicles","2024","N2 - Vehicles used for the carriage of goods and having a maximum mass exceeding 3.5 tonnes but not exceeding 12 tonnes","Plug-in hybrid electric vehicles (PHEV)","Main use (own account and hire or reward)","Co. Galway","Number",""
"Goods vehicles","2024","N2 - Vehicles used for the carriage of goods and having a maximum mass exceeding 3.5 tonnes but not exceeding 12 tonnes","Plug-in hybrid electric vehicles (PHEV)","Main use (own account and hire or reward)","Co. Kildare","Number",""
"Goods vehicles","2024","N2 - Vehicles used for the carriage of goods and having a maximum mass exceeding 3.5 tonnes but not exceeding 12 tonnes","Plug-in hybrid electric vehicles (PHEV)","Main use (own account and hire or reward)","Co. Kilkenny","Number",""
"Goods vehicles","2024","N2 - Vehicles used for the carriage of goods and having a maximum mass exceeding 3.5 tonnes but not exceeding 12 tonnes","Plug-in hybrid electric vehicles (PHEV)","Main use (own account and hire or reward)","Co. Kerry","Number",""
"Goods vehicles","2024","N2 - Vehicles used for the carriage of goods and having a maximum mass exceeding 3.5 tonnes but not exceeding 12 tonnes","Plug-in hybrid electric vehicles (PHEV)","Main use (own account and hire or reward)","Co. Longford","Number",""
"Goods vehicles","2024","N2 - Vehicles used for the carriage of goods and having a maximum mass exceeding 3.5 tonnes but not exceeding 12 tonnes","Plug-in hybrid electric vehicles (PHEV)","Main use (own account and hire or reward)","Co. Louth","Number",""
"Goods vehicles","2024","N2 - Vehicles used for the carriage of goods and having a maximum mass exceeding 3.5 tonnes but not exceeding 12 tonnes","Plug-in hybrid electric vehicles (PHEV)","Main use (own account and hire or reward)","Co. Limerick","Number",""
"Goods vehicles","2024","N2 - Vehicles used for the carriage of goods and having a maximum mass exceeding 3.5 tonnes but not exceeding 12 tonnes","Plug-in hybrid electric vehicles (PHEV)","Main use (own account and hire or reward)","Co. Leitrim","Number",""
"Goods vehicles","2024","N2 - Vehicles used for the carriage of goods and having a maximum mass exceeding 3.5 tonnes but not exceeding 12 tonnes","Plug-in hybrid electric vehicles (PHEV)","Main use (own account and hire or reward)","Co. Laois","Number",""
"Goods vehicles","2024","N2 - Vehicles used for the carriage of goods and having a maximum mass exceeding 3.5 tonnes but not exceeding 12 tonnes","Plug-in hybrid electric vehicles (PHEV)","Main use (own account and hire or reward)","Co. Meath","Number",""
"Goods vehicles","2024","N2 - Vehicles used for the carriage of goods and having a maximum mass exceeding 3.5 tonnes but not exceeding 12 tonnes","Plug-in hybrid electric vehicles (PHEV)","Main use (own account and hire or reward)","Co. Monaghan","Number",""
"Goods vehicles","2024","N2 - Vehicles used for the carriage of goods and having a maximum mass exceeding 3.5 tonnes but not exceeding 12 tonnes","Plug-in hybrid electric vehicles (PHEV)","Main use (own account and hire or reward)","Co. Mayo","Number",""
"Goods vehicles","2024","N2 - Vehicles used for the carriage of goods and having a maximum mass exceeding 3.5 tonnes but not exceeding 12 tonnes","Plug-in hybrid electric vehicles (PHEV)","Main use (own account and hire or reward)","Co. Offaly","Number",""
"Goods vehicles","2024","N2 - Vehicles used for the carriage of goods and having a maximum mass exceeding 3.5 tonnes but not exceeding 12 tonnes","Plug-in hybrid electric vehicles (PHEV)","Main use (own account and hire or reward)","Co. Roscommon","Number",""
"Goods vehicles","2024","N2 - Vehicles used for the carriage of goods and having a maximum mass exceeding 3.5 tonnes but not exceeding 12 tonnes","Plug-in hybrid electric vehicles (PHEV)","Main use (own account and hire or reward)","Co. Sligo","Number",""
"Goods vehicles","2024","N2 - Vehicles used for the carriage of goods and having a maximum mass exceeding 3.5 tonnes but not exceeding 12 tonnes","Plug-in hybrid electric vehicles (PHEV)","Main use (own account and hire or reward)","Co. Tipperary","Number","2"
"Goods vehicles","2024","N2 - Vehicles used for the carriage of goods and having a maximum mass exceeding 3.5 tonnes but not exceeding 12 tonnes","Plug-in hybrid electric vehicles (PHEV)","Main use (own account and hire or reward)","Co. Waterford","Number",""
"Goods vehicles","2024","N2 - Vehicles used for the carriage of goods and having a maximum mass exceeding 3.5 tonnes but not exceeding 12 tonnes","Plug-in hybrid electric vehicles (PHEV)","Main use (own account and hire or reward)","Co. Wicklow","Number",""
"Goods vehicles","2024","N2 - Vehicles used for the carriage of goods and having a maximum mass exceeding 3.5 tonnes but not exceeding 12 tonnes","Plug-in hybrid electric vehicles (PHEV)","Main use (own account and hire or reward)","Co. Westmeath","Number",""
"Goods vehicles","2024","N2 - Vehicles used for the carriage of goods and having a maximum mass exceeding 3.5 tonnes but not exceeding 12 tonnes","Plug-in hybrid electric vehicles (PHEV)","Main use (own account and hire or reward)","Co. Wexford","Number",""
"Goods vehicles","2024","N2 - Vehicles used for the carriage of goods and having a maximum mass exceeding 3.5 tonnes but not exceeding 12 tonnes","Plug-in hybrid electric vehicles (PHEV)","Main use (own account and hire or reward)","Ireland","Number","3"
"Goods vehicles","2024","N2 - Vehicles used for the carriage of goods and having a maximum mass exceeding 3.5 tonnes but not exceeding 12 tonnes","Plug-in hybrid electric vehicles (PHEV)","Hire or reward","Co. Clare","Number",""
"Goods vehicles","2024","N2 - Vehicles used for the carriage of goods and having a maximum mass exceeding 3.5 tonnes but not exceeding 12 tonnes","Plug-in hybrid electric vehicles (PHEV)","Hire or reward","Co. Cork","Number",""
"Goods vehicles","2024","N2 - Vehicles used for the carriage of goods and having a maximum mass exceeding 3.5 tonnes but not exceeding 12 tonnes","Plug-in hybrid electric vehicles (PHEV)","Hire or reward","Co. Cavan","Number",""
"Goods vehicles","2024","N2 - Vehicles used for the carriage of goods and having a maximum mass exceeding 3.5 tonnes but not exceeding 12 tonnes","Plug-in hybrid electric vehicles (PHEV)","Hire or reward","Co. Carlow","Number",""
"Goods vehicles","2024","N2 - Vehicles used for the carriage of goods and having a maximum mass exceeding 3.5 tonnes but not exceeding 12 tonnes","Plug-in hybrid electric vehicles (PHEV)","Hire or reward","Co. Donegal","Number",""
"Goods vehicles","2024","N2 - Vehicles used for the carriage of goods and having a maximum mass exceeding 3.5 tonnes but not exceeding 12 tonnes","Plug-in hybrid electric vehicles (PHEV)","Hire or reward","Co. Dublin","Number",""
"Goods vehicles","2024","N2 - Vehicles used for the carriage of goods and having a maximum mass exceeding 3.5 tonnes but not exceeding 12 tonnes","Plug-in hybrid electric vehicles (PHEV)","Hire or reward","Co. Galway","Number",""
"Goods vehicles","2024","N2 - Vehicles used for the carriage of goods and having a maximum mass exceeding 3.5 tonnes but not exceeding 12 tonnes","Plug-in hybrid electric vehicles (PHEV)","Hire or reward","Co. Kildare","Number",""
"Goods vehicles","2024","N2 - Vehicles used for the carriage of goods and having a maximum mass exceeding 3.5 tonnes but not exceeding 12 tonnes","Plug-in hybrid electric vehicles (PHEV)","Hire or reward","Co. Kilkenny","Number",""
"Goods vehicles","2024","N2 - Vehicles used for the carriage of goods and having a maximum mass exceeding 3.5 tonnes but not exceeding 12 tonnes","Plug-in hybrid electric vehicles (PHEV)","Hire or reward","Co. Kerry","Number",""
"Goods vehicles","2024","N2 - Vehicles used for the carriage of goods and having a maximum mass exceeding 3.5 tonnes but not exceeding 12 tonnes","Plug-in hybrid electric vehicles (PHEV)","Hire or reward","Co. Longford","Number",""
"Goods vehicles","2024","N2 - Vehicles used for the carriage of goods and having a maximum mass exceeding 3.5 tonnes but not exceeding 12 tonnes","Plug-in hybrid electric vehicles (PHEV)","Hire or reward","Co. Louth","Number",""
"Goods vehicles","2024","N2 - Vehicles used for the carriage of goods and having a maximum mass exceeding 3.5 tonnes but not exceeding 12 tonnes","Plug-in hybrid electric vehicles (PHEV)","Hire or reward","Co. Limerick","Number",""
"Goods vehicles","2024","N2 - Vehicles used for the carriage of goods and having a maximum mass exceeding 3.5 tonnes but not exceeding 12 tonnes","Plug-in hybrid electric vehicles (PHEV)","Hire or reward","Co. Leitrim","Number",""
"Goods vehicles","2024","N2 - Vehicles used for the carriage of goods and having a maximum mass exceeding 3.5 tonnes but not exceeding 12 tonnes","Plug-in hybrid electric vehicles (PHEV)","Hire or reward","Co. Laois","Number",""
"Goods vehicles","2024","N2 - Vehicles used for the carriage of goods and having a maximum mass exceeding 3.5 tonnes but not exceeding 12 tonnes","Plug-in hybrid electric vehicles (PHEV)","Hire or reward","Co. Meath","Number",""
"Goods vehicles","2024","N2 - Vehicles used for the carriage of goods and having a maximum mass exceeding 3.5 tonnes but not exceeding 12 tonnes","Plug-in hybrid electric vehicles (PHEV)","Hire or reward","Co. Monaghan","Number",""
"Goods vehicles","2024","N2 - Vehicles used for the carriage of goods and having a maximum mass exceeding 3.5 tonnes but not exceeding 12 tonnes","Plug-in hybrid electric vehicles (PHEV)","Hire or reward","Co. Mayo","Number",""
"Goods vehicles","2024","N2 - Vehicles used for the carriage of goods and having a maximum mass exceeding 3.5 tonnes but not exceeding 12 tonnes","Plug-in hybrid electric vehicles (PHEV)","Hire or reward","Co. Offaly","Number",""
"Goods vehicles","2024","N2 - Vehicles used for the carriage of goods and having a maximum mass exceeding 3.5 tonnes but not exceeding 12 tonnes","Plug-in hybrid electric vehicles (PHEV)","Hire or reward","Co. Roscommon","Number",""
"Goods vehicles","2024","N2 - Vehicles used for the carriage of goods and having a maximum mass exceeding 3.5 tonnes but not exceeding 12 tonnes","Plug-in hybrid electric vehicles (PHEV)","Hire or reward","Co. Sligo","Number",""
"Goods vehicles","2024","N2 - Vehicles used for the carriage of goods and having a maximum mass exceeding 3.5 tonnes but not exceeding 12 tonnes","Plug-in hybrid electric vehicles (PHEV)","Hire or reward","Co. Tipperary","Number",""
"Goods vehicles","2024","N2 - Vehicles used for the carriage of goods and having a maximum mass exceeding 3.5 tonnes but not exceeding 12 tonnes","Plug-in hybrid electric vehicles (PHEV)","Hire or reward","Co. Waterford","Number",""
"Goods vehicles","2024","N2 - Vehicles used for the carriage of goods and having a maximum mass exceeding 3.5 tonnes but not exceeding 12 tonnes","Plug-in hybrid electric vehicles (PHEV)","Hire or reward","Co. Wicklow","Number",""
"Goods vehicles","2024","N2 - Vehicles used for the carriage of goods and having a maximum mass exceeding 3.5 tonnes but not exceeding 12 tonnes","Plug-in hybrid electric vehicles (PHEV)","Hire or reward","Co. Westmeath","Number",""
"Goods vehicles","2024","N2 - Vehicles used for the carriage of goods and having a maximum mass exceeding 3.5 tonnes but not exceeding 12 tonnes","Plug-in hybrid electric vehicles (PHEV)","Hire or reward","Co. Wexford","Number",""
"Goods vehicles","2024","N2 - Vehicles used for the carriage of goods and having a maximum mass exceeding 3.5 tonnes but not exceeding 12 tonnes","Plug-in hybrid electric vehicles (PHEV)","Hire or reward","Ireland","Number",""
"Goods vehicles","2024","N2 - Vehicles used for the carriage of goods and having a maximum mass exceeding 3.5 tonnes but not exceeding 12 tonnes","Plug-in hybrid electric vehicles (PHEV)","Own account","Co. Clare","Number",""
"Goods vehicles","2024","N2 - Vehicles used for the carriage of goods and having a maximum mass exceeding 3.5 tonnes but not exceeding 12 tonnes","Plug-in hybrid electric vehicles (PHEV)","Own account","Co. Cork","Number",""
"Goods vehicles","2024","N2 - Vehicles used for the carriage of goods and having a maximum mass exceeding 3.5 tonnes but not exceeding 12 tonnes","Plug-in hybrid electric vehicles (PHEV)","Own account","Co. Cavan","Number",""
"Goods vehicles","2024","N2 - Vehicles used for the carriage of goods and having a maximum mass exceeding 3.5 tonnes but not exceeding 12 tonnes","Plug-in hybrid electric vehicles (PHEV)","Own account","Co. Carlow","Number",""
"Goods vehicles","2024","N2 - Vehicles used for the carriage of goods and having a maximum mass exceeding 3.5 tonnes but not exceeding 12 tonnes","Plug-in hybrid electric vehicles (PHEV)","Own account","Co. Donegal","Number",""
"Goods vehicles","2024","N2 - Vehicles used for the carriage of goods and having a maximum mass exceeding 3.5 tonnes but not exceeding 12 tonnes","Plug-in hybrid electric vehicles (PHEV)","Own account","Co. Dublin","Number","1"
"Goods vehicles","2024","N2 - Vehicles used for the carriage of goods and having a maximum mass exceeding 3.5 tonnes but not exceeding 12 tonnes","Plug-in hybrid electric vehicles (PHEV)","Own account","Co. Galway","Number",""
"Goods vehicles","2024","N2 - Vehicles used for the carriage of goods and having a maximum mass exceeding 3.5 tonnes but not exceeding 12 tonnes","Plug-in hybrid electric vehicles (PHEV)","Own account","Co. Kildare","Number",""
"Goods vehicles","2024","N2 - Vehicles used for the carriage of goods and having a maximum mass exceeding 3.5 tonnes but not exceeding 12 tonnes","Plug-in hybrid electric vehicles (PHEV)","Own account","Co. Kilkenny","Number",""
"Goods vehicles","2024","N2 - Vehicles used for the carriage of goods and having a maximum mass exceeding 3.5 tonnes but not exceeding 12 tonnes","Plug-in hybrid electric vehicles (PHEV)","Own account","Co. Kerry","Number",""
"Goods vehicles","2024","N2 - Vehicles used for the carriage of goods and having a maximum mass exceeding 3.5 tonnes but not exceeding 12 tonnes","Plug-in hybrid electric vehicles (PHEV)","Own account","Co. Longford","Number",""
"Goods vehicles","2024","N2 - Vehicles used for the carriage of goods and having a maximum mass exceeding 3.5 tonnes but not exceeding 12 tonnes","Plug-in hybrid electric vehicles (PHEV)","Own account","Co. Louth","Number",""
"Goods vehicles","2024","N2 - Vehicles used for the carriage of goods and having a maximum mass exceeding 3.5 tonnes but not exceeding 12 tonnes","Plug-in hybrid electric vehicles (PHEV)","Own account","Co. Limerick","Number",""
"Goods vehicles","2024","N2 - Vehicles used for the carriage of goods and having a maximum mass exceeding 3.5 tonnes but not exceeding 12 tonnes","Plug-in hybrid electric vehicles (PHEV)","Own account","Co. Leitrim","Number",""
"Goods vehicles","2024","N2 - Vehicles used for the carriage of goods and having a maximum mass exceeding 3.5 tonnes but not exceeding 12 tonnes","Plug-in hybrid electric vehicles (PHEV)","Own account","Co. Laois","Number",""
"Goods vehicles","2024","N2 - Vehicles used for the carriage of goods and having a maximum mass exceeding 3.5 tonnes but not exceeding 12 tonnes","Plug-in hybrid electric vehicles (PHEV)","Own account","Co. Meath","Number",""
"Goods vehicles","2024","N2 - Vehicles used for the carriage of goods and having a maximum mass exceeding 3.5 tonnes but not exceeding 12 tonnes","Plug-in hybrid electric vehicles (PHEV)","Own account","Co. Monaghan","Number",""
"Goods vehicles","2024","N2 - Vehicles used for the carriage of goods and having a maximum mass exceeding 3.5 tonnes but not exceeding 12 tonnes","Plug-in hybrid electric vehicles (PHEV)","Own account","Co. Mayo","Number",""
"Goods vehicles","2024","N2 - Vehicles used for the carriage of goods and having a maximum mass exceeding 3.5 tonnes but not exceeding 12 tonnes","Plug-in hybrid electric vehicles (PHEV)","Own account","Co. Offaly","Number",""
"Goods vehicles","2024","N2 - Vehicles used for the carriage of goods and having a maximum mass exceeding 3.5 tonnes but not exceeding 12 tonnes","Plug-in hybrid electric vehicles (PHEV)","Own account","Co. Roscommon","Number",""
"Goods vehicles","2024","N2 - Vehicles used for the carriage of goods and having a maximum mass exceeding 3.5 tonnes but not exceeding 12 tonnes","Plug-in hybrid electric vehicles (PHEV)","Own account","Co. Sligo","Number",""
"Goods vehicles","2024","N2 - Vehicles used for the carriage of goods and having a maximum mass exceeding 3.5 tonnes but not exceeding 12 tonnes","Plug-in hybrid electric vehicles (PHEV)","Own account","Co. Tipperary","Number","2"
"Goods vehicles","2024","N2 - Vehicles used for the carriage of goods and having a maximum mass exceeding 3.5 tonnes but not exceeding 12 tonnes","Plug-in hybrid electric vehicles (PHEV)","Own account","Co. Waterford","Number",""
"Goods vehicles","2024","N2 - Vehicles used for the carriage of goods and having a maximum mass exceeding 3.5 tonnes but not exceeding 12 tonnes","Plug-in hybrid electric vehicles (PHEV)","Own account","Co. Wicklow","Number",""
"Goods vehicles","2024","N2 - Vehicles used for the carriage of goods and having a maximum mass exceeding 3.5 tonnes but not exceeding 12 tonnes","Plug-in hybrid electric vehicles (PHEV)","Own account","Co. Westmeath","Number",""
"Goods vehicles","2024","N2 - Vehicles used for the carriage of goods and having a maximum mass exceeding 3.5 tonnes but not exceeding 12 tonnes","Plug-in hybrid electric vehicles (PHEV)","Own account","Co. Wexford","Number",""
"Goods vehicles","2024","N2 - Vehicles used for the carriage of goods and having a maximum mass exceeding 3.5 tonnes but not exceeding 12 tonnes","Plug-in hybrid electric vehicles (PHEV)","Own account","Ireland","Number","3"
"Goods vehicles","2024","N2 - Vehicles used for the carriage of goods and having a maximum mass exceeding 3.5 tonnes but not exceeding 12 tonnes","Other fuel types","Main use (own account and hire or reward)","Co. Clare","Number",""
"Goods vehicles","2024","N2 - Vehicles used for the carriage of goods and having a maximum mass exceeding 3.5 tonnes but not exceeding 12 tonnes","Other fuel types","Main use (own account and hire or reward)","Co. Cork","Number","3"
"Goods vehicles","2024","N2 - Vehicles used for the carriage of goods and having a maximum mass exceeding 3.5 tonnes but not exceeding 12 tonnes","Other fuel types","Main use (own account and hire or reward)","Co. Cavan","Number",""
"Goods vehicles","2024","N2 - Vehicles used for the carriage of goods and having a maximum mass exceeding 3.5 tonnes but not exceeding 12 tonnes","Other fuel types","Main use (own account and hire or reward)","Co. Carlow","Number",""
"Goods vehicles","2024","N2 - Vehicles used for the carriage of goods and having a maximum mass exceeding 3.5 tonnes but not exceeding 12 tonnes","Other fuel types","Main use (own account and hire or reward)","Co. Donegal","Number",""
"Goods vehicles","2024","N2 - Vehicles used for the carriage of goods and having a maximum mass exceeding 3.5 tonnes but not exceeding 12 tonnes","Other fuel types","Main use (own account and hire or reward)","Co. Dublin","Number","8"
"Goods vehicles","2024","N2 - Vehicles used for the carriage of goods and having a maximum mass exceeding 3.5 tonnes but not exceeding 12 tonnes","Other fuel types","Main use (own account and hire or reward)","Co. Galway","Number","1"
"Goods vehicles","2024","N2 - Vehicles used for the carriage of goods and having a maximum mass exceeding 3.5 tonnes but not exceeding 12 tonnes","Other fuel types","Main use (own account and hire or reward)","Co. Kildare","Number","1"
"Goods vehicles","2024","N2 - Vehicles used for the carriage of goods and having a maximum mass exceeding 3.5 tonnes but not exceeding 12 tonnes","Other fuel types","Main use (own account and hire or reward)","Co. Kilkenny","Number",""
"Goods vehicles","2024","N2 - Vehicles used for the carriage of goods and having a maximum mass exceeding 3.5 tonnes but not exceeding 12 tonnes","Other fuel types","Main use (own account and hire or reward)","Co. Kerry","Number",""
"Goods vehicles","2024","N2 - Vehicles used for the carriage of goods and having a maximum mass exceeding 3.5 tonnes but not exceeding 12 tonnes","Other fuel types","Main use (own account and hire or reward)","Co. Longford","Number",""
"Goods vehicles","2024","N2 - Vehicles used for the carriage of goods and having a maximum mass exceeding 3.5 tonnes but not exceeding 12 tonnes","Other fuel types","Main use (own account and hire or reward)","Co. Louth","Number",""
"Goods vehicles","2024","N2 - Vehicles used for the carriage of goods and having a maximum mass exceeding 3.5 tonnes but not exceeding 12 tonnes","Other fuel types","Main use (own account and hire or reward)","Co. Limerick","Number",""
"Goods vehicles","2024","N2 - Vehicles used for the carriage of goods and having a maximum mass exceeding 3.5 tonnes but not exceeding 12 tonnes","Other fuel types","Main use (own account and hire or reward)","Co. Leitrim","Number",""
"Goods vehicles","2024","N2 - Vehicles used for the carriage of goods and having a maximum mass exceeding 3.5 tonnes but not exceeding 12 tonnes","Other fuel types","Main use (own account and hire or reward)","Co. Laois","Number",""
"Goods vehicles","2024","N2 - Vehicles used for the carriage of goods and having a maximum mass exceeding 3.5 tonnes but not exceeding 12 tonnes","Other fuel types","Main use (own account and hire or reward)","Co. Meath","Number",""
"Goods vehicles","2024","N2 - Vehicles used for the carriage of goods and having a maximum mass exceeding 3.5 tonnes but not exceeding 12 tonnes","Other fuel types","Main use (own account and hire or reward)","Co. Monaghan","Number",""
"Goods vehicles","2024","N2 - Vehicles used for the carriage of goods and having a maximum mass exceeding 3.5 tonnes but not exceeding 12 tonnes","Other fuel types","Main use (own account and hire or reward)","Co. Mayo","Number",""
"Goods vehicles","2024","N2 - Vehicles used for the carriage of goods and having a maximum mass exceeding 3.5 tonnes but not exceeding 12 tonnes","Other fuel types","Main use (own account and hire or reward)","Co. Offaly","Number",""
"Goods vehicles","2024","N2 - Vehicles used for the carriage of goods and having a maximum mass exceeding 3.5 tonnes but not exceeding 12 tonnes","Other fuel types","Main use (own account and hire or reward)","Co. Roscommon","Number",""
"Goods vehicles","2024","N2 - Vehicles used for the carriage of goods and having a maximum mass exceeding 3.5 tonnes but not exceeding 12 tonnes","Other fuel types","Main use (own account and hire or reward)","Co. Sligo","Number",""
"Goods vehicles","2024","N2 - Vehicles used for the carriage of goods and having a maximum mass exceeding 3.5 tonnes but not exceeding 12 tonnes","Other fuel types","Main use (own account and hire or reward)","Co. Tipperary","Number",""
"Goods vehicles","2024","N2 - Vehicles used for the carriage of goods and having a maximum mass exceeding 3.5 tonnes but not exceeding 12 tonnes","Other fuel types","Main use (own account and hire or reward)","Co. Waterford","Number",""
"Goods vehicles","2024","N2 - Vehicles used for the carriage of goods and having a maximum mass exceeding 3.5 tonnes but not exceeding 12 tonnes","Other fuel types","Main use (own account and hire or reward)","Co. Wicklow","Number","1"
"Goods vehicles","2024","N2 - Vehicles used for the carriage of goods and having a maximum mass exceeding 3.5 tonnes but not exceeding 12 tonnes","Other fuel types","Main use (own account and hire or reward)","Co. Westmeath","Number","1"
"Goods vehicles","2024","N2 - Vehicles used for the carriage of goods and having a maximum mass exceeding 3.5 tonnes but not exceeding 12 tonnes","Other fuel types","Main use (own account and hire or reward)","Co. Wexford","Number",""
"Goods vehicles","2024","N2 - Vehicles used for the carriage of goods and having a maximum mass exceeding 3.5 tonnes but not exceeding 12 tonnes","Other fuel types","Main use (own account and hire or reward)","Ireland","Number","15"
"Goods vehicles","2024","N2 - Vehicles used for the carriage of goods and having a maximum mass exceeding 3.5 tonnes but not exceeding 12 tonnes","Other fuel types","Hire or reward","Co. Clare","Number",""
"Goods vehicles","2024","N2 - Vehicles used for the carriage of goods and having a maximum mass exceeding 3.5 tonnes but not exceeding 12 tonnes","Other fuel types","Hire or reward","Co. Cork","Number",""
"Goods vehicles","2024","N2 - Vehicles used for the carriage of goods and having a maximum mass exceeding 3.5 tonnes but not exceeding 12 tonnes","Other fuel types","Hire or reward","Co. Cavan","Number",""
"Goods vehicles","2024","N2 - Vehicles used for the carriage of goods and having a maximum mass exceeding 3.5 tonnes but not exceeding 12 tonnes","Other fuel types","Hire or reward","Co. Carlow","Number",""
"Goods vehicles","2024","N2 - Vehicles used for the carriage of goods and having a maximum mass exceeding 3.5 tonnes but not exceeding 12 tonnes","Other fuel types","Hire or reward","Co. Donegal","Number",""
"Goods vehicles","2024","N2 - Vehicles used for the carriage of goods and having a maximum mass exceeding 3.5 tonnes but not exceeding 12 tonnes","Other fuel types","Hire or reward","Co. Dublin","Number",""
"Goods vehicles","2024","N2 - Vehicles used for the carriage of goods and having a maximum mass exceeding 3.5 tonnes but not exceeding 12 tonnes","Other fuel types","Hire or reward","Co. Galway","Number",""
"Goods vehicles","2024","N2 - Vehicles used for the carriage of goods and having a maximum mass exceeding 3.5 tonnes but not exceeding 12 tonnes","Other fuel types","Hire or reward","Co. Kildare","Number",""
"Goods vehicles","2024","N2 - Vehicles used for the carriage of goods and having a maximum mass exceeding 3.5 tonnes but not exceeding 12 tonnes","Other fuel types","Hire or reward","Co. Kilkenny","Number",""
"Goods vehicles","2024","N2 - Vehicles used for the carriage of goods and having a maximum mass exceeding 3.5 tonnes but not exceeding 12 tonnes","Other fuel types","Hire or reward","Co. Kerry","Number",""
"Goods vehicles","2024","N2 - Vehicles used for the carriage of goods and having a maximum mass exceeding 3.5 tonnes but not exceeding 12 tonnes","Other fuel types","Hire or reward","Co. Longford","Number",""
"Goods vehicles","2024","N2 - Vehicles used for the carriage of goods and having a maximum mass exceeding 3.5 tonnes but not exceeding 12 tonnes","Other fuel types","Hire or reward","Co. Louth","Number",""
"Goods vehicles","2024","N2 - Vehicles used for the carriage of goods and having a maximum mass exceeding 3.5 tonnes but not exceeding 12 tonnes","Other fuel types","Hire or reward","Co. Limerick","Number",""
"Goods vehicles","2024","N2 - Vehicles used for the carriage of goods and having a maximum mass exceeding 3.5 tonnes but not exceeding 12 tonnes","Other fuel types","Hire or reward","Co. Leitrim","Number",""
"Goods vehicles","2024","N2 - Vehicles used for the carriage of goods and having a maximum mass exceeding 3.5 tonnes but not exceeding 12 tonnes","Other fuel types","Hire or reward","Co. Laois","Number",""
"Goods vehicles","2024","N2 - Vehicles used for the carriage of goods and having a maximum mass exceeding 3.5 tonnes but not exceeding 12 tonnes","Other fuel types","Hire or reward","Co. Meath","Number",""
"Goods vehicles","2024","N2 - Vehicles used for the carriage of goods and having a maximum mass exceeding 3.5 tonnes but not exceeding 12 tonnes","Other fuel types","Hire or reward","Co. Monaghan","Number",""
"Goods vehicles","2024","N2 - Vehicles used for the carriage of goods and having a maximum mass exceeding 3.5 tonnes but not exceeding 12 tonnes","Other fuel types","Hire or reward","Co. Mayo","Number",""
"Goods vehicles","2024","N2 - Vehicles used for the carriage of goods and having a maximum mass exceeding 3.5 tonnes but not exceeding 12 tonnes","Other fuel types","Hire or reward","Co. Offaly","Number",""
"Goods vehicles","2024","N2 - Vehicles used for the carriage of goods and having a maximum mass exceeding 3.5 tonnes but not exceeding 12 tonnes","Other fuel types","Hire or reward","Co. Roscommon","Number",""
"Goods vehicles","2024","N2 - Vehicles used for the carriage of goods and having a maximum mass exceeding 3.5 tonnes but not exceeding 12 tonnes","Other fuel types","Hire or reward","Co. Sligo","Number",""
"Goods vehicles","2024","N2 - Vehicles used for the carriage of goods and having a maximum mass exceeding 3.5 tonnes but not exceeding 12 tonnes","Other fuel types","Hire or reward","Co. Tipperary","Number",""
"Goods vehicles","2024","N2 - Vehicles used for the carriage of goods and having a maximum mass exceeding 3.5 tonnes but not exceeding 12 tonnes","Other fuel types","Hire or reward","Co. Waterford","Number",""
"Goods vehicles","2024","N2 - Vehicles used for the carriage of goods and having a maximum mass exceeding 3.5 tonnes but not exceeding 12 tonnes","Other fuel types","Hire or reward","Co. Wicklow","Number",""
"Goods vehicles","2024","N2 - Vehicles used for the carriage of goods and having a maximum mass exceeding 3.5 tonnes but not exceeding 12 tonnes","Other fuel types","Hire or reward","Co. Westmeath","Number",""
"Goods vehicles","2024","N2 - Vehicles used for the carriage of goods and having a maximum mass exceeding 3.5 tonnes but not exceeding 12 tonnes","Other fuel types","Hire or reward","Co. Wexford","Number",""
"Goods vehicles","2024","N2 - Vehicles used for the carriage of goods and having a maximum mass exceeding 3.5 tonnes but not exceeding 12 tonnes","Other fuel types","Hire or reward","Ireland","Number",""
"Goods vehicles","2024","N2 - Vehicles used for the carriage of goods and having a maximum mass exceeding 3.5 tonnes but not exceeding 12 tonnes","Other fuel types","Own account","Co. Clare","Number",""
"Goods vehicles","2024","N2 - Vehicles used for the carriage of goods and having a maximum mass exceeding 3.5 tonnes but not exceeding 12 tonnes","Other fuel types","Own account","Co. Cork","Number","3"
"Goods vehicles","2024","N2 - Vehicles used for the carriage of goods and having a maximum mass exceeding 3.5 tonnes but not exceeding 12 tonnes","Other fuel types","Own account","Co. Cavan","Number",""
"Goods vehicles","2024","N2 - Vehicles used for the carriage of goods and having a maximum mass exceeding 3.5 tonnes but not exceeding 12 tonnes","Other fuel types","Own account","Co. Carlow","Number",""
"Goods vehicles","2024","N2 - Vehicles used for the carriage of goods and having a maximum mass exceeding 3.5 tonnes but not exceeding 12 tonnes","Other fuel types","Own account","Co. Donegal","Number",""
"Goods vehicles","2024","N2 - Vehicles used for the carriage of goods and having a maximum mass exceeding 3.5 tonnes but not exceeding 12 tonnes","Other fuel types","Own account","Co. Dublin","Number","8"
"Goods vehicles","2024","N2 - Vehicles used for the carriage of goods and having a maximum mass exceeding 3.5 tonnes but not exceeding 12 tonnes","Other fuel types","Own account","Co. Galway","Number","1"
"Goods vehicles","2024","N2 - Vehicles used for the carriage of goods and having a maximum mass exceeding 3.5 tonnes but not exceeding 12 tonnes","Other fuel types","Own account","Co. Kildare","Number","1"
"Goods vehicles","2024","N2 - Vehicles used for the carriage of goods and having a maximum mass exceeding 3.5 tonnes but not exceeding 12 tonnes","Other fuel types","Own account","Co. Kilkenny","Number",""
"Goods vehicles","2024","N2 - Vehicles used for the carriage of goods and having a maximum mass exceeding 3.5 tonnes but not exceeding 12 tonnes","Other fuel types","Own account","Co. Kerry","Number",""
"Goods vehicles","2024","N2 - Vehicles used for the carriage of goods and having a maximum mass exceeding 3.5 tonnes but not exceeding 12 tonnes","Other fuel types","Own account","Co. Longford","Number",""
"Goods vehicles","2024","N2 - Vehicles used for the carriage of goods and having a maximum mass exceeding 3.5 tonnes but not exceeding 12 tonnes","Other fuel types","Own account","Co. Louth","Number",""
"Goods vehicles","2024","N2 - Vehicles used for the carriage of goods and having a maximum mass exceeding 3.5 tonnes but not exceeding 12 tonnes","Other fuel types","Own account","Co. Limerick","Number",""
"Goods vehicles","2024","N2 - Vehicles used for the carriage of goods and having a maximum mass exceeding 3.5 tonnes but not exceeding 12 tonnes","Other fuel types","Own account","Co. Leitrim","Number",""
"Goods vehicles","2024","N2 - Vehicles used for the carriage of goods and having a maximum mass exceeding 3.5 tonnes but not exceeding 12 tonnes","Other fuel types","Own account","Co. Laois","Number",""
"Goods vehicles","2024","N2 - Vehicles used for the carriage of goods and having a maximum mass exceeding 3.5 tonnes but not exceeding 12 tonnes","Other fuel types","Own account","Co. Meath","Number",""
"Goods vehicles","2024","N2 - Vehicles used for the carriage of goods and having a maximum mass exceeding 3.5 tonnes but not exceeding 12 tonnes","Other fuel types","Own account","Co. Monaghan","Number",""
"Goods vehicles","2024","N2 - Vehicles used for the carriage of goods and having a maximum mass exceeding 3.5 tonnes but not exceeding 12 tonnes","Other fuel types","Own account","Co. Mayo","Number",""
"Goods vehicles","2024","N2 - Vehicles used for the carriage of goods and having a maximum mass exceeding 3.5 tonnes but not exceeding 12 tonnes","Other fuel types","Own account","Co. Offaly","Number",""
"Goods vehicles","2024","N2 - Vehicles used for the carriage of goods and having a maximum mass exceeding 3.5 tonnes but not exceeding 12 tonnes","Other fuel types","Own account","Co. Roscommon","Number",""
"Goods vehicles","2024","N2 - Vehicles used for the carriage of goods and having a maximum mass exceeding 3.5 tonnes but not exceeding 12 tonnes","Other fuel types","Own account","Co. Sligo","Number",""
"Goods vehicles","2024","N2 - Vehicles used for the carriage of goods and having a maximum mass exceeding 3.5 tonnes but not exceeding 12 tonnes","Other fuel types","Own account","Co. Tipperary","Number",""
"Goods vehicles","2024","N2 - Vehicles used for the carriage of goods and having a maximum mass exceeding 3.5 tonnes but not exceeding 12 tonnes","Other fuel types","Own account","Co. Waterford","Number",""
"Goods vehicles","2024","N2 - Vehicles used for the carriage of goods and having a maximum mass exceeding 3.5 tonnes but not exceeding 12 tonnes","Other fuel types","Own account","Co. Wicklow","Number","1"
"Goods vehicles","2024","N2 - Vehicles used for the carriage of goods and having a maximum mass exceeding 3.5 tonnes but not exceeding 12 tonnes","Other fuel types","Own account","Co. Westmeath","Number","1"
"Goods vehicles","2024","N2 - Vehicles used for the carriage of goods and having a maximum mass exceeding 3.5 tonnes but not exceeding 12 tonnes","Other fuel types","Own account","Co. Wexford","Number",""
"Goods vehicles","2024","N2 - Vehicles used for the carriage of goods and having a maximum mass exceeding 3.5 tonnes but not exceeding 12 tonnes","Other fuel types","Own account","Ireland","Number","15"
"Goods vehicles","2024","N2 - Vehicles used for the carriage of goods and having a maximum mass exceeding 3.5 tonnes but not exceeding 12 tonnes","All fuel types","Main use (own account and hire or reward)","Co. Clare","Number","203"
"Goods vehicles","2024","N2 - Vehicles used for the carriage of goods and having a maximum mass exceeding 3.5 tonnes but not exceeding 12 tonnes","All fuel types","Main use (own account and hire or reward)","Co. Cork","Number","1150"
"Goods vehicles","2024","N2 - Vehicles used for the carriage of goods and having a maximum mass exceeding 3.5 tonnes but not exceeding 12 tonnes","All fuel types","Main use (own account and hire or reward)","Co. Cavan","Number","133"
"Goods vehicles","2024","N2 - Vehicles used for the carriage of goods and having a maximum mass exceeding 3.5 tonnes but not exceeding 12 tonnes","All fuel types","Main use (own account and hire or reward)","Co. Carlow","Number","143"
"Goods vehicles","2024","N2 - Vehicles used for the carriage of goods and having a maximum mass exceeding 3.5 tonnes but not exceeding 12 tonnes","All fuel types","Main use (own account and hire or reward)","Co. Donegal","Number","237"
"Goods vehicles","2024","N2 - Vehicles used for the carriage of goods and having a maximum mass exceeding 3.5 tonnes but not exceeding 12 tonnes","All fuel types","Main use (own account and hire or reward)","Co. Dublin","Number","2251"
"Goods vehicles","2024","N2 - Vehicles used for the carriage of goods and having a maximum mass exceeding 3.5 tonnes but not exceeding 12 tonnes","All fuel types","Main use (own account and hire or reward)","Co. Galway","Number","427"
"Goods vehicles","2024","N2 - Vehicles used for the carriage of goods and having a maximum mass exceeding 3.5 tonnes but not exceeding 12 tonnes","All fuel types","Main use (own account and hire or reward)","Co. Kildare","Number","404"
"Goods vehicles","2024","N2 - Vehicles used for the carriage of goods and having a maximum mass exceeding 3.5 tonnes but not exceeding 12 tonnes","All fuel types","Main use (own account and hire or reward)","Co. Kilkenny","Number","231"
"Goods vehicles","2024","N2 - Vehicles used for the carriage of goods and having a maximum mass exceeding 3.5 tonnes but not exceeding 12 tonnes","All fuel types","Main use (own account and hire or reward)","Co. Kerry","Number","330"
"Goods vehicles","2024","N2 - Vehicles used for the carriage of goods and having a maximum mass exceeding 3.5 tonnes but not exceeding 12 tonnes","All fuel types","Main use (own account and hire or reward)","Co. Longford","Number","89"
"Goods vehicles","2024","N2 - Vehicles used for the carriage of goods and having a maximum mass exceeding 3.5 tonnes but not exceeding 12 tonnes","All fuel types","Main use (own account and hire or reward)","Co. Louth","Number","193"
"Goods vehicles","2024","N2 - Vehicles used for the carriage of goods and having a maximum mass exceeding 3.5 tonnes but not exceeding 12 tonnes","All fuel types","Main use (own account and hire or reward)","Co. Limerick","Number","421"
"Goods vehicles","2024","N2 - Vehicles used for the carriage of goods and having a maximum mass exceeding 3.5 tonnes but not exceeding 12 tonnes","All fuel types","Main use (own account and hire or reward)","Co. Leitrim","Number","46"
"Goods vehicles","2024","N2 - Vehicles used for the carriage of goods and having a maximum mass exceeding 3.5 tonnes but not exceeding 12 tonnes","All fuel types","Main use (own account and hire or reward)","Co. Laois","Number","136"
"Goods vehicles","2024","N2 - Vehicles used for the carriage of goods and having a maximum mass exceeding 3.5 tonnes but not exceeding 12 tonnes","All fuel types","Main use (own account and hire or reward)","Co. Meath","Number","427"
"Goods vehicles","2024","N2 - Vehicles used for the carriage of goods and having a maximum mass exceeding 3.5 tonnes but not exceeding 12 tonnes","All fuel types","Main use (own account and hire or reward)","Co. Monaghan","Number","121"
"Goods vehicles","2024","N2 - Vehicles used for the carriage of goods and having a maximum mass exceeding 3.5 tonnes but not exceeding 12 tonnes","All fuel types","Main use (own account and hire or reward)","Co. Mayo","Number","416"
"Goods vehicles","2024","N2 - Vehicles used for the carriage of goods and having a maximum mass exceeding 3.5 tonnes but not exceeding 12 tonnes","All fuel types","Main use (own account and hire or reward)","Co. Offaly","Number","188"
"Goods vehicles","2024","N2 - Vehicles used for the carriage of goods and having a maximum mass exceeding 3.5 tonnes but not exceeding 12 tonnes","All fuel types","Main use (own account and hire or reward)","Co. Roscommon","Number","139"
"Goods vehicles","2024","N2 - Vehicles used for the carriage of goods and having a maximum mass exceeding 3.5 tonnes but not exceeding 12 tonnes","All fuel types","Main use (own account and hire or reward)","Co. Sligo","Number","131"
"Goods vehicles","2024","N2 - Vehicles used for the carriage of goods and having a maximum mass exceeding 3.5 tonnes but not exceeding 12 tonnes","All fuel types","Main use (own account and hire or reward)","Co. Tipperary","Number","359"
"Goods vehicles","2024","N2 - Vehicles used for the carriage of goods and having a maximum mass exceeding 3.5 tonnes but not exceeding 12 tonnes","All fuel types","Main use (own account and hire or reward)","Co. Waterford","Number","181"
"Goods vehicles","2024","N2 - Vehicles used for the carriage of goods and having a maximum mass exceeding 3.5 tonnes but not exceeding 12 tonnes","All fuel types","Main use (own account and hire or reward)","Co. Wicklow","Number","304"
"Goods vehicles","2024","N2 - Vehicles used for the carriage of goods and having a maximum mass exceeding 3.5 tonnes but not exceeding 12 tonnes","All fuel types","Main use (own account and hire or reward)","Co. Westmeath","Number","181"
"Goods vehicles","2024","N2 - Vehicles used for the carriage of goods and having a maximum mass exceeding 3.5 tonnes but not exceeding 12 tonnes","All fuel types","Main use (own account and hire or reward)","Co. Wexford","Number","414"
"Goods vehicles","2024","N2 - Vehicles used for the carriage of goods and having a maximum mass exceeding 3.5 tonnes but not exceeding 12 tonnes","All fuel types","Main use (own account and hire or reward)","Ireland","Number","9255"
"Goods vehicles","2024","N2 - Vehicles used for the carriage of goods and having a maximum mass exceeding 3.5 tonnes but not exceeding 12 tonnes","All fuel types","Hire or reward","Co. Clare","Number","82"
"Goods vehicles","2024","N2 - Vehicles used for the carriage of goods and having a maximum mass exceeding 3.5 tonnes but not exceeding 12 tonnes","All fuel types","Hire or reward","Co. Cork","Number","131"
"Goods vehicles","2024","N2 - Vehicles used for the carriage of goods and having a maximum mass exceeding 3.5 tonnes but not exceeding 12 tonnes","All fuel types","Hire or reward","Co. Cavan","Number","21"
"Goods vehicles","2024","N2 - Vehicles used for the carriage of goods and having a maximum mass exceeding 3.5 tonnes but not exceeding 12 tonnes","All fuel types","Hire or reward","Co. Carlow","Number","9"
"Goods vehicles","2024","N2 - Vehicles used for the carriage of goods and having a maximum mass exceeding 3.5 tonnes but not exceeding 12 tonnes","All fuel types","Hire or reward","Co. Donegal","Number","47"
"Goods vehicles","2024","N2 - Vehicles used for the carriage of goods and having a maximum mass exceeding 3.5 tonnes but not exceeding 12 tonnes","All fuel types","Hire or reward","Co. Dublin","Number","204"
"Goods vehicles","2024","N2 - Vehicles used for the carriage of goods and having a maximum mass exceeding 3.5 tonnes but not exceeding 12 tonnes","All fuel types","Hire or reward","Co. Galway","Number","36"
"Goods vehicles","2024","N2 - Vehicles used for the carriage of goods and having a maximum mass exceeding 3.5 tonnes but not exceeding 12 tonnes","All fuel types","Hire or reward","Co. Kildare","Number","31"
"Goods vehicles","2024","N2 - Vehicles used for the carriage of goods and having a maximum mass exceeding 3.5 tonnes but not exceeding 12 tonnes","All fuel types","Hire or reward","Co. Kilkenny","Number","16"
"Goods vehicles","2024","N2 - Vehicles used for the carriage of goods and having a maximum mass exceeding 3.5 tonnes but not exceeding 12 tonnes","All fuel types","Hire or reward","Co. Kerry","Number","28"
"Goods vehicles","2024","N2 - Vehicles used for the carriage of goods and having a maximum mass exceeding 3.5 tonnes but not exceeding 12 tonnes","All fuel types","Hire or reward","Co. Longford","Number","7"
"Goods vehicles","2024","N2 - Vehicles used for the carriage of goods and having a maximum mass exceeding 3.5 tonnes but not exceeding 12 tonnes","All fuel types","Hire or reward","Co. Louth","Number","27"
"Goods vehicles","2024","N2 - Vehicles used for the carriage of goods and having a maximum mass exceeding 3.5 tonnes but not exceeding 12 tonnes","All fuel types","Hire or reward","Co. Limerick","Number","33"
"Goods vehicles","2024","N2 - Vehicles used for the carriage of goods and having a maximum mass exceeding 3.5 tonnes but not exceeding 12 tonnes","All fuel types","Hire or reward","Co. Leitrim","Number","6"
"Goods vehicles","2024","N2 - Vehicles used for the carriage of goods and having a maximum mass exceeding 3.5 tonnes but not exceeding 12 tonnes","All fuel types","Hire or reward","Co. Laois","Number","10"
"Goods vehicles","2024","N2 - Vehicles used for the carriage of goods and having a maximum mass exceeding 3.5 tonnes but not exceeding 12 tonnes","All fuel types","Hire or reward","Co. Meath","Number","45"
"Goods vehicles","2024","N2 - Vehicles used for the carriage of goods and having a maximum mass exceeding 3.5 tonnes but not exceeding 12 tonnes","All fuel types","Hire or reward","Co. Monaghan","Number","10"
"Goods vehicles","2024","N2 - Vehicles used for the carriage of goods and having a maximum mass exceeding 3.5 tonnes but not exceeding 12 tonnes","All fuel types","Hire or reward","Co. Mayo","Number","14"
"Goods vehicles","2024","N2 - Vehicles used for the carriage of goods and having a maximum mass exceeding 3.5 tonnes but not exceeding 12 tonnes","All fuel types","Hire or reward","Co. Offaly","Number","29"
"Goods vehicles","2024","N2 - Vehicles used for the carriage of goods and having a maximum mass exceeding 3.5 tonnes but not exceeding 12 tonnes","All fuel types","Hire or reward","Co. Roscommon","Number","16"
"Goods vehicles","2024","N2 - Vehicles used for the carriage of goods and having a maximum mass exceeding 3.5 tonnes but not exceeding 12 tonnes","All fuel types","Hire or reward","Co. Sligo","Number","22"
"Goods vehicles","2024","N2 - Vehicles used for the carriage of goods and having a maximum mass exceeding 3.5 tonnes but not exceeding 12 tonnes","All fuel types","Hire or reward","Co. Tipperary","Number","39"
"Goods vehicles","2024","N2 - Vehicles used for the carriage of goods and having a maximum mass exceeding 3.5 tonnes but not exceeding 12 tonnes","All fuel types","Hire or reward","Co. Waterford","Number","6"
"Goods vehicles","2024","N2 - Vehicles used for the carriage of goods and having a maximum mass exceeding 3.5 tonnes but not exceeding 12 tonnes","All fuel types","Hire or reward","Co. Wicklow","Number","36"
"Goods vehicles","2024","N2 - Vehicles used for the carriage of goods and having a maximum mass exceeding 3.5 tonnes but not exceeding 12 tonnes","All fuel types","Hire or reward","Co. Westmeath","Number","40"
"Goods vehicles","2024","N2 - Vehicles used for the carriage of goods and having a maximum mass exceeding 3.5 tonnes but not exceeding 12 tonnes","All fuel types","Hire or reward","Co. Wexford","Number","41"
"Goods vehicles","2024","N2 - Vehicles used for the carriage of goods and having a maximum mass exceeding 3.5 tonnes but not exceeding 12 tonnes","All fuel types","Hire or reward","Ireland","Number","986"
"Goods vehicles","2024","N2 - Vehicles used for the carriage of goods and having a maximum mass exceeding 3.5 tonnes but not exceeding 12 tonnes","All fuel types","Own account","Co. Clare","Number","121"
"Goods vehicles","2024","N2 - Vehicles used for the carriage of goods and having a maximum mass exceeding 3.5 tonnes but not exceeding 12 tonnes","All fuel types","Own account","Co. Cork","Number","1019"
"Goods vehicles","2024","N2 - Vehicles used for the carriage of goods and having a maximum mass exceeding 3.5 tonnes but not exceeding 12 tonnes","All fuel types","Own account","Co. Cavan","Number","112"
"Goods vehicles","2024","N2 - Vehicles used for the carriage of goods and having a maximum mass exceeding 3.5 tonnes but not exceeding 12 tonnes","All fuel types","Own account","Co. Carlow","Number","134"
"Goods vehicles","2024","N2 - Vehicles used for the carriage of goods and having a maximum mass exceeding 3.5 tonnes but not exceeding 12 tonnes","All fuel types","Own account","Co. Donegal","Number","190"
"Goods vehicles","2024","N2 - Vehicles used for the carriage of goods and having a maximum mass exceeding 3.5 tonnes but not exceeding 12 tonnes","All fuel types","Own account","Co. Dublin","Number","2047"
"Goods vehicles","2024","N2 - Vehicles used for the carriage of goods and having a maximum mass exceeding 3.5 tonnes but not exceeding 12 tonnes","All fuel types","Own account","Co. Galway","Number","391"
"Goods vehicles","2024","N2 - Vehicles used for the carriage of goods and having a maximum mass exceeding 3.5 tonnes but not exceeding 12 tonnes","All fuel types","Own account","Co. Kildare","Number","373"
"Goods vehicles","2024","N2 - Vehicles used for the carriage of goods and having a maximum mass exceeding 3.5 tonnes but not exceeding 12 tonnes","All fuel types","Own account","Co. Kilkenny","Number","215"
"Goods vehicles","2024","N2 - Vehicles used for the carriage of goods and having a maximum mass exceeding 3.5 tonnes but not exceeding 12 tonnes","All fuel types","Own account","Co. Kerry","Number","302"
"Goods vehicles","2024","N2 - Vehicles used for the carriage of goods and having a maximum mass exceeding 3.5 tonnes but not exceeding 12 tonnes","All fuel types","Own account","Co. Longford","Number","82"
"Goods vehicles","2024","N2 - Vehicles used for the carriage of goods and having a maximum mass exceeding 3.5 tonnes but not exceeding 12 tonnes","All fuel types","Own account","Co. Louth","Number","166"
"Goods vehicles","2024","N2 - Vehicles used for the carriage of goods and having a maximum mass exceeding 3.5 tonnes but not exceeding 12 tonnes","All fuel types","Own account","Co. Limerick","Number","388"
"Goods vehicles","2024","N2 - Vehicles used for the carriage of goods and having a maximum mass exceeding 3.5 tonnes but not exceeding 12 tonnes","All fuel types","Own account","Co. Leitrim","Number","40"
"Goods vehicles","2024","N2 - Vehicles used for the carriage of goods and having a maximum mass exceeding 3.5 tonnes but not exceeding 12 tonnes","All fuel types","Own account","Co. Laois","Number","126"
"Goods vehicles","2024","N2 - Vehicles used for the carriage of goods and having a maximum mass exceeding 3.5 tonnes but not exceeding 12 tonnes","All fuel types","Own account","Co. Meath","Number","382"
"Goods vehicles","2024","N2 - Vehicles used for the carriage of goods and having a maximum mass exceeding 3.5 tonnes but not exceeding 12 tonnes","All fuel types","Own account","Co. Monaghan","Number","111"
"Goods vehicles","2024","N2 - Vehicles used for the carriage of goods and having a maximum mass exceeding 3.5 tonnes but not exceeding 12 tonnes","All fuel types","Own account","Co. Mayo","Number","402"
"Goods vehicles","2024","N2 - Vehicles used for the carriage of goods and having a maximum mass exceeding 3.5 tonnes but not exceeding 12 tonnes","All fuel types","Own account","Co. Offaly","Number","159"
"Goods vehicles","2024","N2 - Vehicles used for the carriage of goods and having a maximum mass exceeding 3.5 tonnes but not exceeding 12 tonnes","All fuel types","Own account","Co. Roscommon","Number","123"
"Goods vehicles","2024","N2 - Vehicles used for the carriage of goods and having a maximum mass exceeding 3.5 tonnes but not exceeding 12 tonnes","All fuel types","Own account","Co. Sligo","Number","109"
"Goods vehicles","2024","N2 - Vehicles used for the carriage of goods and having a maximum mass exceeding 3.5 tonnes but not exceeding 12 tonnes","All fuel types","Own account","Co. Tipperary","Number","320"
"Goods vehicles","2024","N2 - Vehicles used for the carriage of goods and having a maximum mass exceeding 3.5 tonnes but not exceeding 12 tonnes","All fuel types","Own account","Co. Waterford","Number","175"
"Goods vehicles","2024","N2 - Vehicles used for the carriage of goods and having a maximum mass exceeding 3.5 tonnes but not exceeding 12 tonnes","All fuel types","Own account","Co. Wicklow","Number","268"
"Goods vehicles","2024","N2 - Vehicles used for the carriage of goods and having a maximum mass exceeding 3.5 tonnes but not exceeding 12 tonnes","All fuel types","Own account","Co. Westmeath","Number","141"
"Goods vehicles","2024","N2 - Vehicles used for the carriage of goods and having a maximum mass exceeding 3.5 tonnes but not exceeding 12 tonnes","All fuel types","Own account","Co. Wexford","Number","373"
"Goods vehicles","2024","N2 - Vehicles used for the carriage of goods and having a maximum mass exceeding 3.5 tonnes but not exceeding 12 tonnes","All fuel types","Own account","Ireland","Number","8269"
"Goods vehicles","2024","N3 - Vehicles used for the carriage of goods and having a maximum mass exceeding 12 tonnes","Diesel","Main use (own account and hire or reward)","Co. Clare","Number","677"
"Goods vehicles","2024","N3 - Vehicles used for the carriage of goods and having a maximum mass exceeding 12 tonnes","Diesel","Main use (own account and hire or reward)","Co. Cork","Number","4297"
"Goods vehicles","2024","N3 - Vehicles used for the carriage of goods and having a maximum mass exceeding 12 tonnes","Diesel","Main use (own account and hire or reward)","Co. Cavan","Number","757"
"Goods vehicles","2024","N3 - Vehicles used for the carriage of goods and having a maximum mass exceeding 12 tonnes","Diesel","Main use (own account and hire or reward)","Co. Carlow","Number","699"
"Goods vehicles","2024","N3 - Vehicles used for the carriage of goods and having a maximum mass exceeding 12 tonnes","Diesel","Main use (own account and hire or reward)","Co. Donegal","Number","1168"
"Goods vehicles","2024","N3 - Vehicles used for the carriage of goods and having a maximum mass exceeding 12 tonnes","Diesel","Main use (own account and hire or reward)","Co. Dublin","Number","7774"
"Goods vehicles","2024","N3 - Vehicles used for the carriage of goods and having a maximum mass exceeding 12 tonnes","Diesel","Main use (own account and hire or reward)","Co. Galway","Number","1824"
"Goods vehicles","2024","N3 - Vehicles used for the carriage of goods and having a maximum mass exceeding 12 tonnes","Diesel","Main use (own account and hire or reward)","Co. Kildare","Number","2014"
"Goods vehicles","2024","N3 - Vehicles used for the carriage of goods and having a maximum mass exceeding 12 tonnes","Diesel","Main use (own account and hire or reward)","Co. Kilkenny","Number","1107"
"Goods vehicles","2024","N3 - Vehicles used for the carriage of goods and having a maximum mass exceeding 12 tonnes","Diesel","Main use (own account and hire or reward)","Co. Kerry","Number","914"
"Goods vehicles","2024","N3 - Vehicles used for the carriage of goods and having a maximum mass exceeding 12 tonnes","Diesel","Main use (own account and hire or reward)","Co. Longford","Number","505"
"Goods vehicles","2024","N3 - Vehicles used for the carriage of goods and having a maximum mass exceeding 12 tonnes","Diesel","Main use (own account and hire or reward)","Co. Louth","Number","861"
"Goods vehicles","2024","N3 - Vehicles used for the carriage of goods and having a maximum mass exceeding 12 tonnes","Diesel","Main use (own account and hire or reward)","Co. Limerick","Number","1702"
"Goods vehicles","2024","N3 - Vehicles used for the carriage of goods and having a maximum mass exceeding 12 tonnes","Diesel","Main use (own account and hire or reward)","Co. Leitrim","Number","207"
"Goods vehicles","2024","N3 - Vehicles used for the carriage of goods and having a maximum mass exceeding 12 tonnes","Diesel","Main use (own account and hire or reward)","Co. Laois","Number","817"
"Goods vehicles","2024","N3 - Vehicles used for the carriage of goods and having a maximum mass exceeding 12 tonnes","Diesel","Main use (own account and hire or reward)","Co. Meath","Number","2061"
"Goods vehicles","2024","N3 - Vehicles used for the carriage of goods and having a maximum mass exceeding 12 tonnes","Diesel","Main use (own account and hire or reward)","Co. Monaghan","Number","1484"
"Goods vehicles","2024","N3 - Vehicles used for the carriage of goods and having a maximum mass exceeding 12 tonnes","Diesel","Main use (own account and hire or reward)","Co. Mayo","Number","1003"
"Goods vehicles","2024","N3 - Vehicles used for the carriage of goods and having a maximum mass exceeding 12 tonnes","Diesel","Main use (own account and hire or reward)","Co. Offaly","Number","610"
"Goods vehicles","2024","N3 - Vehicles used for the carriage of goods and having a maximum mass exceeding 12 tonnes","Diesel","Main use (own account and hire or reward)","Co. Roscommon","Number","542"
"Goods vehicles","2024","N3 - Vehicles used for the carriage of goods and having a maximum mass exceeding 12 tonnes","Diesel","Main use (own account and hire or reward)","Co. Sligo","Number","421"
"Goods vehicles","2024","N3 - Vehicles used for the carriage of goods and having a maximum mass exceeding 12 tonnes","Diesel","Main use (own account and hire or reward)","Co. Tipperary","Number","1551"
"Goods vehicles","2024","N3 - Vehicles used for the carriage of goods and having a maximum mass exceeding 12 tonnes","Diesel","Main use (own account and hire or reward)","Co. Waterford","Number","515"
"Goods vehicles","2024","N3 - Vehicles used for the carriage of goods and having a maximum mass exceeding 12 tonnes","Diesel","Main use (own account and hire or reward)","Co. Wicklow","Number","758"
"Goods vehicles","2024","N3 - Vehicles used for the carriage of goods and having a maximum mass exceeding 12 tonnes","Diesel","Main use (own account and hire or reward)","Co. Westmeath","Number","617"
"Goods vehicles","2024","N3 - Vehicles used for the carriage of goods and having a maximum mass exceeding 12 tonnes","Diesel","Main use (own account and hire or reward)","Co. Wexford","Number","1975"
"Goods vehicles","2024","N3 - Vehicles used for the carriage of goods and having a maximum mass exceeding 12 tonnes","Diesel","Main use (own account and hire or reward)","Ireland","Number","36860"
"Goods vehicles","2024","N3 - Vehicles used for the carriage of goods and having a maximum mass exceeding 12 tonnes","Diesel","Hire or reward","Co. Clare","Number","482"
"Goods vehicles","2024","N3 - Vehicles used for the carriage of goods and having a maximum mass exceeding 12 tonnes","Diesel","Hire or reward","Co. Cork","Number","890"
"Goods vehicles","2024","N3 - Vehicles used for the carriage of goods and having a maximum mass exceeding 12 tonnes","Diesel","Hire or reward","Co. Cavan","Number","244"
"Goods vehicles","2024","N3 - Vehicles used for the carriage of goods and having a maximum mass exceeding 12 tonnes","Diesel","Hire or reward","Co. Carlow","Number","77"
"Goods vehicles","2024","N3 - Vehicles used for the carriage of goods and having a maximum mass exceeding 12 tonnes","Diesel","Hire or reward","Co. Donegal","Number","407"
"Goods vehicles","2024","N3 - Vehicles used for the carriage of goods and having a maximum mass exceeding 12 tonnes","Diesel","Hire or reward","Co. Dublin","Number","985"
"Goods vehicles","2024","N3 - Vehicles used for the carriage of goods and having a maximum mass exceeding 12 tonnes","Diesel","Hire or reward","Co. Galway","Number","315"
"Goods vehicles","2024","N3 - Vehicles used for the carriage of goods and having a maximum mass exceeding 12 tonnes","Diesel","Hire or reward","Co. Kildare","Number","337"
"Goods vehicles","2024","N3 - Vehicles used for the carriage of goods and having a maximum mass exceeding 12 tonnes","Diesel","Hire or reward","Co. Kilkenny","Number","225"
"Goods vehicles","2024","N3 - Vehicles used for the carriage of goods and having a maximum mass exceeding 12 tonnes","Diesel","Hire or reward","Co. Kerry","Number","156"
"Goods vehicles","2024","N3 - Vehicles used for the carriage of goods and having a maximum mass exceeding 12 tonnes","Diesel","Hire or reward","Co. Longford","Number","48"
"Goods vehicles","2024","N3 - Vehicles used for the carriage of goods and having a maximum mass exceeding 12 tonnes","Diesel","Hire or reward","Co. Louth","Number","181"
"Goods vehicles","2024","N3 - Vehicles used for the carriage of goods and having a maximum mass exceeding 12 tonnes","Diesel","Hire or reward","Co. Limerick","Number","268"
"Goods vehicles","2024","N3 - Vehicles used for the carriage of goods and having a maximum mass exceeding 12 tonnes","Diesel","Hire or reward","Co. Leitrim","Number","67"
"Goods vehicles","2024","N3 - Vehicles used for the carriage of goods and having a maximum mass exceeding 12 tonnes","Diesel","Hire or reward","Co. Laois","Number","171"
"Goods vehicles","2024","N3 - Vehicles used for the carriage of goods and having a maximum mass exceeding 12 tonnes","Diesel","Hire or reward","Co. Meath","Number","371"
"Goods vehicles","2024","N3 - Vehicles used for the carriage of goods and having a maximum mass exceeding 12 tonnes","Diesel","Hire or reward","Co. Monaghan","Number","91"
"Goods vehicles","2024","N3 - Vehicles used for the carriage of goods and having a maximum mass exceeding 12 tonnes","Diesel","Hire or reward","Co. Mayo","Number","131"
"Goods vehicles","2024","N3 - Vehicles used for the carriage of goods and having a maximum mass exceeding 12 tonnes","Diesel","Hire or reward","Co. Offaly","Number","204"
"Goods vehicles","2024","N3 - Vehicles used for the carriage of goods and having a maximum mass exceeding 12 tonnes","Diesel","Hire or reward","Co. Roscommon","Number","99"
"Goods vehicles","2024","N3 - Vehicles used for the carriage of goods and having a maximum mass exceeding 12 tonnes","Diesel","Hire or reward","Co. Sligo","Number","81"
"Goods vehicles","2024","N3 - Vehicles used for the carriage of goods and having a maximum mass exceeding 12 tonnes","Diesel","Hire or reward","Co. Tipperary","Number","384"
"Goods vehicles","2024","N3 - Vehicles used for the carriage of goods and having a maximum mass exceeding 12 tonnes","Diesel","Hire or reward","Co. Waterford","Number","31"
"Goods vehicles","2024","N3 - Vehicles used for the carriage of goods and having a maximum mass exceeding 12 tonnes","Diesel","Hire or reward","Co. Wicklow","Number","165"
"Goods vehicles","2024","N3 - Vehicles used for the carriage of goods and having a maximum mass exceeding 12 tonnes","Diesel","Hire or reward","Co. Westmeath","Number","236"
"Goods vehicles","2024","N3 - Vehicles used for the carriage of goods and having a maximum mass exceeding 12 tonnes","Diesel","Hire or reward","Co. Wexford","Number","584"
"Goods vehicles","2024","N3 - Vehicles used for the carriage of goods and having a maximum mass exceeding 12 tonnes","Diesel","Hire or reward","Ireland","Number","7230"
"Goods vehicles","2024","N3 - Vehicles used for the carriage of goods and having a maximum mass exceeding 12 tonnes","Diesel","Own account","Co. Clare","Number","195"
"Goods vehicles","2024","N3 - Vehicles used for the carriage of goods and having a maximum mass exceeding 12 tonnes","Diesel","Own account","Co. Cork","Number","3407"
"Goods vehicles","2024","N3 - Vehicles used for the carriage of goods and having a maximum mass exceeding 12 tonnes","Diesel","Own account","Co. Cavan","Number","513"
"Goods vehicles","2024","N3 - Vehicles used for the carriage of goods and having a maximum mass exceeding 12 tonnes","Diesel","Own account","Co. Carlow","Number","622"
"Goods vehicles","2024","N3 - Vehicles used for the carriage of goods and having a maximum mass exceeding 12 tonnes","Diesel","Own account","Co. Donegal","Number","761"
"Goods vehicles","2024","N3 - Vehicles used for the carriage of goods and having a maximum mass exceeding 12 tonnes","Diesel","Own account","Co. Dublin","Number","6789"
"Goods vehicles","2024","N3 - Vehicles used for the carriage of goods and having a maximum mass exceeding 12 tonnes","Diesel","Own account","Co. Galway","Number","1509"
"Goods vehicles","2024","N3 - Vehicles used for the carriage of goods and having a maximum mass exceeding 12 tonnes","Diesel","Own account","Co. Kildare","Number","1677"
"Goods vehicles","2024","N3 - Vehicles used for the carriage of goods and having a maximum mass exceeding 12 tonnes","Diesel","Own account","Co. Kilkenny","Number","882"
"Goods vehicles","2024","N3 - Vehicles used for the carriage of goods and having a maximum mass exceeding 12 tonnes","Diesel","Own account","Co. Kerry","Number","758"
"Goods vehicles","2024","N3 - Vehicles used for the carriage of goods and having a maximum mass exceeding 12 tonnes","Diesel","Own account","Co. Longford","Number","457"
"Goods vehicles","2024","N3 - Vehicles used for the carriage of goods and having a maximum mass exceeding 12 tonnes","Diesel","Own account","Co. Louth","Number","680"
"Goods vehicles","2024","N3 - Vehicles used for the carriage of goods and having a maximum mass exceeding 12 tonnes","Diesel","Own account","Co. Limerick","Number","1434"
"Goods vehicles","2024","N3 - Vehicles used for the carriage of goods and having a maximum mass exceeding 12 tonnes","Diesel","Own account","Co. Leitrim","Number","140"
"Goods vehicles","2024","N3 - Vehicles used for the carriage of goods and having a maximum mass exceeding 12 tonnes","Diesel","Own account","Co. Laois","Number","646"
"Goods vehicles","2024","N3 - Vehicles used for the carriage of goods and having a maximum mass exceeding 12 tonnes","Diesel","Own account","Co. Meath","Number","1690"
"Goods vehicles","2024","N3 - Vehicles used for the carriage of goods and having a maximum mass exceeding 12 tonnes","Diesel","Own account","Co. Monaghan","Number","1393"
"Goods vehicles","2024","N3 - Vehicles used for the carriage of goods and having a maximum mass exceeding 12 tonnes","Diesel","Own account","Co. Mayo","Number","872"
"Goods vehicles","2024","N3 - Vehicles used for the carriage of goods and having a maximum mass exceeding 12 tonnes","Diesel","Own account","Co. Offaly","Number","406"
"Goods vehicles","2024","N3 - Vehicles used for the carriage of goods and having a maximum mass exceeding 12 tonnes","Diesel","Own account","Co. Roscommon","Number","443"
"Goods vehicles","2024","N3 - Vehicles used for the carriage of goods and having a maximum mass exceeding 12 tonnes","Diesel","Own account","Co. Sligo","Number","340"
"Goods vehicles","2024","N3 - Vehicles used for the carriage of goods and having a maximum mass exceeding 12 tonnes","Diesel","Own account","Co. Tipperary","Number","1167"
"Goods vehicles","2024","N3 - Vehicles used for the carriage of goods and having a maximum mass exceeding 12 tonnes","Diesel","Own account","Co. Waterford","Number","484"
"Goods vehicles","2024","N3 - Vehicles used for the carriage of goods and having a maximum mass exceeding 12 tonnes","Diesel","Own account","Co. Wicklow","Number","593"
"Goods vehicles","2024","N3 - Vehicles used for the carriage of goods and having a maximum mass exceeding 12 tonnes","Diesel","Own account","Co. Westmeath","Number","381"
"Goods vehicles","2024","N3 - Vehicles used for the carriage of goods and having a maximum mass exceeding 12 tonnes","Diesel","Own account","Co. Wexford","Number","1391"
"Goods vehicles","2024","N3 - Vehicles used for the carriage of goods and having a maximum mass exceeding 12 tonnes","Diesel","Own account","Ireland","Number","29630"
"Goods vehicles","2024","N3 - Vehicles used for the carriage of goods and having a maximum mass exceeding 12 tonnes","Battery Electric Vehicles (BEV)","Main use (own account and hire or reward)","Co. Clare","Number","1"
"Goods vehicles","2024","N3 - Vehicles used for the carriage of goods and having a maximum mass exceeding 12 tonnes","Battery Electric Vehicles (BEV)","Main use (own account and hire or reward)","Co. Cork","Number","6"
"Goods vehicles","2024","N3 - Vehicles used for the carriage of goods and having a maximum mass exceeding 12 tonnes","Battery Electric Vehicles (BEV)","Main use (own account and hire or reward)","Co. Cavan","Number",""
"Goods vehicles","2024","N3 - Vehicles used for the carriage of goods and having a maximum mass exceeding 12 tonnes","Battery Electric Vehicles (BEV)","Main use (own account and hire or reward)","Co. Carlow","Number",""
"Goods vehicles","2024","N3 - Vehicles used for the carriage of goods and having a maximum mass exceeding 12 tonnes","Battery Electric Vehicles (BEV)","Main use (own account and hire or reward)","Co. Donegal","Number",""
"Goods vehicles","2024","N3 - Vehicles used for the carriage of goods and having a maximum mass exceeding 12 tonnes","Battery Electric Vehicles (BEV)","Main use (own account and hire or reward)","Co. Dublin","Number","29"
"Goods vehicles","2024","N3 - Vehicles used for the carriage of goods and having a maximum mass exceeding 12 tonnes","Battery Electric Vehicles (BEV)","Main use (own account and hire or reward)","Co. Galway","Number","1"
"Goods vehicles","2024","N3 - Vehicles used for the carriage of goods and having a maximum mass exceeding 12 tonnes","Battery Electric Vehicles (BEV)","Main use (own account and hire or reward)","Co. Kildare","Number",""
"Goods vehicles","2024","N3 - Vehicles used for the carriage of goods and having a maximum mass exceeding 12 tonnes","Battery Electric Vehicles (BEV)","Main use (own account and hire or reward)","Co. Kilkenny","Number",""
"Goods vehicles","2024","N3 - Vehicles used for the carriage of goods and having a maximum mass exceeding 12 tonnes","Battery Electric Vehicles (BEV)","Main use (own account and hire or reward)","Co. Kerry","Number",""
"Goods vehicles","2024","N3 - Vehicles used for the carriage of goods and having a maximum mass exceeding 12 tonnes","Battery Electric Vehicles (BEV)","Main use (own account and hire or reward)","Co. Longford","Number",""
"Goods vehicles","2024","N3 - Vehicles used for the carriage of goods and having a maximum mass exceeding 12 tonnes","Battery Electric Vehicles (BEV)","Main use (own account and hire or reward)","Co. Louth","Number","2"
"Goods vehicles","2024","N3 - Vehicles used for the carriage of goods and having a maximum mass exceeding 12 tonnes","Battery Electric Vehicles (BEV)","Main use (own account and hire or reward)","Co. Limerick","Number","1"
"Goods vehicles","2024","N3 - Vehicles used for the carriage of goods and having a maximum mass exceeding 12 tonnes","Battery Electric Vehicles (BEV)","Main use (own account and hire or reward)","Co. Leitrim","Number",""
"Goods vehicles","2024","N3 - Vehicles used for the carriage of goods and having a maximum mass exceeding 12 tonnes","Battery Electric Vehicles (BEV)","Main use (own account and hire or reward)","Co. Laois","Number",""
"Goods vehicles","2024","N3 - Vehicles used for the carriage of goods and having a maximum mass exceeding 12 tonnes","Battery Electric Vehicles (BEV)","Main use (own account and hire or reward)","Co. Meath","Number",""
"Goods vehicles","2024","N3 - Vehicles used for the carriage of goods and having a maximum mass exceeding 12 tonnes","Battery Electric Vehicles (BEV)","Main use (own account and hire or reward)","Co. Monaghan","Number",""
"Goods vehicles","2024","N3 - Vehicles used for the carriage of goods and having a maximum mass exceeding 12 tonnes","Battery Electric Vehicles (BEV)","Main use (own account and hire or reward)","Co. Mayo","Number",""
"Goods vehicles","2024","N3 - Vehicles used for the carriage of goods and having a maximum mass exceeding 12 tonnes","Battery Electric Vehicles (BEV)","Main use (own account and hire or reward)","Co. Offaly","Number",""
"Goods vehicles","2024","N3 - Vehicles used for the carriage of goods and having a maximum mass exceeding 12 tonnes","Battery Electric Vehicles (BEV)","Main use (own account and hire or reward)","Co. Roscommon","Number",""
"Goods vehicles","2024","N3 - Vehicles used for the carriage of goods and having a maximum mass exceeding 12 tonnes","Battery Electric Vehicles (BEV)","Main use (own account and hire or reward)","Co. Sligo","Number",""
"Goods vehicles","2024","N3 - Vehicles used for the carriage of goods and having a maximum mass exceeding 12 tonnes","Battery Electric Vehicles (BEV)","Main use (own account and hire or reward)","Co. Tipperary","Number",""
"Goods vehicles","2024","N3 - Vehicles used for the carriage of goods and having a maximum mass exceeding 12 tonnes","Battery Electric Vehicles (BEV)","Main use (own account and hire or reward)","Co. Waterford","Number",""
"Goods vehicles","2024","N3 - Vehicles used for the carriage of goods and having a maximum mass exceeding 12 tonnes","Battery Electric Vehicles (BEV)","Main use (own account and hire or reward)","Co. Wicklow","Number",""
"Goods vehicles","2024","N3 - Vehicles used for the carriage of goods and having a maximum mass exceeding 12 tonnes","Battery Electric Vehicles (BEV)","Main use (own account and hire or reward)","Co. Westmeath","Number",""
"Goods vehicles","2024","N3 - Vehicles used for the carriage of goods and having a maximum mass exceeding 12 tonnes","Battery Electric Vehicles (BEV)","Main use (own account and hire or reward)","Co. Wexford","Number",""
"Goods vehicles","2024","N3 - Vehicles used for the carriage of goods and having a maximum mass exceeding 12 tonnes","Battery Electric Vehicles (BEV)","Main use (own account and hire or reward)","Ireland","Number","40"
"Goods vehicles","2024","N3 - Vehicles used for the carriage of goods and having a maximum mass exceeding 12 tonnes","Battery Electric Vehicles (BEV)","Hire or reward","Co. Clare","Number","1"
"Goods vehicles","2024","N3 - Vehicles used for the carriage of goods and having a maximum mass exceeding 12 tonnes","Battery Electric Vehicles (BEV)","Hire or reward","Co. Cork","Number","3"
"Goods vehicles","2024","N3 - Vehicles used for the carriage of goods and having a maximum mass exceeding 12 tonnes","Battery Electric Vehicles (BEV)","Hire or reward","Co. Cavan","Number",""
"Goods vehicles","2024","N3 - Vehicles used for the carriage of goods and having a maximum mass exceeding 12 tonnes","Battery Electric Vehicles (BEV)","Hire or reward","Co. Carlow","Number",""
"Goods vehicles","2024","N3 - Vehicles used for the carriage of goods and having a maximum mass exceeding 12 tonnes","Battery Electric Vehicles (BEV)","Hire or reward","Co. Donegal","Number",""
"Goods vehicles","2024","N3 - Vehicles used for the carriage of goods and having a maximum mass exceeding 12 tonnes","Battery Electric Vehicles (BEV)","Hire or reward","Co. Dublin","Number","5"
"Goods vehicles","2024","N3 - Vehicles used for the carriage of goods and having a maximum mass exceeding 12 tonnes","Battery Electric Vehicles (BEV)","Hire or reward","Co. Galway","Number",""
"Goods vehicles","2024","N3 - Vehicles used for the carriage of goods and having a maximum mass exceeding 12 tonnes","Battery Electric Vehicles (BEV)","Hire or reward","Co. Kildare","Number",""
"Goods vehicles","2024","N3 - Vehicles used for the carriage of goods and having a maximum mass exceeding 12 tonnes","Battery Electric Vehicles (BEV)","Hire or reward","Co. Kilkenny","Number",""
"Goods vehicles","2024","N3 - Vehicles used for the carriage of goods and having a maximum mass exceeding 12 tonnes","Battery Electric Vehicles (BEV)","Hire or reward","Co. Kerry","Number",""
"Goods vehicles","2024","N3 - Vehicles used for the carriage of goods and having a maximum mass exceeding 12 tonnes","Battery Electric Vehicles (BEV)","Hire or reward","Co. Longford","Number",""
"Goods vehicles","2024","N3 - Vehicles used for the carriage of goods and having a maximum mass exceeding 12 tonnes","Battery Electric Vehicles (BEV)","Hire or reward","Co. Louth","Number","2"
"Goods vehicles","2024","N3 - Vehicles used for the carriage of goods and having a maximum mass exceeding 12 tonnes","Battery Electric Vehicles (BEV)","Hire or reward","Co. Limerick","Number",""
"Goods vehicles","2024","N3 - Vehicles used for the carriage of goods and having a maximum mass exceeding 12 tonnes","Battery Electric Vehicles (BEV)","Hire or reward","Co. Leitrim","Number",""
"Goods vehicles","2024","N3 - Vehicles used for the carriage of goods and having a maximum mass exceeding 12 tonnes","Battery Electric Vehicles (BEV)","Hire or reward","Co. Laois","Number",""
"Goods vehicles","2024","N3 - Vehicles used for the carriage of goods and having a maximum mass exceeding 12 tonnes","Battery Electric Vehicles (BEV)","Hire or reward","Co. Meath","Number",""
"Goods vehicles","2024","N3 - Vehicles used for the carriage of goods and having a maximum mass exceeding 12 tonnes","Battery Electric Vehicles (BEV)","Hire or reward","Co. Monaghan","Number",""
"Goods vehicles","2024","N3 - Vehicles used for the carriage of goods and having a maximum mass exceeding 12 tonnes","Battery Electric Vehicles (BEV)","Hire or reward","Co. Mayo","Number",""
"Goods vehicles","2024","N3 - Vehicles used for the carriage of goods and having a maximum mass exceeding 12 tonnes","Battery Electric Vehicles (BEV)","Hire or reward","Co. Offaly","Number",""
"Goods vehicles","2024","N3 - Vehicles used for the carriage of goods and having a maximum mass exceeding 12 tonnes","Battery Electric Vehicles (BEV)","Hire or reward","Co. Roscommon","Number",""
"Goods vehicles","2024","N3 - Vehicles used for the carriage of goods and having a maximum mass exceeding 12 tonnes","Battery Electric Vehicles (BEV)","Hire or reward","Co. Sligo","Number",""
"Goods vehicles","2024","N3 - Vehicles used for the carriage of goods and having a maximum mass exceeding 12 tonnes","Battery Electric Vehicles (BEV)","Hire or reward","Co. Tipperary","Number",""
"Goods vehicles","2024","N3 - Vehicles used for the carriage of goods and having a maximum mass exceeding 12 tonnes","Battery Electric Vehicles (BEV)","Hire or reward","Co. Waterford","Number",""
"Goods vehicles","2024","N3 - Vehicles used for the carriage of goods and having a maximum mass exceeding 12 tonnes","Battery Electric Vehicles (BEV)","Hire or reward","Co. Wicklow","Number",""
"Goods vehicles","2024","N3 - Vehicles used for the carriage of goods and having a maximum mass exceeding 12 tonnes","Battery Electric Vehicles (BEV)","Hire or reward","Co. Westmeath","Number",""
"Goods vehicles","2024","N3 - Vehicles used for the carriage of goods and having a maximum mass exceeding 12 tonnes","Battery Electric Vehicles (BEV)","Hire or reward","Co. Wexford","Number",""
"Goods vehicles","2024","N3 - Vehicles used for the carriage of goods and having a maximum mass exceeding 12 tonnes","Battery Electric Vehicles (BEV)","Hire or reward","Ireland","Number","11"
"Goods vehicles","2024","N3 - Vehicles used for the carriage of goods and having a maximum mass exceeding 12 tonnes","Battery Electric Vehicles (BEV)","Own account","Co. Clare","Number",""
"Goods vehicles","2024","N3 - Vehicles used for the carriage of goods and having a maximum mass exceeding 12 tonnes","Battery Electric Vehicles (BEV)","Own account","Co. Cork","Number","3"
"Goods vehicles","2024","N3 - Vehicles used for the carriage of goods and having a maximum mass exceeding 12 tonnes","Battery Electric Vehicles (BEV)","Own account","Co. Cavan","Number",""
"Goods vehicles","2024","N3 - Vehicles used for the carriage of goods and having a maximum mass exceeding 12 tonnes","Battery Electric Vehicles (BEV)","Own account","Co. Carlow","Number",""
"Goods vehicles","2024","N3 - Vehicles used for the carriage of goods and having a maximum mass exceeding 12 tonnes","Battery Electric Vehicles (BEV)","Own account","Co. Donegal","Number",""
"Goods vehicles","2024","N3 - Vehicles used for the carriage of goods and having a maximum mass exceeding 12 tonnes","Battery Electric Vehicles (BEV)","Own account","Co. Dublin","Number","24"
"Goods vehicles","2024","N3 - Vehicles used for the carriage of goods and having a maximum mass exceeding 12 tonnes","Battery Electric Vehicles (BEV)","Own account","Co. Galway","Number","1"
"Goods vehicles","2024","N3 - Vehicles used for the carriage of goods and having a maximum mass exceeding 12 tonnes","Battery Electric Vehicles (BEV)","Own account","Co. Kildare","Number",""
"Goods vehicles","2024","N3 - Vehicles used for the carriage of goods and having a maximum mass exceeding 12 tonnes","Battery Electric Vehicles (BEV)","Own account","Co. Kilkenny","Number",""
"Goods vehicles","2024","N3 - Vehicles used for the carriage of goods and having a maximum mass exceeding 12 tonnes","Battery Electric Vehicles (BEV)","Own account","Co. Kerry","Number",""
"Goods vehicles","2024","N3 - Vehicles used for the carriage of goods and having a maximum mass exceeding 12 tonnes","Battery Electric Vehicles (BEV)","Own account","Co. Longford","Number",""
"Goods vehicles","2024","N3 - Vehicles used for the carriage of goods and having a maximum mass exceeding 12 tonnes","Battery Electric Vehicles (BEV)","Own account","Co. Louth","Number",""
"Goods vehicles","2024","N3 - Vehicles used for the carriage of goods and having a maximum mass exceeding 12 tonnes","Battery Electric Vehicles (BEV)","Own account","Co. Limerick","Number","1"
"Goods vehicles","2024","N3 - Vehicles used for the carriage of goods and having a maximum mass exceeding 12 tonnes","Battery Electric Vehicles (BEV)","Own account","Co. Leitrim","Number",""
"Goods vehicles","2024","N3 - Vehicles used for the carriage of goods and having a maximum mass exceeding 12 tonnes","Battery Electric Vehicles (BEV)","Own account","Co. Laois","Number",""
"Goods vehicles","2024","N3 - Vehicles used for the carriage of goods and having a maximum mass exceeding 12 tonnes","Battery Electric Vehicles (BEV)","Own account","Co. Meath","Number",""
"Goods vehicles","2024","N3 - Vehicles used for the carriage of goods and having a maximum mass exceeding 12 tonnes","Battery Electric Vehicles (BEV)","Own account","Co. Monaghan","Number",""
"Goods vehicles","2024","N3 - Vehicles used for the carriage of goods and having a maximum mass exceeding 12 tonnes","Battery Electric Vehicles (BEV)","Own account","Co. Mayo","Number",""
"Goods vehicles","2024","N3 - Vehicles used for the carriage of goods and having a maximum mass exceeding 12 tonnes","Battery Electric Vehicles (BEV)","Own account","Co. Offaly","Number",""
"Goods vehicles","2024","N3 - Vehicles used for the carriage of goods and having a maximum mass exceeding 12 tonnes","Battery Electric Vehicles (BEV)","Own account","Co. Roscommon","Number",""
"Goods vehicles","2024","N3 - Vehicles used for the carriage of goods and having a maximum mass exceeding 12 tonnes","Battery Electric Vehicles (BEV)","Own account","Co. Sligo","Number",""
"Goods vehicles","2024","N3 - Vehicles used for the carriage of goods and having a maximum mass exceeding 12 tonnes","Battery Electric Vehicles (BEV)","Own account","Co. Tipperary","Number",""
"Goods vehicles","2024","N3 - Vehicles used for the carriage of goods and having a maximum mass exceeding 12 tonnes","Battery Electric Vehicles (BEV)","Own account","Co. Waterford","Number",""
"Goods vehicles","2024","N3 - Vehicles used for the carriage of goods and having a maximum mass exceeding 12 tonnes","Battery Electric Vehicles (BEV)","Own account","Co. Wicklow","Number",""
"Goods vehicles","2024","N3 - Vehicles used for the carriage of goods and having a maximum mass exceeding 12 tonnes","Battery Electric Vehicles (BEV)","Own account","Co. Westmeath","Number",""
"Goods vehicles","2024","N3 - Vehicles used for the carriage of goods and having a maximum mass exceeding 12 tonnes","Battery Electric Vehicles (BEV)","Own account","Co. Wexford","Number",""
"Goods vehicles","2024","N3 - Vehicles used for the carriage of goods and having a maximum mass exceeding 12 tonnes","Battery Electric Vehicles (BEV)","Own account","Ireland","Number","29"
"Goods vehicles","2024","N3 - Vehicles used for the carriage of goods and having a maximum mass exceeding 12 tonnes","Plug-in hybrid electric vehicles (PHEV)","Main use (own account and hire or reward)","Co. Clare","Number",""
"Goods vehicles","2024","N3 - Vehicles used for the carriage of goods and having a maximum mass exceeding 12 tonnes","Plug-in hybrid electric vehicles (PHEV)","Main use (own account and hire or reward)","Co. Cork","Number",""
"Goods vehicles","2024","N3 - Vehicles used for the carriage of goods and having a maximum mass exceeding 12 tonnes","Plug-in hybrid electric vehicles (PHEV)","Main use (own account and hire or reward)","Co. Cavan","Number",""
"Goods vehicles","2024","N3 - Vehicles used for the carriage of goods and having a maximum mass exceeding 12 tonnes","Plug-in hybrid electric vehicles (PHEV)","Main use (own account and hire or reward)","Co. Carlow","Number",""
"Goods vehicles","2024","N3 - Vehicles used for the carriage of goods and having a maximum mass exceeding 12 tonnes","Plug-in hybrid electric vehicles (PHEV)","Main use (own account and hire or reward)","Co. Donegal","Number",""
"Goods vehicles","2024","N3 - Vehicles used for the carriage of goods and having a maximum mass exceeding 12 tonnes","Plug-in hybrid electric vehicles (PHEV)","Main use (own account and hire or reward)","Co. Dublin","Number",""
"Goods vehicles","2024","N3 - Vehicles used for the carriage of goods and having a maximum mass exceeding 12 tonnes","Plug-in hybrid electric vehicles (PHEV)","Main use (own account and hire or reward)","Co. Galway","Number",""
"Goods vehicles","2024","N3 - Vehicles used for the carriage of goods and having a maximum mass exceeding 12 tonnes","Plug-in hybrid electric vehicles (PHEV)","Main use (own account and hire or reward)","Co. Kildare","Number",""
"Goods vehicles","2024","N3 - Vehicles used for the carriage of goods and having a maximum mass exceeding 12 tonnes","Plug-in hybrid electric vehicles (PHEV)","Main use (own account and hire or reward)","Co. Kilkenny","Number",""
"Goods vehicles","2024","N3 - Vehicles used for the carriage of goods and having a maximum mass exceeding 12 tonnes","Plug-in hybrid electric vehicles (PHEV)","Main use (own account and hire or reward)","Co. Kerry","Number",""
"Goods vehicles","2024","N3 - Vehicles used for the carriage of goods and having a maximum mass exceeding 12 tonnes","Plug-in hybrid electric vehicles (PHEV)","Main use (own account and hire or reward)","Co. Longford","Number",""
"Goods vehicles","2024","N3 - Vehicles used for the carriage of goods and having a maximum mass exceeding 12 tonnes","Plug-in hybrid electric vehicles (PHEV)","Main use (own account and hire or reward)","Co. Louth","Number",""
"Goods vehicles","2024","N3 - Vehicles used for the carriage of goods and having a maximum mass exceeding 12 tonnes","Plug-in hybrid electric vehicles (PHEV)","Main use (own account and hire or reward)","Co. Limerick","Number",""
"Goods vehicles","2024","N3 - Vehicles used for the carriage of goods and having a maximum mass exceeding 12 tonnes","Plug-in hybrid electric vehicles (PHEV)","Main use (own account and hire or reward)","Co. Leitrim","Number",""
"Goods vehicles","2024","N3 - Vehicles used for the carriage of goods and having a maximum mass exceeding 12 tonnes","Plug-in hybrid electric vehicles (PHEV)","Main use (own account and hire or reward)","Co. Laois","Number",""
"Goods vehicles","2024","N3 - Vehicles used for the carriage of goods and having a maximum mass exceeding 12 tonnes","Plug-in hybrid electric vehicles (PHEV)","Main use (own account and hire or reward)","Co. Meath","Number",""
"Goods vehicles","2024","N3 - Vehicles used for the carriage of goods and having a maximum mass exceeding 12 tonnes","Plug-in hybrid electric vehicles (PHEV)","Main use (own account and hire or reward)","Co. Monaghan","Number",""
"Goods vehicles","2024","N3 - Vehicles used for the carriage of goods and having a maximum mass exceeding 12 tonnes","Plug-in hybrid electric vehicles (PHEV)","Main use (own account and hire or reward)","Co. Mayo","Number",""
"Goods vehicles","2024","N3 - Vehicles used for the carriage of goods and having a maximum mass exceeding 12 tonnes","Plug-in hybrid electric vehicles (PHEV)","Main use (own account and hire or reward)","Co. Offaly","Number",""
"Goods vehicles","2024","N3 - Vehicles used for the carriage of goods and having a maximum mass exceeding 12 tonnes","Plug-in hybrid electric vehicles (PHEV)","Main use (own account and hire or reward)","Co. Roscommon","Number",""
"Goods vehicles","2024","N3 - Vehicles used for the carriage of goods and having a maximum mass exceeding 12 tonnes","Plug-in hybrid electric vehicles (PHEV)","Main use (own account and hire or reward)","Co. Sligo","Number",""
"Goods vehicles","2024","N3 - Vehicles used for the carriage of goods and having a maximum mass exceeding 12 tonnes","Plug-in hybrid electric vehicles (PHEV)","Main use (own account and hire or reward)","Co. Tipperary","Number","1"
"Goods vehicles","2024","N3 - Vehicles used for the carriage of goods and having a maximum mass exceeding 12 tonnes","Plug-in hybrid electric vehicles (PHEV)","Main use (own account and hire or reward)","Co. Waterford","Number",""
"Goods vehicles","2024","N3 - Vehicles used for the carriage of goods and having a maximum mass exceeding 12 tonnes","Plug-in hybrid electric vehicles (PHEV)","Main use (own account and hire or reward)","Co. Wicklow","Number",""
"Goods vehicles","2024","N3 - Vehicles used for the carriage of goods and having a maximum mass exceeding 12 tonnes","Plug-in hybrid electric vehicles (PHEV)","Main use (own account and hire or reward)","Co. Westmeath","Number",""
"Goods vehicles","2024","N3 - Vehicles used for the carriage of goods and having a maximum mass exceeding 12 tonnes","Plug-in hybrid electric vehicles (PHEV)","Main use (own account and hire or reward)","Co. Wexford","Number",""
"Goods vehicles","2024","N3 - Vehicles used for the carriage of goods and having a maximum mass exceeding 12 tonnes","Plug-in hybrid electric vehicles (PHEV)","Main use (own account and hire or reward)","Ireland","Number","1"
"Goods vehicles","2024","N3 - Vehicles used for the carriage of goods and having a maximum mass exceeding 12 tonnes","Plug-in hybrid electric vehicles (PHEV)","Hire or reward","Co. Clare","Number",""
"Goods vehicles","2024","N3 - Vehicles used for the carriage of goods and having a maximum mass exceeding 12 tonnes","Plug-in hybrid electric vehicles (PHEV)","Hire or reward","Co. Cork","Number",""
"Goods vehicles","2024","N3 - Vehicles used for the carriage of goods and having a maximum mass exceeding 12 tonnes","Plug-in hybrid electric vehicles (PHEV)","Hire or reward","Co. Cavan","Number",""
"Goods vehicles","2024","N3 - Vehicles used for the carriage of goods and having a maximum mass exceeding 12 tonnes","Plug-in hybrid electric vehicles (PHEV)","Hire or reward","Co. Carlow","Number",""
"Goods vehicles","2024","N3 - Vehicles used for the carriage of goods and having a maximum mass exceeding 12 tonnes","Plug-in hybrid electric vehicles (PHEV)","Hire or reward","Co. Donegal","Number",""
"Goods vehicles","2024","N3 - Vehicles used for the carriage of goods and having a maximum mass exceeding 12 tonnes","Plug-in hybrid electric vehicles (PHEV)","Hire or reward","Co. Dublin","Number",""
"Goods vehicles","2024","N3 - Vehicles used for the carriage of goods and having a maximum mass exceeding 12 tonnes","Plug-in hybrid electric vehicles (PHEV)","Hire or reward","Co. Galway","Number",""
"Goods vehicles","2024","N3 - Vehicles used for the carriage of goods and having a maximum mass exceeding 12 tonnes","Plug-in hybrid electric vehicles (PHEV)","Hire or reward","Co. Kildare","Number",""
"Goods vehicles","2024","N3 - Vehicles used for the carriage of goods and having a maximum mass exceeding 12 tonnes","Plug-in hybrid electric vehicles (PHEV)","Hire or reward","Co. Kilkenny","Number",""
"Goods vehicles","2024","N3 - Vehicles used for the carriage of goods and having a maximum mass exceeding 12 tonnes","Plug-in hybrid electric vehicles (PHEV)","Hire or reward","Co. Kerry","Number",""
"Goods vehicles","2024","N3 - Vehicles used for the carriage of goods and having a maximum mass exceeding 12 tonnes","Plug-in hybrid electric vehicles (PHEV)","Hire or reward","Co. Longford","Number",""
"Goods vehicles","2024","N3 - Vehicles used for the carriage of goods and having a maximum mass exceeding 12 tonnes","Plug-in hybrid electric vehicles (PHEV)","Hire or reward","Co. Louth","Number",""
"Goods vehicles","2024","N3 - Vehicles used for the carriage of goods and having a maximum mass exceeding 12 tonnes","Plug-in hybrid electric vehicles (PHEV)","Hire or reward","Co. Limerick","Number",""
"Goods vehicles","2024","N3 - Vehicles used for the carriage of goods and having a maximum mass exceeding 12 tonnes","Plug-in hybrid electric vehicles (PHEV)","Hire or reward","Co. Leitrim","Number",""
"Goods vehicles","2024","N3 - Vehicles used for the carriage of goods and having a maximum mass exceeding 12 tonnes","Plug-in hybrid electric vehicles (PHEV)","Hire or reward","Co. Laois","Number",""
"Goods vehicles","2024","N3 - Vehicles used for the carriage of goods and having a maximum mass exceeding 12 tonnes","Plug-in hybrid electric vehicles (PHEV)","Hire or reward","Co. Meath","Number",""
"Goods vehicles","2024","N3 - Vehicles used for the carriage of goods and having a maximum mass exceeding 12 tonnes","Plug-in hybrid electric vehicles (PHEV)","Hire or reward","Co. Monaghan","Number",""
"Goods vehicles","2024","N3 - Vehicles used for the carriage of goods and having a maximum mass exceeding 12 tonnes","Plug-in hybrid electric vehicles (PHEV)","Hire or reward","Co. Mayo","Number",""
"Goods vehicles","2024","N3 - Vehicles used for the carriage of goods and having a maximum mass exceeding 12 tonnes","Plug-in hybrid electric vehicles (PHEV)","Hire or reward","Co. Offaly","Number",""
"Goods vehicles","2024","N3 - Vehicles used for the carriage of goods and having a maximum mass exceeding 12 tonnes","Plug-in hybrid electric vehicles (PHEV)","Hire or reward","Co. Roscommon","Number",""
"Goods vehicles","2024","N3 - Vehicles used for the carriage of goods and having a maximum mass exceeding 12 tonnes","Plug-in hybrid electric vehicles (PHEV)","Hire or reward","Co. Sligo","Number",""
"Goods vehicles","2024","N3 - Vehicles used for the carriage of goods and having a maximum mass exceeding 12 tonnes","Plug-in hybrid electric vehicles (PHEV)","Hire or reward","Co. Tipperary","Number",""
"Goods vehicles","2024","N3 - Vehicles used for the carriage of goods and having a maximum mass exceeding 12 tonnes","Plug-in hybrid electric vehicles (PHEV)","Hire or reward","Co. Waterford","Number",""
"Goods vehicles","2024","N3 - Vehicles used for the carriage of goods and having a maximum mass exceeding 12 tonnes","Plug-in hybrid electric vehicles (PHEV)","Hire or reward","Co. Wicklow","Number",""
"Goods vehicles","2024","N3 - Vehicles used for the carriage of goods and having a maximum mass exceeding 12 tonnes","Plug-in hybrid electric vehicles (PHEV)","Hire or reward","Co. Westmeath","Number",""
"Goods vehicles","2024","N3 - Vehicles used for the carriage of goods and having a maximum mass exceeding 12 tonnes","Plug-in hybrid electric vehicles (PHEV)","Hire or reward","Co. Wexford","Number",""
"Goods vehicles","2024","N3 - Vehicles used for the carriage of goods and having a maximum mass exceeding 12 tonnes","Plug-in hybrid electric vehicles (PHEV)","Hire or reward","Ireland","Number",""
"Goods vehicles","2024","N3 - Vehicles used for the carriage of goods and having a maximum mass exceeding 12 tonnes","Plug-in hybrid electric vehicles (PHEV)","Own account","Co. Clare","Number",""
"Goods vehicles","2024","N3 - Vehicles used for the carriage of goods and having a maximum mass exceeding 12 tonnes","Plug-in hybrid electric vehicles (PHEV)","Own account","Co. Cork","Number",""
"Goods vehicles","2024","N3 - Vehicles used for the carriage of goods and having a maximum mass exceeding 12 tonnes","Plug-in hybrid electric vehicles (PHEV)","Own account","Co. Cavan","Number",""
"Goods vehicles","2024","N3 - Vehicles used for the carriage of goods and having a maximum mass exceeding 12 tonnes","Plug-in hybrid electric vehicles (PHEV)","Own account","Co. Carlow","Number",""
"Goods vehicles","2024","N3 - Vehicles used for the carriage of goods and having a maximum mass exceeding 12 tonnes","Plug-in hybrid electric vehicles (PHEV)","Own account","Co. Donegal","Number",""
"Goods vehicles","2024","N3 - Vehicles used for the carriage of goods and having a maximum mass exceeding 12 tonnes","Plug-in hybrid electric vehicles (PHEV)","Own account","Co. Dublin","Number",""
"Goods vehicles","2024","N3 - Vehicles used for the carriage of goods and having a maximum mass exceeding 12 tonnes","Plug-in hybrid electric vehicles (PHEV)","Own account","Co. Galway","Number",""
"Goods vehicles","2024","N3 - Vehicles used for the carriage of goods and having a maximum mass exceeding 12 tonnes","Plug-in hybrid electric vehicles (PHEV)","Own account","Co. Kildare","Number",""
"Goods vehicles","2024","N3 - Vehicles used for the carriage of goods and having a maximum mass exceeding 12 tonnes","Plug-in hybrid electric vehicles (PHEV)","Own account","Co. Kilkenny","Number",""
"Goods vehicles","2024","N3 - Vehicles used for the carriage of goods and having a maximum mass exceeding 12 tonnes","Plug-in hybrid electric vehicles (PHEV)","Own account","Co. Kerry","Number",""
"Goods vehicles","2024","N3 - Vehicles used for the carriage of goods and having a maximum mass exceeding 12 tonnes","Plug-in hybrid electric vehicles (PHEV)","Own account","Co. Longford","Number",""
"Goods vehicles","2024","N3 - Vehicles used for the carriage of goods and having a maximum mass exceeding 12 tonnes","Plug-in hybrid electric vehicles (PHEV)","Own account","Co. Louth","Number",""
"Goods vehicles","2024","N3 - Vehicles used for the carriage of goods and having a maximum mass exceeding 12 tonnes","Plug-in hybrid electric vehicles (PHEV)","Own account","Co. Limerick","Number",""
"Goods vehicles","2024","N3 - Vehicles used for the carriage of goods and having a maximum mass exceeding 12 tonnes","Plug-in hybrid electric vehicles (PHEV)","Own account","Co. Leitrim","Number",""
"Goods vehicles","2024","N3 - Vehicles used for the carriage of goods and having a maximum mass exceeding 12 tonnes","Plug-in hybrid electric vehicles (PHEV)","Own account","Co. Laois","Number",""
"Goods vehicles","2024","N3 - Vehicles used for the carriage of goods and having a maximum mass exceeding 12 tonnes","Plug-in hybrid electric vehicles (PHEV)","Own account","Co. Meath","Number",""
"Goods vehicles","2024","N3 - Vehicles used for the carriage of goods and having a maximum mass exceeding 12 tonnes","Plug-in hybrid electric vehicles (PHEV)","Own account","Co. Monaghan","Number",""
"Goods vehicles","2024","N3 - Vehicles used for the carriage of goods and having a maximum mass exceeding 12 tonnes","Plug-in hybrid electric vehicles (PHEV)","Own account","Co. Mayo","Number",""
"Goods vehicles","2024","N3 - Vehicles used for the carriage of goods and having a maximum mass exceeding 12 tonnes","Plug-in hybrid electric vehicles (PHEV)","Own account","Co. Offaly","Number",""
"Goods vehicles","2024","N3 - Vehicles used for the carriage of goods and having a maximum mass exceeding 12 tonnes","Plug-in hybrid electric vehicles (PHEV)","Own account","Co. Roscommon","Number",""
"Goods vehicles","2024","N3 - Vehicles used for the carriage of goods and having a maximum mass exceeding 12 tonnes","Plug-in hybrid electric vehicles (PHEV)","Own account","Co. Sligo","Number",""
"Goods vehicles","2024","N3 - Vehicles used for the carriage of goods and having a maximum mass exceeding 12 tonnes","Plug-in hybrid electric vehicles (PHEV)","Own account","Co. Tipperary","Number","1"
"Goods vehicles","2024","N3 - Vehicles used for the carriage of goods and having a maximum mass exceeding 12 tonnes","Plug-in hybrid electric vehicles (PHEV)","Own account","Co. Waterford","Number",""
"Goods vehicles","2024","N3 - Vehicles used for the carriage of goods and having a maximum mass exceeding 12 tonnes","Plug-in hybrid electric vehicles (PHEV)","Own account","Co. Wicklow","Number",""
"Goods vehicles","2024","N3 - Vehicles used for the carriage of goods and having a maximum mass exceeding 12 tonnes","Plug-in hybrid electric vehicles (PHEV)","Own account","Co. Westmeath","Number",""
"Goods vehicles","2024","N3 - Vehicles used for the carriage of goods and having a maximum mass exceeding 12 tonnes","Plug-in hybrid electric vehicles (PHEV)","Own account","Co. Wexford","Number",""
"Goods vehicles","2024","N3 - Vehicles used for the carriage of goods and having a maximum mass exceeding 12 tonnes","Plug-in hybrid electric vehicles (PHEV)","Own account","Ireland","Number","1"
"Goods vehicles","2024","N3 - Vehicles used for the carriage of goods and having a maximum mass exceeding 12 tonnes","Other fuel types","Main use (own account and hire or reward)","Co. Clare","Number","4"
"Goods vehicles","2024","N3 - Vehicles used for the carriage of goods and having a maximum mass exceeding 12 tonnes","Other fuel types","Main use (own account and hire or reward)","Co. Cork","Number","13"
"Goods vehicles","2024","N3 - Vehicles used for the carriage of goods and having a maximum mass exceeding 12 tonnes","Other fuel types","Main use (own account and hire or reward)","Co. Cavan","Number","13"
"Goods vehicles","2024","N3 - Vehicles used for the carriage of goods and having a maximum mass exceeding 12 tonnes","Other fuel types","Main use (own account and hire or reward)","Co. Carlow","Number","1"
"Goods vehicles","2024","N3 - Vehicles used for the carriage of goods and having a maximum mass exceeding 12 tonnes","Other fuel types","Main use (own account and hire or reward)","Co. Donegal","Number",""
"Goods vehicles","2024","N3 - Vehicles used for the carriage of goods and having a maximum mass exceeding 12 tonnes","Other fuel types","Main use (own account and hire or reward)","Co. Dublin","Number","96"
"Goods vehicles","2024","N3 - Vehicles used for the carriage of goods and having a maximum mass exceeding 12 tonnes","Other fuel types","Main use (own account and hire or reward)","Co. Galway","Number","2"
"Goods vehicles","2024","N3 - Vehicles used for the carriage of goods and having a maximum mass exceeding 12 tonnes","Other fuel types","Main use (own account and hire or reward)","Co. Kildare","Number","20"
"Goods vehicles","2024","N3 - Vehicles used for the carriage of goods and having a maximum mass exceeding 12 tonnes","Other fuel types","Main use (own account and hire or reward)","Co. Kilkenny","Number",""
"Goods vehicles","2024","N3 - Vehicles used for the carriage of goods and having a maximum mass exceeding 12 tonnes","Other fuel types","Main use (own account and hire or reward)","Co. Kerry","Number",""
"Goods vehicles","2024","N3 - Vehicles used for the carriage of goods and having a maximum mass exceeding 12 tonnes","Other fuel types","Main use (own account and hire or reward)","Co. Longford","Number","1"
"Goods vehicles","2024","N3 - Vehicles used for the carriage of goods and having a maximum mass exceeding 12 tonnes","Other fuel types","Main use (own account and hire or reward)","Co. Louth","Number","1"
"Goods vehicles","2024","N3 - Vehicles used for the carriage of goods and having a maximum mass exceeding 12 tonnes","Other fuel types","Main use (own account and hire or reward)","Co. Limerick","Number","3"
"Goods vehicles","2024","N3 - Vehicles used for the carriage of goods and having a maximum mass exceeding 12 tonnes","Other fuel types","Main use (own account and hire or reward)","Co. Leitrim","Number",""
"Goods vehicles","2024","N3 - Vehicles used for the carriage of goods and having a maximum mass exceeding 12 tonnes","Other fuel types","Main use (own account and hire or reward)","Co. Laois","Number",""
"Goods vehicles","2024","N3 - Vehicles used for the carriage of goods and having a maximum mass exceeding 12 tonnes","Other fuel types","Main use (own account and hire or reward)","Co. Meath","Number","11"
"Goods vehicles","2024","N3 - Vehicles used for the carriage of goods and having a maximum mass exceeding 12 tonnes","Other fuel types","Main use (own account and hire or reward)","Co. Monaghan","Number","2"
"Goods vehicles","2024","N3 - Vehicles used for the carriage of goods and having a maximum mass exceeding 12 tonnes","Other fuel types","Main use (own account and hire or reward)","Co. Mayo","Number",""
"Goods vehicles","2024","N3 - Vehicles used for the carriage of goods and having a maximum mass exceeding 12 tonnes","Other fuel types","Main use (own account and hire or reward)","Co. Offaly","Number",""
"Goods vehicles","2024","N3 - Vehicles used for the carriage of goods and having a maximum mass exceeding 12 tonnes","Other fuel types","Main use (own account and hire or reward)","Co. Roscommon","Number",""
"Goods vehicles","2024","N3 - Vehicles used for the carriage of goods and having a maximum mass exceeding 12 tonnes","Other fuel types","Main use (own account and hire or reward)","Co. Sligo","Number",""
"Goods vehicles","2024","N3 - Vehicles used for the carriage of goods and having a maximum mass exceeding 12 tonnes","Other fuel types","Main use (own account and hire or reward)","Co. Tipperary","Number",""
"Goods vehicles","2024","N3 - Vehicles used for the carriage of goods and having a maximum mass exceeding 12 tonnes","Other fuel types","Main use (own account and hire or reward)","Co. Waterford","Number",""
"Goods vehicles","2024","N3 - Vehicles used for the carriage of goods and having a maximum mass exceeding 12 tonnes","Other fuel types","Main use (own account and hire or reward)","Co. Wicklow","Number",""
"Goods vehicles","2024","N3 - Vehicles used for the carriage of goods and having a maximum mass exceeding 12 tonnes","Other fuel types","Main use (own account and hire or reward)","Co. Westmeath","Number",""
"Goods vehicles","2024","N3 - Vehicles used for the carriage of goods and having a maximum mass exceeding 12 tonnes","Other fuel types","Main use (own account and hire or reward)","Co. Wexford","Number",""
"Goods vehicles","2024","N3 - Vehicles used for the carriage of goods and having a maximum mass exceeding 12 tonnes","Other fuel types","Main use (own account and hire or reward)","Ireland","Number","167"
"Goods vehicles","2024","N3 - Vehicles used for the carriage of goods and having a maximum mass exceeding 12 tonnes","Other fuel types","Hire or reward","Co. Clare","Number","4"
"Goods vehicles","2024","N3 - Vehicles used for the carriage of goods and having a maximum mass exceeding 12 tonnes","Other fuel types","Hire or reward","Co. Cork","Number","5"
"Goods vehicles","2024","N3 - Vehicles used for the carriage of goods and having a maximum mass exceeding 12 tonnes","Other fuel types","Hire or reward","Co. Cavan","Number","9"
"Goods vehicles","2024","N3 - Vehicles used for the carriage of goods and having a maximum mass exceeding 12 tonnes","Other fuel types","Hire or reward","Co. Carlow","Number",""
"Goods vehicles","2024","N3 - Vehicles used for the carriage of goods and having a maximum mass exceeding 12 tonnes","Other fuel types","Hire or reward","Co. Donegal","Number",""
"Goods vehicles","2024","N3 - Vehicles used for the carriage of goods and having a maximum mass exceeding 12 tonnes","Other fuel types","Hire or reward","Co. Dublin","Number","3"
"Goods vehicles","2024","N3 - Vehicles used for the carriage of goods and having a maximum mass exceeding 12 tonnes","Other fuel types","Hire or reward","Co. Galway","Number",""
"Goods vehicles","2024","N3 - Vehicles used for the carriage of goods and having a maximum mass exceeding 12 tonnes","Other fuel types","Hire or reward","Co. Kildare","Number","1"
"Goods vehicles","2024","N3 - Vehicles used for the carriage of goods and having a maximum mass exceeding 12 tonnes","Other fuel types","Hire or reward","Co. Kilkenny","Number",""
"Goods vehicles","2024","N3 - Vehicles used for the carriage of goods and having a maximum mass exceeding 12 tonnes","Other fuel types","Hire or reward","Co. Kerry","Number",""
"Goods vehicles","2024","N3 - Vehicles used for the carriage of goods and having a maximum mass exceeding 12 tonnes","Other fuel types","Hire or reward","Co. Longford","Number",""
"Goods vehicles","2024","N3 - Vehicles used for the carriage of goods and having a maximum mass exceeding 12 tonnes","Other fuel types","Hire or reward","Co. Louth","Number",""
"Goods vehicles","2024","N3 - Vehicles used for the carriage of goods and having a maximum mass exceeding 12 tonnes","Other fuel types","Hire or reward","Co. Limerick","Number","1"
"Goods vehicles","2024","N3 - Vehicles used for the carriage of goods and having a maximum mass exceeding 12 tonnes","Other fuel types","Hire or reward","Co. Leitrim","Number",""
"Goods vehicles","2024","N3 - Vehicles used for the carriage of goods and having a maximum mass exceeding 12 tonnes","Other fuel types","Hire or reward","Co. Laois","Number",""
"Goods vehicles","2024","N3 - Vehicles used for the carriage of goods and having a maximum mass exceeding 12 tonnes","Other fuel types","Hire or reward","Co. Meath","Number",""
"Goods vehicles","2024","N3 - Vehicles used for the carriage of goods and having a maximum mass exceeding 12 tonnes","Other fuel types","Hire or reward","Co. Monaghan","Number",""
"Goods vehicles","2024","N3 - Vehicles used for the carriage of goods and having a maximum mass exceeding 12 tonnes","Other fuel types","Hire or reward","Co. Mayo","Number",""
"Goods vehicles","2024","N3 - Vehicles used for the carriage of goods and having a maximum mass exceeding 12 tonnes","Other fuel types","Hire or reward","Co. Offaly","Number",""
"Goods vehicles","2024","N3 - Vehicles used for the carriage of goods and having a maximum mass exceeding 12 tonnes","Other fuel types","Hire or reward","Co. Roscommon","Number",""
"Goods vehicles","2024","N3 - Vehicles used for the carriage of goods and having a maximum mass exceeding 12 tonnes","Other fuel types","Hire or reward","Co. Sligo","Number",""
"Goods vehicles","2024","N3 - Vehicles used for the carriage of goods and having a maximum mass exceeding 12 tonnes","Other fuel types","Hire or reward","Co. Tipperary","Number",""
"Goods vehicles","2024","N3 - Vehicles used for the carriage of goods and having a maximum mass exceeding 12 tonnes","Other fuel types","Hire or reward","Co. Waterford","Number",""
"Goods vehicles","2024","N3 - Vehicles used for the carriage of goods and having a maximum mass exceeding 12 tonnes","Other fuel types","Hire or reward","Co. Wicklow","Number",""
"Goods vehicles","2024","N3 - Vehicles used for the carriage of goods and having a maximum mass exceeding 12 tonnes","Other fuel types","Hire or reward","Co. Westmeath","Number",""
"Goods vehicles","2024","N3 - Vehicles used for the carriage of goods and having a maximum mass exceeding 12 tonnes","Other fuel types","Hire or reward","Co. Wexford","Number",""
"Goods vehicles","2024","N3 - Vehicles used for the carriage of goods and having a maximum mass exceeding 12 tonnes","Other fuel types","Hire or reward","Ireland","Number","23"
"Goods vehicles","2024","N3 - Vehicles used for the carriage of goods and having a maximum mass exceeding 12 tonnes","Other fuel types","Own account","Co. Clare","Number",""
"Goods vehicles","2024","N3 - Vehicles used for the carriage of goods and having a maximum mass exceeding 12 tonnes","Other fuel types","Own account","Co. Cork","Number","8"
"Goods vehicles","2024","N3 - Vehicles used for the carriage of goods and having a maximum mass exceeding 12 tonnes","Other fuel types","Own account","Co. Cavan","Number","4"
"Goods vehicles","2024","N3 - Vehicles used for the carriage of goods and having a maximum mass exceeding 12 tonnes","Other fuel types","Own account","Co. Carlow","Number","1"
"Goods vehicles","2024","N3 - Vehicles used for the carriage of goods and having a maximum mass exceeding 12 tonnes","Other fuel types","Own account","Co. Donegal","Number",""
"Goods vehicles","2024","N3 - Vehicles used for the carriage of goods and having a maximum mass exceeding 12 tonnes","Other fuel types","Own account","Co. Dublin","Number","93"
"Goods vehicles","2024","N3 - Vehicles used for the carriage of goods and having a maximum mass exceeding 12 tonnes","Other fuel types","Own account","Co. Galway","Number","2"
"Goods vehicles","2024","N3 - Vehicles used for the carriage of goods and having a maximum mass exceeding 12 tonnes","Other fuel types","Own account","Co. Kildare","Number","19"
"Goods vehicles","2024","N3 - Vehicles used for the carriage of goods and having a maximum mass exceeding 12 tonnes","Other fuel types","Own account","Co. Kilkenny","Number",""
"Goods vehicles","2024","N3 - Vehicles used for the carriage of goods and having a maximum mass exceeding 12 tonnes","Other fuel types","Own account","Co. Kerry","Number",""
"Goods vehicles","2024","N3 - Vehicles used for the carriage of goods and having a maximum mass exceeding 12 tonnes","Other fuel types","Own account","Co. Longford","Number","1"
"Goods vehicles","2024","N3 - Vehicles used for the carriage of goods and having a maximum mass exceeding 12 tonnes","Other fuel types","Own account","Co. Louth","Number","1"
"Goods vehicles","2024","N3 - Vehicles used for the carriage of goods and having a maximum mass exceeding 12 tonnes","Other fuel types","Own account","Co. Limerick","Number","2"
"Goods vehicles","2024","N3 - Vehicles used for the carriage of goods and having a maximum mass exceeding 12 tonnes","Other fuel types","Own account","Co. Leitrim","Number",""
"Goods vehicles","2024","N3 - Vehicles used for the carriage of goods and having a maximum mass exceeding 12 tonnes","Other fuel types","Own account","Co. Laois","Number",""
"Goods vehicles","2024","N3 - Vehicles used for the carriage of goods and having a maximum mass exceeding 12 tonnes","Other fuel types","Own account","Co. Meath","Number","11"
"Goods vehicles","2024","N3 - Vehicles used for the carriage of goods and having a maximum mass exceeding 12 tonnes","Other fuel types","Own account","Co. Monaghan","Number","2"
"Goods vehicles","2024","N3 - Vehicles used for the carriage of goods and having a maximum mass exceeding 12 tonnes","Other fuel types","Own account","Co. Mayo","Number",""
"Goods vehicles","2024","N3 - Vehicles used for the carriage of goods and having a maximum mass exceeding 12 tonnes","Other fuel types","Own account","Co. Offaly","Number",""
"Goods vehicles","2024","N3 - Vehicles used for the carriage of goods and having a maximum mass exceeding 12 tonnes","Other fuel types","Own account","Co. Roscommon","Number",""
"Goods vehicles","2024","N3 - Vehicles used for the carriage of goods and having a maximum mass exceeding 12 tonnes","Other fuel types","Own account","Co. Sligo","Number",""
"Goods vehicles","2024","N3 - Vehicles used for the carriage of goods and having a maximum mass exceeding 12 tonnes","Other fuel types","Own account","Co. Tipperary","Number",""
"Goods vehicles","2024","N3 - Vehicles used for the carriage of goods and having a maximum mass exceeding 12 tonnes","Other fuel types","Own account","Co. Waterford","Number",""
"Goods vehicles","2024","N3 - Vehicles used for the carriage of goods and having a maximum mass exceeding 12 tonnes","Other fuel types","Own account","Co. Wicklow","Number",""
"Goods vehicles","2024","N3 - Vehicles used for the carriage of goods and having a maximum mass exceeding 12 tonnes","Other fuel types","Own account","Co. Westmeath","Number",""
"Goods vehicles","2024","N3 - Vehicles used for the carriage of goods and having a maximum mass exceeding 12 tonnes","Other fuel types","Own account","Co. Wexford","Number",""
"Goods vehicles","2024","N3 - Vehicles used for the carriage of goods and having a maximum mass exceeding 12 tonnes","Other fuel types","Own account","Ireland","Number","144"
"Goods vehicles","2024","N3 - Vehicles used for the carriage of goods and having a maximum mass exceeding 12 tonnes","All fuel types","Main use (own account and hire or reward)","Co. Clare","Number","682"
"Goods vehicles","2024","N3 - Vehicles used for the carriage of goods and having a maximum mass exceeding 12 tonnes","All fuel types","Main use (own account and hire or reward)","Co. Cork","Number","4316"
"Goods vehicles","2024","N3 - Vehicles used for the carriage of goods and having a maximum mass exceeding 12 tonnes","All fuel types","Main use (own account and hire or reward)","Co. Cavan","Number","770"
"Goods vehicles","2024","N3 - Vehicles used for the carriage of goods and having a maximum mass exceeding 12 tonnes","All fuel types","Main use (own account and hire or reward)","Co. Carlow","Number","700"
"Goods vehicles","2024","N3 - Vehicles used for the carriage of goods and having a maximum mass exceeding 12 tonnes","All fuel types","Main use (own account and hire or reward)","Co. Donegal","Number","1168"
"Goods vehicles","2024","N3 - Vehicles used for the carriage of goods and having a maximum mass exceeding 12 tonnes","All fuel types","Main use (own account and hire or reward)","Co. Dublin","Number","7899"
"Goods vehicles","2024","N3 - Vehicles used for the carriage of goods and having a maximum mass exceeding 12 tonnes","All fuel types","Main use (own account and hire or reward)","Co. Galway","Number","1827"
"Goods vehicles","2024","N3 - Vehicles used for the carriage of goods and having a maximum mass exceeding 12 tonnes","All fuel types","Main use (own account and hire or reward)","Co. Kildare","Number","2034"
"Goods vehicles","2024","N3 - Vehicles used for the carriage of goods and having a maximum mass exceeding 12 tonnes","All fuel types","Main use (own account and hire or reward)","Co. Kilkenny","Number","1107"
"Goods vehicles","2024","N3 - Vehicles used for the carriage of goods and having a maximum mass exceeding 12 tonnes","All fuel types","Main use (own account and hire or reward)","Co. Kerry","Number","914"
"Goods vehicles","2024","N3 - Vehicles used for the carriage of goods and having a maximum mass exceeding 12 tonnes","All fuel types","Main use (own account and hire or reward)","Co. Longford","Number","506"
"Goods vehicles","2024","N3 - Vehicles used for the carriage of goods and having a maximum mass exceeding 12 tonnes","All fuel types","Main use (own account and hire or reward)","Co. Louth","Number","864"
"Goods vehicles","2024","N3 - Vehicles used for the carriage of goods and having a maximum mass exceeding 12 tonnes","All fuel types","Main use (own account and hire or reward)","Co. Limerick","Number","1706"
"Goods vehicles","2024","N3 - Vehicles used for the carriage of goods and having a maximum mass exceeding 12 tonnes","All fuel types","Main use (own account and hire or reward)","Co. Leitrim","Number","207"
"Goods vehicles","2024","N3 - Vehicles used for the carriage of goods and having a maximum mass exceeding 12 tonnes","All fuel types","Main use (own account and hire or reward)","Co. Laois","Number","817"
"Goods vehicles","2024","N3 - Vehicles used for the carriage of goods and having a maximum mass exceeding 12 tonnes","All fuel types","Main use (own account and hire or reward)","Co. Meath","Number","2072"
"Goods vehicles","2024","N3 - Vehicles used for the carriage of goods and having a maximum mass exceeding 12 tonnes","All fuel types","Main use (own account and hire or reward)","Co. Monaghan","Number","1486"
"Goods vehicles","2024","N3 - Vehicles used for the carriage of goods and having a maximum mass exceeding 12 tonnes","All fuel types","Main use (own account and hire or reward)","Co. Mayo","Number","1003"
"Goods vehicles","2024","N3 - Vehicles used for the carriage of goods and having a maximum mass exceeding 12 tonnes","All fuel types","Main use (own account and hire or reward)","Co. Offaly","Number","610"
"Goods vehicles","2024","N3 - Vehicles used for the carriage of goods and having a maximum mass exceeding 12 tonnes","All fuel types","Main use (own account and hire or reward)","Co. Roscommon","Number","542"
"Goods vehicles","2024","N3 - Vehicles used for the carriage of goods and having a maximum mass exceeding 12 tonnes","All fuel types","Main use (own account and hire or reward)","Co. Sligo","Number","421"
"Goods vehicles","2024","N3 - Vehicles used for the carriage of goods and having a maximum mass exceeding 12 tonnes","All fuel types","Main use (own account and hire or reward)","Co. Tipperary","Number","1552"
"Goods vehicles","2024","N3 - Vehicles used for the carriage of goods and having a maximum mass exceeding 12 tonnes","All fuel types","Main use (own account and hire or reward)","Co. Waterford","Number","515"
"Goods vehicles","2024","N3 - Vehicles used for the carriage of goods and having a maximum mass exceeding 12 tonnes","All fuel types","Main use (own account and hire or reward)","Co. Wicklow","Number","758"
"Goods vehicles","2024","N3 - Vehicles used for the carriage of goods and having a maximum mass exceeding 12 tonnes","All fuel types","Main use (own account and hire or reward)","Co. Westmeath","Number","617"
"Goods vehicles","2024","N3 - Vehicles used for the carriage of goods and having a maximum mass exceeding 12 tonnes","All fuel types","Main use (own account and hire or reward)","Co. Wexford","Number","1975"
"Goods vehicles","2024","N3 - Vehicles used for the carriage of goods and having a maximum mass exceeding 12 tonnes","All fuel types","Main use (own account and hire or reward)","Ireland","Number","37068"
"Goods vehicles","2024","N3 - Vehicles used for the carriage of goods and having a maximum mass exceeding 12 tonnes","All fuel types","Hire or reward","Co. Clare","Number","487"
"Goods vehicles","2024","N3 - Vehicles used for the carriage of goods and having a maximum mass exceeding 12 tonnes","All fuel types","Hire or reward","Co. Cork","Number","898"
"Goods vehicles","2024","N3 - Vehicles used for the carriage of goods and having a maximum mass exceeding 12 tonnes","All fuel types","Hire or reward","Co. Cavan","Number","253"
"Goods vehicles","2024","N3 - Vehicles used for the carriage of goods and having a maximum mass exceeding 12 tonnes","All fuel types","Hire or reward","Co. Carlow","Number","77"
"Goods vehicles","2024","N3 - Vehicles used for the carriage of goods and having a maximum mass exceeding 12 tonnes","All fuel types","Hire or reward","Co. Donegal","Number","407"
"Goods vehicles","2024","N3 - Vehicles used for the carriage of goods and having a maximum mass exceeding 12 tonnes","All fuel types","Hire or reward","Co. Dublin","Number","993"
"Goods vehicles","2024","N3 - Vehicles used for the carriage of goods and having a maximum mass exceeding 12 tonnes","All fuel types","Hire or reward","Co. Galway","Number","315"
"Goods vehicles","2024","N3 - Vehicles used for the carriage of goods and having a maximum mass exceeding 12 tonnes","All fuel types","Hire or reward","Co. Kildare","Number","338"
"Goods vehicles","2024","N3 - Vehicles used for the carriage of goods and having a maximum mass exceeding 12 tonnes","All fuel types","Hire or reward","Co. Kilkenny","Number","225"
"Goods vehicles","2024","N3 - Vehicles used for the carriage of goods and having a maximum mass exceeding 12 tonnes","All fuel types","Hire or reward","Co. Kerry","Number","156"
"Goods vehicles","2024","N3 - Vehicles used for the carriage of goods and having a maximum mass exceeding 12 tonnes","All fuel types","Hire or reward","Co. Longford","Number","48"
"Goods vehicles","2024","N3 - Vehicles used for the carriage of goods and having a maximum mass exceeding 12 tonnes","All fuel types","Hire or reward","Co. Louth","Number","183"
"Goods vehicles","2024","N3 - Vehicles used for the carriage of goods and having a maximum mass exceeding 12 tonnes","All fuel types","Hire or reward","Co. Limerick","Number","269"
"Goods vehicles","2024","N3 - Vehicles used for the carriage of goods and having a maximum mass exceeding 12 tonnes","All fuel types","Hire or reward","Co. Leitrim","Number","67"
"Goods vehicles","2024","N3 - Vehicles used for the carriage of goods and having a maximum mass exceeding 12 tonnes","All fuel types","Hire or reward","Co. Laois","Number","171"
"Goods vehicles","2024","N3 - Vehicles used for the carriage of goods and having a maximum mass exceeding 12 tonnes","All fuel types","Hire or reward","Co. Meath","Number","371"
"Goods vehicles","2024","N3 - Vehicles used for the carriage of goods and having a maximum mass exceeding 12 tonnes","All fuel types","Hire or reward","Co. Monaghan","Number","91"
"Goods vehicles","2024","N3 - Vehicles used for the carriage of goods and having a maximum mass exceeding 12 tonnes","All fuel types","Hire or reward","Co. Mayo","Number","131"
"Goods vehicles","2024","N3 - Vehicles used for the carriage of goods and having a maximum mass exceeding 12 tonnes","All fuel types","Hire or reward","Co. Offaly","Number","204"
"Goods vehicles","2024","N3 - Vehicles used for the carriage of goods and having a maximum mass exceeding 12 tonnes","All fuel types","Hire or reward","Co. Roscommon","Number","99"
"Goods vehicles","2024","N3 - Vehicles used for the carriage of goods and having a maximum mass exceeding 12 tonnes","All fuel types","Hire or reward","Co. Sligo","Number","81"
"Goods vehicles","2024","N3 - Vehicles used for the carriage of goods and having a maximum mass exceeding 12 tonnes","All fuel types","Hire or reward","Co. Tipperary","Number","384"
"Goods vehicles","2024","N3 - Vehicles used for the carriage of goods and having a maximum mass exceeding 12 tonnes","All fuel types","Hire or reward","Co. Waterford","Number","31"
"Goods vehicles","2024","N3 - Vehicles used for the carriage of goods and having a maximum mass exceeding 12 tonnes","All fuel types","Hire or reward","Co. Wicklow","Number","165"
"Goods vehicles","2024","N3 - Vehicles used for the carriage of goods and having a maximum mass exceeding 12 tonnes","All fuel types","Hire or reward","Co. Westmeath","Number","236"
"Goods vehicles","2024","N3 - Vehicles used for the carriage of goods and having a maximum mass exceeding 12 tonnes","All fuel types","Hire or reward","Co. Wexford","Number","584"
"Goods vehicles","2024","N3 - Vehicles used for the carriage of goods and having a maximum mass exceeding 12 tonnes","All fuel types","Hire or reward","Ireland","Number","7264"
"Goods vehicles","2024","N3 - Vehicles used for the carriage of goods and having a maximum mass exceeding 12 tonnes","All fuel types","Own account","Co. Clare","Number","195"
"Goods vehicles","2024","N3 - Vehicles used for the carriage of goods and having a maximum mass exceeding 12 tonnes","All fuel types","Own account","Co. Cork","Number","3418"
"Goods vehicles","2024","N3 - Vehicles used for the carriage of goods and having a maximum mass exceeding 12 tonnes","All fuel types","Own account","Co. Cavan","Number","517"
"Goods vehicles","2024","N3 - Vehicles used for the carriage of goods and having a maximum mass exceeding 12 tonnes","All fuel types","Own account","Co. Carlow","Number","623"
"Goods vehicles","2024","N3 - Vehicles used for the carriage of goods and having a maximum mass exceeding 12 tonnes","All fuel types","Own account","Co. Donegal","Number","761"
"Goods vehicles","2024","N3 - Vehicles used for the carriage of goods and having a maximum mass exceeding 12 tonnes","All fuel types","Own account","Co. Dublin","Number","6906"
"Goods vehicles","2024","N3 - Vehicles used for the carriage of goods and having a maximum mass exceeding 12 tonnes","All fuel types","Own account","Co. Galway","Number","1512"
"Goods vehicles","2024","N3 - Vehicles used for the carriage of goods and having a maximum mass exceeding 12 tonnes","All fuel types","Own account","Co. Kildare","Number","1696"
"Goods vehicles","2024","N3 - Vehicles used for the carriage of goods and having a maximum mass exceeding 12 tonnes","All fuel types","Own account","Co. Kilkenny","Number","882"
"Goods vehicles","2024","N3 - Vehicles used for the carriage of goods and having a maximum mass exceeding 12 tonnes","All fuel types","Own account","Co. Kerry","Number","758"
"Goods vehicles","2024","N3 - Vehicles used for the carriage of goods and having a maximum mass exceeding 12 tonnes","All fuel types","Own account","Co. Longford","Number","458"
"Goods vehicles","2024","N3 - Vehicles used for the carriage of goods and having a maximum mass exceeding 12 tonnes","All fuel types","Own account","Co. Louth","Number","681"
"Goods vehicles","2024","N3 - Vehicles used for the carriage of goods and having a maximum mass exceeding 12 tonnes","All fuel types","Own account","Co. Limerick","Number","1437"
"Goods vehicles","2024","N3 - Vehicles used for the carriage of goods and having a maximum mass exceeding 12 tonnes","All fuel types","Own account","Co. Leitrim","Number","140"
"Goods vehicles","2024","N3 - Vehicles used for the carriage of goods and having a maximum mass exceeding 12 tonnes","All fuel types","Own account","Co. Laois","Number","646"
"Goods vehicles","2024","N3 - Vehicles used for the carriage of goods and having a maximum mass exceeding 12 tonnes","All fuel types","Own account","Co. Meath","Number","1701"
"Goods vehicles","2024","N3 - Vehicles used for the carriage of goods and having a maximum mass exceeding 12 tonnes","All fuel types","Own account","Co. Monaghan","Number","1395"
"Goods vehicles","2024","N3 - Vehicles used for the carriage of goods and having a maximum mass exceeding 12 tonnes","All fuel types","Own account","Co. Mayo","Number","872"
"Goods vehicles","2024","N3 - Vehicles used for the carriage of goods and having a maximum mass exceeding 12 tonnes","All fuel types","Own account","Co. Offaly","Number","406"
"Goods vehicles","2024","N3 - Vehicles used for the carriage of goods and having a maximum mass exceeding 12 tonnes","All fuel types","Own account","Co. Roscommon","Number","443"
"Goods vehicles","2024","N3 - Vehicles used for the carriage of goods and having a maximum mass exceeding 12 tonnes","All fuel types","Own account","Co. Sligo","Number","340"
"Goods vehicles","2024","N3 - Vehicles used for the carriage of goods and having a maximum mass exceeding 12 tonnes","All fuel types","Own account","Co. Tipperary","Number","1168"
"Goods vehicles","2024","N3 - Vehicles used for the carriage of goods and having a maximum mass exceeding 12 tonnes","All fuel types","Own account","Co. Waterford","Number","484"
"Goods vehicles","2024","N3 - Vehicles used for the carriage of goods and having a maximum mass exceeding 12 tonnes","All fuel types","Own account","Co. Wicklow","Number","593"
"Goods vehicles","2024","N3 - Vehicles used for the carriage of goods and having a maximum mass exceeding 12 tonnes","All fuel types","Own account","Co. Westmeath","Number","381"
"Goods vehicles","2024","N3 - Vehicles used for the carriage of goods and having a maximum mass exceeding 12 tonnes","All fuel types","Own account","Co. Wexford","Number","1391"
"Goods vehicles","2024","N3 - Vehicles used for the carriage of goods and having a maximum mass exceeding 12 tonnes","All fuel types","Own account","Ireland","Number","29804"
